id,pdf_page,diplomatic,normalised,english,afrikaans
NL-UtHUA_A363596_00001,1,"<pb n=""1"" source=""NL-UtHUA_A363596_000001.jpg"" />","<pb n=""1"" source=""NL-UtHUA_A363596_000001.jpg"" />","<pb n=""1"" source=""NL-UtHUA_A363596_000001.jpg"" />",Wird geladen...
NL-UtHUA_A363596_00002,1,P.A.I.,P.A.I.,P.A.I.,P.A.I.
NL-UtHUA_A363596_00003,1,R.5.E.,R.5.E.,R.5.E.,R.5.E.
NL-UtHUA_A363596_00004,1,6.,6.,6.,6.
NL-UtHUA_A363596_00005,1,Diarium der 3 Brüder,Tagebuch der 3 Brüder,Diary of the 3 Brothers,Dagboek van die 3 Broers
NL-UtHUA_A363596_00006,1,Auf dem Kaap.,Auf dem Kap.,At the cape.,By die kaap.
NL-UtHUA_A363596_00007,1,1795-96.,1795-96.,Wird geladen...,1795-96.
NL-UtHUA_A363596_00008,1,"<pb n=""2"" source=""NL-UtHUA_A363596_000002.jpg"" />","<pb n=""2"" source=""NL-UtHUA_A363596_000002.jpg"" />","<pb n=""2"" source=""NL-UtHUA_A363596_000002.jpg"" />","<pb n=""2"" bron=""NL-UtHUA_A363596_000002.jpg"" />"
NL-UtHUA_A363596_00009,1,Diaria,Tagebücher,Wird geladen...,Dagboeke
NL-UtHUA_A363596_00010,1,der 3 Brüder auf der Caap,der 3 Brüder am Kap,the 3 brothers at the Cape,die 3 broers aan die Kaap
NL-UtHUA_A363596_00011,1,vom 1t bis 31te Merz 1795,vom 1. bis 31. März 1795,"from March 1st to 31st, 1795",van 1 tot 31 Maart 1795
NL-UtHUA_A363596_00012,1,"Den 5te Merz hauß kam der Schumacher Johs, ein","Am 5. März kam der Schuhmacher Johs. ins Haus, ein","On March 5th, the shoemaker Johs. came to the house, a","Op 5 Maart het die skoenmaker Johs. na die huis gekom, 'n"
NL-UtHUA_A363596_00013,1,"Teutscher, er wohnt 4 Meilen von hier mit noch einem",Deutscher. Er wohnt vier Meilen von hier mit noch einem,German. He lives four miles from here with another person.,Duits. Hy woon vier myl van hier af saam met 'n ander persoon.
NL-UtHUA_A363596_00014,1,"teutschen, namens Rudolf, der in Neudietendorf","Deutschen namens Rudolf, der in Neudietendorf",Wird geladen...,"Duitser met die naam Rudolf, wat in Neudietendorf gewoon het"
NL-UtHUA_A363596_00015,1,"bekant ist, er ist in Sachsen Gotha geboren, u ist",bekannt ist. Er ist in Sachsen-Gotha geboren und ist,is known. He was born in Saxe-Gotha and is,is bekend. Hy is in Sakse-Gotha gebore en is
NL-UtHUA_A363596_00016,1,"14 Tage in Neudietendorf geweſen, u wolte ein",14 Tage in Neudietendorf gewesen und wollte ein,I had been in Neudietendorf for 14 days and wanted to,Ek was al 14 dae in Neudietendorf en wou
NL-UtHUA_A363596_00017,1,"Zimmerman werden, ist von da fort gegangen u ein",Zimmermann werden. Er ist von dort fortgegangen und ein,He became a carpenter. He left there and became a,Hy het 'n skrynwerker geword. Hy het daar weggegaan en 'n
NL-UtHUA_A363596_00018,1,Schumacher geworden. Nun ist er 10 Jahren hier.,Schuhmacher geworden. Nun ist er seit zehn Jahren hier.,He became a shoemaker. Now he's been here for ten years.,Hy het 'n skoenmaker geword. Nou is hy al tien jaar hier.
NL-UtHUA_A363596_00019,1,"Er ſagte, es gereue ihn, wen er daran dächte, daß","Er sagte, es reue ihn, wenn er daran dächte, dass",He said he regretted it when he thought about that,Hy het gesê hy het dit berou toe hy daaraan gedink het
NL-UtHUA_A363596_00020,1,er nicht da geblieben ſey. Nachher kam auch die Juffr.,er nicht dort geblieben sei. Nachher kam auch die Juffrau,he hadn't stayed there. Later the maiden also arrived.,Hy het nie daar gebly nie. Later het die meisie ook aangekom.
NL-UtHUA_A363596_00021,1,"Teunis mit ihrer Schweſter, u ihrer Kinder. Wir",Teunis mit ihrer Schwester und ihren Kindern. Wir,Teunis with her sister and her children. We,Teunis saam met haar suster en haar kinders. Ons
NL-UtHUA_A363596_00022,1,"waren ſehr verwundert über dieſen Beſuch, weil","waren sehr verwundert über diesen Besuch, weil",were very surprised by this visit because,was baie verbaas oor hierdie besoek omdat
NL-UtHUA_A363596_00023,1,ſie gegenwärtig doch ſo ſehr feindſelig ist. Sie,sie gegenwärtig doch so sehr feindselig ist. Sie,She is currently so hostile.,Sy is tans so vyandiggesind.
NL-UtHUA_A363596_00024,1,"wohnten alle das Vorkomst bey, in welcher br.","wohnten alle dem Gottesdienst bei, in welchem Bruder",all attended the service in which brother,almal het die diens bygewoon waarin broer
NL-UtHUA_A363596_00025,1,"Marsveld über Matth: 15, vom 21te bis 28 Vers","Marsveld über Matthäus 15, vom 21. bis 28. Vers",Wird geladen...,"Marsveld oor Matteus 15, verse 21 tot 28"
NL-UtHUA_A363596_00026,1,"ſprach. Nachher ging die Juffr. Teunis in die Küche,",sprach. Nachher ging die Juffrau Teunis in die Küche,"spoke. Afterwards, the maid Teunis went into the kitchen.",gepraat. Daarna het die bediende Teunis die kombuis binnegegaan.
NL-UtHUA_A363596_00027,1,u fing an ungleublichen Zank mit unſerer,und fing einen unglaublichen Zank mit unserer,and started an incredible fight with our,en het 'n ongelooflike geveg met ons begin
NL-UtHUA_A363596_00028,1,Schw. Martha an. Die Urſach war dieſe: Mar=,Schwester Martha an. Die Ursache war diese: Martha,Sister Martha. The reason was this: Martha,Suster Martha. Die rede was dit: Martha
NL-UtHUA_A363596_00029,1,tha ist lazt bey ihr geweſen auf der Post gewe=,"war zuletzt bei ihr auf der Post gewesen,","had last been to her post office,","was laas by haar poskantoor,"
NL-UtHUA_A363596_00030,1,"ſen, da eine von ihren Sclaven zur Martha",als eine ihrer Sklavinnen zu Martha,as one of her slaves to Martha,as een van haar slawe aan Martha
NL-UtHUA_A363596_00031,1,ſagte; daß es oft gruſellig in dem Hauße,"sagte, dass es oft gruselig in dem Haus",said that it was often creepy in the house,het gesê dat dit dikwels griezelig in die huis was
NL-UtHUA_A363596_00032,1,"über uns los ginge, u oft ſehr ſchlecht von uns",über uns herginge und oft sehr schlecht von uns,would be treated very badly by us and often very badly by us,sou baie sleg deur ons behandel word en dikwels baie sleg deur ons
NL-UtHUA_A363596_00033,1,"geredet werde. Dieſes hat Martha uns geſagt,","geredet werde. Dies hat Martha uns gesagt,",Wird geladen...,Daar sal oor ons gepraat word. Martha het ons dit vertel.
NL-UtHUA_A363596_00034,1,welches die Juffr. Teunis wieder erfahren hat.,was die Juffrau Teunis wiederum erfahren hat.,"which the maid Teunis, in turn, learned.",Wird geladen...
NL-UtHUA_A363596_00035,1,"Darüber war ſie ſo aufgebracht, u ſagte:",Darüber war sie so aufgebracht und sagte:,She was so upset about this and said:,Sy was so ontsteld hieroor en het gesê:
NL-UtHUA_A363596_00036,1,"das hätte ſie uns nicht, ſondern ihr ſagen","das hätte sie nicht uns, sondern ihr sagen","She should have told that to her, not us.","Sy moes dit vir haar gesê het, nie vir ons nie."
NL-UtHUA_A363596_00037,1,ſollen; ſo hätte ſie die Sclavin dafür ſtra=,sollen; so hätte sie die Sklavin dafür bestra=,Wird geladen...,moes; dan sou sy die slavin daarvoor gestraf het.
NL-UtHUA_A363596_00038,1,"<pb n=""3a"" source=""NL-UtHUA_A363596_000003.jpg"" />","<pb n=""3a"" source=""NL-UtHUA_A363596_000003.jpg"" />","<pb n=""3a"" source=""NL-UtHUA_A363596_000003.jpg"" />","<pb n=""3a"" source=""NL-UtHUA_A363596_000003.jpg"" />"
NL-UtHUA_A363596_00039,1,fen wollen. Die Juffr. Teunis läugnete aber,fen wollen. Die Juffrau Teunis leugnete aber,They wanted to. But the maid Teunis denied it.,Hulle wou. Maar die bediende Teunis het dit ontken.
NL-UtHUA_A363596_00040,1,"alles, was ſie von uns ſoll geredt haben; u","alles, was sie von uns geredet haben soll; und",everything she supposedly said about us; and,alles wat sy kwansuis oor ons gesê het; en
NL-UtHUA_A363596_00041,1,"ſagte, daß es lauter Lügen wären. dieſes","sagte, dass es lauter Lügen wären. Dies",said that they were all lies. This,het gesê dat hulle alles leuens was. Dit
NL-UtHUA_A363596_00042,1,"ist eine Frau, daß ſie das, was ſie heute ſagt,","ist eine Frau, die das, was sie heute sagt,",Wird geladen...,"is 'n vrou wat sê wat sy vandag sê,"
NL-UtHUA_A363596_00043,1,"morgen gerade zu weg läugnet, nein Nein u","morgen glattweg leugnet, nein, nein und",Wird geladen...,"môre ontken dit botweg, nee, nee en"
NL-UtHUA_A363596_00044,1,"Nein. dieſes war, ſo wie ſie ſagte, die Urſach","nein. Dies war, so wie sie sagte, die Ursache","No. This was, as she said, the cause.","Nee. Dit was, soos sy gesê het, die oorsaak."
NL-UtHUA_A363596_00045,1,"ihres Komens, um ſich einmal recht aus zu","ihres Kommens, um sich einmal richtig auszu=",their coming to really get themselves out=,hulle kom regtig om hulself uit te kry =
NL-UtHUA_A363596_00046,1,"lähren. Sobald ſie damit fertig war, fuhr ſie","sprechen. Sobald sie damit fertig war, fuhr sie","speak. As soon as she had finished, she drove off.","praat. Sodra sy klaar was, het sy weggery."
NL-UtHUA_A363596_00047,1,"gleich fort auf ihren Platz, u blieb nicht zum",gleich fort zu ihrem Platz und blieb nicht zum,immediately went to her seat and did not stay for long.,het dadelik na haar sitplek gegaan en nie lank gebly nie.
NL-UtHUA_A363596_00048,1,Eſſen da das der Schumacher Johns fuhr nach=,Essen da. Der Schuhmacher Johns fuhr nach=,Food there. The shoemaker Johns went to=,Kos daar. Die skoenmaker Johns het na= gegaan
NL-UtHUA_A363596_00049,1,mittag fort. Gegen Abend ſahen wir ihn,mittag fort. Gegen Abend sahen wir ihn,We left at noon. Towards evening we saw him again.,Ons het teen twaalfuur vertrek. Teen die aand het ons hom weer gesien.
NL-UtHUA_A363596_00050,1,"u den andern, als auch den Jungen den er","und den anderen, sowie den Jungen, den er","and the others, as well as the boy he","en die ander, sowel as die seun wat hy"
NL-UtHUA_A363596_00051,1,"bey ſich hatte, wieder koman. Die Urſach war","bei sich hatte, wiederkommen. Die Ursache war","had with him, come back. The cause was","het saam met hom gehad, kom terug. Die oorsaak was"
NL-UtHUA_A363596_00052,1,dieſe: Es hatte in dieſen Tagen in den ber=,diese: Es hatte in diesen Tagen in den Bergen,This: It had been happening in the mountains these days,Dit: Dit het deesdae in die berge gebeur
NL-UtHUA_A363596_00053,1,"gen ſtark geregnet, daher war das Rivir","stark geregnet, daher war der Fluss","It had rained heavily, therefore the river was","Dit het swaar gereën, daarom was die rivier"
NL-UtHUA_A363596_00054,1,"Sonder End ſtark angelaufen, daß die Ochſen","Sonder End stark angeschwollen, sodass die Ochsen","Sonder End severely swollen, so that the oxen","Sonder End erg geswel, sodat die osse"
NL-UtHUA_A363596_00055,1,ſchwimmen mußten. Hiefer zu hatten ſie einen,schwimmen mussten. Hierfür hatten sie einen,They had to swim.,Wird geladen...
NL-UtHUA_A363596_00056,1,"Hottentotten mit genoman, welcher neben den","Hottentotten mitgenommen, welcher neben den","Hottentots taken along, which next to the","Hottentotte saamgeneem, wat langs die"
NL-UtHUA_A363596_00057,1,"Ochſen her ſchwamm, u ſie damit regierte. Hier gin=",Ochsen her schwamm und sie damit lenkte. Hier gin=,Wird geladen...,Die osse het hierheen geswem en haar saam met hulle gestuur. Hierheen het gegaan=
NL-UtHUA_A363596_00058,1,"gen dieſe 3 über einen Baum, welcher über den","gen diese drei über einen Baum, welcher über den",These three crossed a tree which crossed the,Hierdie drie het 'n boom oorgesteek wat die
NL-UtHUA_A363596_00059,1,"Fluß liegt, um wieder einen Hottent: zu ſuchen.","Fluss liegt, um wieder einen Hottentotten zu suchen.","The river lies there, in order to search for another Hottentot.","Die rivier lê daar, om na 'n ander Hottentot te soek."
NL-UtHUA_A363596_00060,1,"Der Sclave welcher der Fuhrman war, dachte,","Der Sklave, welcher der Fuhrmann war, dachte,","The slave, who was the carter, thought,","Die slaaf, wat die karwag was, het gedink,"
NL-UtHUA_A363596_00061,1,"die Ochſen ſollten wol eben ſchwimmen, u jagte","die Ochsen sollten wohl eben schwimmen, und jagte","The oxen were supposed to swim, and hunted",Die osse moes swem en jag
NL-UtHUA_A363596_00062,1,ſie hinein. Sie kamen aber etwas zu weit her=,sie hinein. Sie kamen aber etwas zu weit herun=,They went in. But they came a little too far.,Hulle het ingegaan. Maar hulle het 'n bietjie te ver gekom.
NL-UtHUA_A363596_00063,1,unter u geriethen in die mit dem,ter und gerieten in die mit dem,ter and got into the one with the,ter en het in die een met die geklim
NL-UtHUA_A363596_00064,1,"Wagen, daß ſie recht ſtecken blieben. Sie muß=","Wagen, dass sie richtig stecken blieben. Sie muss=",They risked getting stuck. She must=,Hulle het die risiko geloop om vas te sit. Sy moet=
NL-UtHUA_A363596_00065,1,"ten alſo alle Ochſen abſhneiden, wen ſie nicht","ten also alle Ochsen abschneiden, wenn sie nicht",ten also cut off all the oxen if they don't,tien kap ook al die osse af as hulle dit nie doen nie
NL-UtHUA_A363596_00066,1,er=,er=,er=,er=
NL-UtHUA_A363596_00067,1,"<pb n=""3b"" source=""NL-UtHUA_A363596_000003.jpg"" />","<pb n=""3b"" source=""NL-UtHUA_A363596_000003.jpg"" />","<pb n=""3b"" source=""NL-UtHUA_A363596_000003.jpg"" />",Wird geladen...
NL-UtHUA_A363596_00068,1,ſaufen ſolten. Dan ſchwammen die Ochſen heraus;,saufen sollten. Dann schwammen die Ochsen heraus;,They should drink. Then the oxen swam out;,Hulle moet drink. Toe swem die osse uit;
NL-UtHUA_A363596_00069,1,den Wagen aber müßten ſie die Nacht ſtecken,den Wagen aber mussten sie die Nacht stecken,But they had to leave the car overnight.,Maar hulle moes die motor oornag los.
NL-UtHUA_A363596_00070,1,"laſſen, u mehr Volk zu Hülfe holen. Sie blieben",lassen und mehr Leute zu Hilfe holen. Sie blieben,Leave and get more people to help. They stayed.,Gaan weg en kry meer mense om te help. Hulle het gebly.
NL-UtHUA_A363596_00071,1,"die Nacht da, u gingen den andern Tag, als ſie","die Nacht dort und gingen am anderen Tag, als sie",they spent the night there and left the next day when they,hulle het die nag daar deurgebring en die volgende dag vertrek toe hulle
NL-UtHUA_A363596_00072,1,"hörten, daß der Wagen heraus war, wieder fort.","hörten, dass der Wagen heraus war, wieder fort.","They heard that the car was out, and left again.","Hulle het gehoor dat die motor uit was, en weer vertrek."
NL-UtHUA_A363596_00073,1,"Noch ſpät Abends ließ die Juffr: Teunis anfragen,","Noch spät abends ließ die Juffrau Teunis anfragen,","Late in the evening, the maid Teunis sent out an inquiry.",Laat in die aand het die bediende Teunis 'n navraag uitgestuur.
NL-UtHUA_A363596_00074,1,"daß morgenhruß niemd zu ihr koman möchte,",dass morgens niemand zu ihr kommen möchte.,that nobody wants to come to her in the morning.,dat niemand soggens na haar toe wil kom nie.
NL-UtHUA_A363596_00075,1,(Sie war die Nacht auf ihrem Platz geblieben) br.,(Sie war die Nacht auf ihrem Platz geblieben.) Bruder,(She had stayed in her seat all night.) Brother,(Sy het die hele nag in haar sitplek gebly.) Broer
NL-UtHUA_A363596_00076,1,Kühnel ritt den,Kühnel ritt am,Wird geladen...,Kühnel het verder gery
NL-UtHUA_A363596_00077,2,2t hauß hin. Ihre Klage war: daß der Hottentotten,"2. ins Haus hin. Ihre Klage war, dass die Hottentotten",2. into the house. Their complaint was that the Hottentots,2. in die huis. Hul klagte was dat die Hottentotte
NL-UtHUA_A363596_00078,2,"ihr Vieh, den Garten ganz ruïniert hätten, da dieſe","ihr Vieh und den Garten ganz ruiniert hätten, da diese","They would have completely ruined their livestock and garden, since these","Hulle sou hul vee en tuin heeltemal verwoes het, aangesien hierdie"
NL-UtHUA_A363596_00079,2,"Nacht 35 Stück hinein gekoman wären, welche ſie","Nacht 35 Stück hineingekommen wären, welche sie","35 pieces had entered during the night, which they","35 stukke het gedurende die nag ingekom, wat hulle"
NL-UtHUA_A363596_00080,2,hatte in den Craal treiben laſſen. Auß die,in den Kraal treiben lassen hatte. Auf die,had been driven into the kraal.,was in die kraal ingedryf.
NL-UtHUA_A363596_00081,2,"Frage, was ſie machen ſollte? antwortete ihr br.","Frage, was sie machen sollte, antwortete ihr Bruder","""What should she do?"" her brother replied.",“Wat moet sy doen?” het haar broer geantwoord.
NL-UtHUA_A363596_00082,2,"Kühnel, daß wir nichts dafür könten, ſie müſſe","Kühnel, dass wir nichts dafür könnten, sie müsse","Kühnel, that we couldn't do anything about it, she had to","Kühnel, dat ons niks daaraan kon doen nie, sy moes"
NL-UtHUA_A363596_00083,2,"thun, was ihr das beſte dünkte. Indem ſie hierü=","tun, was ihr das Beste dünkte. Indem sie hierü=",to do what she thought was best. By doing this=,om te doen wat sy gedink het die beste was. Deur dit te doen =
NL-UtHUA_A363596_00084,2,"ber mit mir redte, kamen 30 Stück Vieh von den","ber mit mir redete, kamen 30 Stück Vieh von den",Wird geladen...,"Maar toe ek met hom gepraat het, het 30 beeste van die"
NL-UtHUA_A363596_00085,2,"Hottentotten auf den Garten zu. Da ſahen ſie nun,","Hottentotten auf den Garten zu. „Da sehen Sie nun,","Hottentots approached the garden. ""There you see,","Hottentotte het die tuin genader. ""Daar sien jy,"
NL-UtHUA_A363596_00086,2,"ſagte ſie, was ſoll ich thun, niemand ist dabey. Ich","sagte sie, was soll ich tun, niemand ist dabei. Ich","She said, ""What am I supposed to do? Nobody's here.""","Sy het gesê: ""Wat moet ek doen? Niemand is hier nie."""
NL-UtHUA_A363596_00087,2,"will ſie allezuſamen auf die Post treiben laſſen,","will sie allesamt auf die Post treiben lassen,","She wants to send them all to the post office,","Sy wil hulle almal poskantoor toe stuur,"
NL-UtHUA_A363596_00088,2,da könen ſie dan zu ſehen was mein Man mit,"da können sie dann zusehen, was mein Mann mit",Then they can watch what my husband does with,Dan kan hulle kyk wat my man doen
NL-UtHUA_A363596_00089,2,ihnen thun wird. br. Kühnel erwiderte; ſie ſolte,"ihnen tun wird.“ Bruder Kühnel erwiderte, sie sollte",“What will happen to them.” Brother Kühnel replied that she should,Wird geladen...
NL-UtHUA_A363596_00090,2,darin handeln wie ſie wolte. Sie ließ alſo das,"darin handeln, wie sie wollte. Sie ließ also das",She could act as she wished within it. So she let the,Wird geladen...
NL-UtHUA_A363596_00091,2,Vieh zu durch ihre Sclavin zuſamen treiben u,Vieh durch ihre Sklavin zusammentreiben und,her slave herds cattle together and,haar slaaf dryf beeste bymekaar en
NL-UtHUA_A363596_00092,2,"auf die Post bringen. Ich ſagte ihr, daß wirs bey","auf die Post bringen. Ich sagte ihr, dass wir es bei",to take it to the post office. I told her we'd take it when,om dit na die poskantoor te neem. Ek het vir haar gesê ons sal dit neem wanneer
NL-UtHUA_A363596_00093,2,den Hottentotten an Ermahnungen nicht fehlen,den Hottentotten an Ermahnungen nicht fehlen,The Hottentots should not lack admonitions,Die Hottentotte behoort nie tekort te skiet aan vermanings nie
NL-UtHUA_A363596_00094,2,"laſſen, daß ſie beſſer auf ihr Vieh paſſen ſollen,","lassen, dass sie besser auf ihr Vieh aufpassen sollen,","to make them take better care of their livestock,","om hulle beter na hul vee om te sien,"
NL-UtHUA_A363596_00095,2,es hielte aber ſchwer ſie in Ordnung zu bringen.,"es hielte aber schwer, sie in Ordnung zu bringen.","However, it would be difficult to fix them.",Dit sou egter moeilik wees om hulle reg te stel.
NL-UtHUA_A363596_00096,2,"Sie ſagte, ich kan mir es nicht vorſtellen, daß die","Sie sagte: „Ich kann mir es nicht vorstellen, dass die",She said: “I can’t imagine that the,Sy het gesê: “Ek kan my nie indink dat die
NL-UtHUA_A363596_00097,2,"<pb n=""4a"" source=""NL-UtHUA_A363596_000004.jpg"" />","<pb n=""4a"" source=""NL-UtHUA_A363596_000004.jpg"" />","<pb n=""4a"" source=""NL-UtHUA_A363596_000004.jpg"" />","<pb n=""4a"" bron=""NL-UtHUA_A363596_000004.jpg"" />"
NL-UtHUA_A363596_00098,2,"Hottentotten es nicht thun ſolten, was man ih=","Hottentotten es nicht tun sollten, was man ihnen",Wird geladen...,Hottentotte moenie doen wat hulle beveel word om te doen nie.
NL-UtHUA_A363596_00099,2,nen ſagt. Ich habe es oft ſelbſt geſehen u ge=,"sagt. Ich habe es oft selbst gesehen und gehört,","says. I have often seen and heard it myself,","sê. Ek het dit self al dikwels gesien en gehoor,"
NL-UtHUA_A363596_00100,2,"hört, wen man zu ihnen ſagt, daß ſie das oder","wenn man zu ihnen sagt, dass sie das oder",when you tell them that they should do that or,wanneer jy vir hulle sê dat hulle dit moet doen of
NL-UtHUA_A363596_00101,2,"das thun ſollen, ſo ſagen ſie: dieſes thun wir","das tun sollen, so sagen sie: ‚Dies tun wir",They say they should do that: 'This is what we do.',Hulle sê hulle moet dit doen: 'Dít is wat ons doen.'
NL-UtHUA_A363596_00102,2,"nicht mehr, den die Heeren (oder unſer Lehrer)","nicht mehr, denn die Herren (oder unser Lehrer)","no longer, because the gentlemen (or our teacher)","nie meer nie, want die here (of ons onderwyser)"
NL-UtHUA_A363596_00103,2,"haben geſagt, das ſey nicht gut, wir ſollen das","haben gesagt, das sei nicht gut, wir sollen das","They said that wasn't good, we should...","Hulle het gesê dis nie goed nie, ons moet..."
NL-UtHUA_A363596_00104,2,"nicht mehr thun; oder, wir wollen erst unſer Leh=",nicht mehr tun; oder: ‚Wir wollen erst unseren Lehrer,no longer do that; or: 'We want to see our teacher first.',doen dit nie meer nie; of: 'Ons wil eers ons onderwyser sien.'
NL-UtHUA_A363596_00105,2,"rer darum fragen, ob es gut ist, u da werden","darum fragen, ob es gut ist, und dann werden",Wird geladen...,"Vra dus of dit goed is, en dan sal hulle"
NL-UtHUA_A363596_00106,2,"ſie es nicht thun, wen ihr es ihnen verbietet.","sie es nicht tun, wenn ihr es ihnen verbietet.‘",They won't do it if you forbid them.',Hulle sal dit nie doen as jy hulle verbied nie.
NL-UtHUA_A363596_00107,2,"Sollten ſie dieſes nicht auch thun, u beſſer auf",Sollten sie dies nicht auch tun und besser auf,"Shouldn't they do this too, and better yet...","Moet hulle dit nie ook doen nie, en nog beter..."
NL-UtHUA_A363596_00108,2,ihr Vieh acht geben?,ihr Vieh Acht geben?“,"""Take care of your livestock?""","""Sorg vir jou vee?"""
NL-UtHUA_A363596_00109,2,"Den 3t redete br. Schwin über Joh: 12, 32. u","Am 3. redete Bruder Schwin über Johannes 12, 32 und","On the 3rd, Brother Schwin spoke about John 12:32 and",Op die 3de het Broer Schwin oor Johannes 12:32 gepraat en
NL-UtHUA_A363596_00110,2,die Singſtunde hielt br. Kühnel vor dem Hauß.,die Singstunde hielt Bruder Kühnel vor dem Haus.,Brother Kühnel held the singing lesson in front of the house.,Broer Kühnel het die sangles voor die huis gehou.
NL-UtHUA_A363596_00111,2,"Am 4t zu Mittag als wir aſſen, kam ein Hottentot","Am 4. zu Mittag, als wir aßen, kam ein Hottentotte",Wird geladen...,"Op die 4de om twaalfuur, terwyl ons geëet het, het 'n Hottentot verbygekom."
NL-UtHUA_A363596_00112,2,"u ſagte, daß ſo eben ein Man welcher einen","und sagte, dass soeben ein Mann, welcher einen",and said that just now a man who had a,en gesê dat nou net 'n man wat 'n
NL-UtHUA_A363596_00113,2,"Graben um ſeinen Garten machen wolte, ohn=","Graben um seinen Garten machen wollte, ohn=","He wanted to dig a ditch around his garden, without=","Hy wou 'n sloot om sy tuin grawe, sonder om"
NL-UtHUA_A363596_00114,2,mächtig geworden ſey. br. Marsveld ging gleich,mächtig geworden sei. Bruder Marsveld ging gleich,had become powerful. Brother Marsveld went immediately.,het magtig geword. Broer Marsveld het dadelik gegaan.
NL-UtHUA_A363596_00115,2,"mit, es zeigte ſich aber, daß er todt ſey. Er hatte","mit. Es zeigte sich aber, dass er tot sei. Er hatte",Wird geladen...,met. Maar dit het geblyk dat hy dood was. Hy het
NL-UtHUA_A363596_00116,2,"im beſten Wo graben geſagt: ich weiß nicht, mir","im besten Wortsinn grabend gesagt: „Ich weiß nicht, mir","To put it in the best sense of the word, digging deeply: ""I don't know, I don't know","Om dit in die beste sin van die woord te stel, diep delf: ""Ek weet nie, ek weet nie"
NL-UtHUA_A363596_00117,2,"wird ſo eklig, u wolte weg gehen, als er aber ein","wird so eklig“, und wollte weggehen. Als er aber ein","""It's getting so disgusting,"" and wanted to leave. But when he...","""Dit raak so walglik,"" en wou loop. Maar toe hy..."
NL-UtHUA_A363596_00118,2,"paar Schritte gegangen war, fiel er nieder, u","paar Schritte gegangen war, fiel er nieder und","After taking a few steps, he fell down and",Wird geladen...
NL-UtHUA_A363596_00119,2,gab kein Zeichen mehr von ſich. Abends laß,gab kein Zeichen mehr von sich. Abends las,He gave no further sign of life. In the evening he read,Hy het geen verdere teken van lewe gegee nie. In die aand het hy gelees
NL-UtHUA_A363596_00120,2,br. Kühnel das 2 Cap. der Apost. Geſch.,Bruder Kühnel das 2. Kapitel der Apostelgeschichte.,"Brother Kühnel, the second chapter of the Acts of the Apostles.","Broer Kühnel, die tweede hoofstuk van die Handelinge van die Apostels."
NL-UtHUA_A363596_00121,2,Am 5t wurde der geſtern geſtorben Man be=,Am 5. wurde der gestern gestorbene Mann be=,"On the 5th, the man who died yesterday was buried.","Op die 5de is die man wat gister oorlede is, begrawe."
NL-UtHUA_A363596_00122,2,"graben. Abends redete br. Kühnel über Joh: 13, 20.","graben. Abends redete Bruder Kühnel über Johannes 13, 20.","digging. In the evening, Brother Kühnel spoke about John 13:20.",grawe. In die aand het Broer Kühnel oor Johannes 13:20 gepraat.
NL-UtHUA_A363596_00123,2,Am 6t kam unſere Schw. Suſana wieder nach Hauß.,Am 6. kam unsere Schwester Susana wieder nach Hause.,Our sister Susana came home on the 6th.,Wird geladen...
NL-UtHUA_A363596_00124,2,Sie ist beym Land=drost nach Stellenbosch ge=,Sie ist beim Landdrost nach Stellenbosch ge=,She went to Stellenbosch to work for the Landdrost.,Sy het na Stellenbosch gegaan om vir die Landdros te werk.
NL-UtHUA_A363596_00125,2,"weſen, u beklagte ſich über einen Bauren,","wesen und beklagte sich über einen Bauern,","being and complained about a farmer,","en het oor 'n boer gekla,"
NL-UtHUA_A363596_00126,2,Na=,Na=,Na=,Na=
NL-UtHUA_A363596_127,2,"<pb n=""4b"" source=""NL-UtHUA_A363596_000004.jpg"" />","<pb n=""4b"" source=""NL-UtHUA_A363596_000004.jpg"" />","<pb n=""4b"" source=""NL-UtHUA_A363596_000004.jpg"" />","<pb n=""4b"" source=""NL-UtHUA_A363596_000004.jpg"" />"
NL-UtHUA_A363596_128,2,"Namens Stoffel Grunewald, bey welchem ihr Sohn","namens Stoffel Grunewald, bei welchem ihr Sohn","named Stoffel Grunewald, with whom her son","met die naam Stoffel Grunewald, met wie haar seun"
NL-UtHUA_A363596_129,2,"dient, u welchen ſie wieder haben wolte; der",dient und welchen sie wiederhaben wollte; der,serves and whom she wanted back; the,dien en wie sy wou terughê; die
NL-UtHUA_A363596_130,2,bauer wolte ihr ihn aber nicht mit geben. Ihr Sohn,Bauer wollte ihr ihn aber nicht mitgeben. Ihr Sohn,But the farmer refused to let her take it. Her son,Maar die boer het geweier dat sy dit neem. Haar seun
NL-UtHUA_A363596_131,2,"hat ſich auf einige Wochen, zum Ochſen hüthen, bey",hat sich auf einige Wochen zum Ochsenhüten bei,has committed to spending a few weeks herding oxen at,Wird geladen...
NL-UtHUA_A363596_132,2,"dem bauren vermiethet, u da ihr derſelbe ins","dem Bauern vermietet, und da derselbe ihr ins","rented to the farmer, and since he had moved her into the","aan die boer verhuur, en aangesien hy haar na die"
NL-UtHUA_A363596_133,2,"Korn gelaufen u Schaden angerichtet, ſoll er da=","Korn gelaufen und Schaden angerichtet hatte, soll er da=","If the grain had run and caused damage, he should be there=","As die graan geloop en skade veroorsaak het, moes hy daar gewees het="
NL-UtHUA_A363596_134,2,für noch ein ganzes Jahr dienen. dieſes Jahr ist,für noch ein ganzes Jahr dienen. Dieses Jahr ist,to serve for another whole year. This year is,om vir nog 'n hele jaar te dien. Hierdie jaar is
NL-UtHUA_A363596_135,2,"nun herum, in welcher Zeit dem bauren ein Pferd","nun herum, in welcher Zeit dem Bauern ein Pferd","now around, in what time did the farmer get a horse","nou omtrent, in watter tyd het die boer 'n perd gekry"
NL-UtHUA_A363596_136,2,"crepirt, daran ſey der Junge ſchuld, hätte er aufge=","krepiert. Daran sei der Junge schuld, hätte er aufge=","died. The boy was to blame, he hadn't...","gesterf. Die seun was te blameer, hy het nie..."
NL-UtHUA_A363596_137,2,"paßt, ſo wäre das nicht geſcheen, dieſen Schaden","passt, so wäre das nicht geschehen. Diesen Schaden","If it were otherwise, this wouldn't have happened. This damage","As dit anders was, sou dit nie gebeur het nie. Hierdie skade"
NL-UtHUA_A363596_138,2,ſolle der Junge abverdienen. Auf dieſe Art,soll der Junge abverdienen. Auf diese Art,The boy is supposed to earn it off. In this way,Die seun is veronderstel om dit te verdien. Op hierdie manier
NL-UtHUA_A363596_139,2,komt ein Hottent: lebenlang von dem Bauer,kommt ein Hottentotte lebenslang von dem Bauern,A Hottentot will be deprived of life by the farmer,'n Hottentot sal deur die boer van die lewe ontneem word
NL-UtHUA_A363596_140,2,nicht los. Der Land=drost gab ihr einen Brief,nicht los. Der Landdrost gab ihr einen Brief,not go. The bailiff gave her a letter,nie gaan nie. Die balju het haar 'n brief gegee
NL-UtHUA_A363596_141,2,an dem bauer mit. Abends las br. Schwin das 3t,an den Bauern mit. Abends las Bruder Schwin das 3.,"to the farmers. In the evening, Brother Schwin read the third book.",aan die boere. In die aand het Broer Schwin die derde boek gelees.
NL-UtHUA_A363596_142,2,Cap. aus der Apostg. u hernach hielt er die Sing=,Kapitel aus der Apostelgeschichte und hernach hielt er die Sing=,chapters from the Acts of the Apostles and afterwards he held the hymn=,hoofstukke uit die Handelinge van die Apostels en daarna het hy die loflied gehou=
NL-UtHUA_A363596_143,2,ſtunde vor unſerm Hauß. Den 7t ſo Abends,stunde vor unserem Haus. Am 7. abends,An hour in front of our house. On the evening of the 7th.,'n Uur voor ons huis. Op die aand van die 7de.
NL-UtHUA_A363596_144,2,hielten wir uns an dem Leib u blut unſers,hielten wir uns an dem Leib und Blut unseres,We held on to the body and blood of our,Ons het vasgehou aan die liggaam en bloed van ons
NL-UtHUA_A363596_145,2,"HErrn im h. AMhl. Unſere 2 Schwern, Anna Maria","Herrn im Heiligen Abendmahl. Unsere zwei Schwestern, Anna Maria","Lord in Holy Communion. Our two sisters, Anna Maria","Here in die Heilige Nagmaal. Ons twee susters, Anna Maria"
NL-UtHUA_A363596_146,2,u Rahel konten es beide mit genieſſen. Die Anna,und Rahel konnten es beide mit genießen. Anna,And Rahel and I were both able to enjoy it. Anna,En ek en Rahel kon dit albei geniet. Anna
NL-UtHUA_A363596_147,2,"Maria ist ſeit einiger Zeit krank, u wir glaubten,","Maria ist seit einiger Zeit krank, und wir glaubten,","Maria has been ill for some time, and we thought,",Wird geladen...
NL-UtHUA_A363596_148,2,"ſie würde nicht könen dabey ſeyn. Sie ſagte, ich",sie würde nicht dabei sein können. Sie sagte: „Ich,"She wouldn't be able to be there. She said, ""I","Sy sou nie daar kon wees nie. Sy het gesê: ""Ek"
NL-UtHUA_A363596_149,2,verlange gar ſehr nach dieſem hohen Gut. Der l.,verlange gar sehr nach diesem hohen Gut.“ Der liebe,I long very much for this precious good.” The dear,Ek verlang baie na hierdie kosbare goed.” Die liewe
NL-UtHUA_A363596_150,2,"Hld ſtärkte ſie auch ſo, daß ſie koman konnte.","Heiland stärkte sie auch so, dass sie kommen konnte.",The Savior also strengthened her so that she could come.,Die Verlosser het haar ook versterk sodat sy kon kom.
NL-UtHUA_A363596_151,2,"Den 8t ſprach br. Marsveld über Pſal: 107, vom 3","Am 8. sprach Bruder Marsveld über Psalm 107, vom 3.","On the 8th, Brother Marsveld spoke about Psalm 107, from the 3rd.","Op die 8ste het Broer Marsveld oor Psalm 107, uit die 3de, gepraat."
NL-UtHUA_A363596_152,3,"bis 8t Vers. Nachher kamen 2 bauren, Hottentot=","bis 8. Vers. Nachher kamen zwei Bauern, Hottentotten","up to verse 8. Afterwards, two farmers, Hottentots, came.","tot vers 8. Daarna het twee boere, Hottentotte, gekom."
NL-UtHUA_A363596_153,3,ten zu ſuchen welche ihnen helfen ſolten Mist,"zu suchen, welche ihnen helfen sollten, Mist","to search for those who should help them, crap","om te soek na diegene wat hulle moet help, gemors"
NL-UtHUA_A363596_154,3,zu fahren. Auch wurde br. Kühnel zu unſer,zu fahren. Auch wurde Bruder Kühnel zu unserer,to drive. Brother Kühnel also joined us.,om te bestuur. Broer Kühnel het ook by ons aangesluit.
NL-UtHUA_A363596_155,3,"Schw. Catharina gerufen, welche auch krank ist.","Schwester Catharina gerufen, welche auch krank ist.","Sister Catharina was called, who is also ill.","Suster Catharina is geroep, wat ook siek is."
NL-UtHUA_A363596_156,3,Sie wohnt eine kleine Stunde von hier. Am,Sie wohnt eine kleine Stunde von hier. Am,She lives a little over an hour from here. On,Sy woon 'n bietjie meer as 'n uur van hier af.
NL-UtHUA_A363596_157,3,"9t kamen 2 Bauren, Namens Jan Molman u","9. kamen zwei Bauern, namens Jan Molman und",Wird geladen...,"9. Twee boere het aangekom, genaamd Jan Molman en"
NL-UtHUA_A363596_158,3,"<pb n=""5a"" source=""NL-UtHUA_A363596_000005.jpg"" />","<pb n=""5a"" source=""NL-UtHUA_A363596_000005.jpg"" />","<pb n=""5a"" source=""NL-UtHUA_A363596_000005.jpg"" />","<pb n=""5a"" source=""NL-UtHUA_A363596_000005.jpg"" />"
NL-UtHUA_A363596_159,3,Stoffel Grunewald. Erſterer wohnt etwa 8 Mei=,Stoffel Grunewald. Ersterer wohnt etwa acht Mei=,Stoffel Grunewald. The former lives about eight months away.,Stoffel Grunewald. Eersgenoemde woon omtrent agt maande weg.
NL-UtHUA_A363596_160,3,len u letzterer 3 Meilen von hier. Molman,len und letzterer drei Meilen von hier. Molman,Len and the latter three miles from here. Molman,Len en laasgenoemde drie myl van hier af. Molman
NL-UtHUA_A363596_161,3,"wolte einen Hottent: kaufen, welchen er Geld","wollte einen Hottentotten kaufen, welchem er Geld","wanted to buy a Hottentot, to whom he gave money",Wird geladen...
NL-UtHUA_A363596_162,3,"geborgt hat, als er einmal recht ſaufen wolte.","geborgt hatte, als er einmal richtig saufen wollte.",he had borrowed it when he wanted to get really drunk.,hy het dit geleen toe hy regtig dronk wou word.
NL-UtHUA_A363596_163,3,der Hottent. verſprach es ab zu verdienen. Er,"Der Hottentotte versprach, es abzuverdienen. Er",The Hottentot promised to earn it. He,Die Hottentot het belowe om dit te verdien. Hy
NL-UtHUA_A363596_164,3,"war eine Weile bey ihm, dann bat er um Erlaub=","war eine Weile bei ihm, dann bat er um Erlaub=","I stayed with him for a while, then he asked for permission.","Ek het 'n rukkie by hom gebly, toe het hy toestemming gevra."
NL-UtHUA_A363596_165,3,"niß, ſeine Mutter zu beſuchen, welche krank ist;","nis, seine Mutter zu besuchen, welche krank ist;","nis to visit his mother, who is ill;","nis om sy moeder te besoek, wat siek is;"
NL-UtHUA_A363596_166,3,dieſes hat er gethan u ist nicht mehr zu dem,dies hat er getan und ist nicht mehr zu dem,He did this and has not returned to that point.,Hy het dit gedoen en het nie na daardie punt teruggekeer nie.
NL-UtHUA_A363596_167,3,"Bauer gegangen. Nachher fing Grunewald an,","Bauern gegangen. Nachher fing Grunewald an,","Farmers left. Afterwards, Grunewald began to...",Boere het vertrek. Daarna het Grunewald begin...
NL-UtHUA_A363596_168,3,"welcher aufſicht als kömme er nicht 3 zahlen, und","welcher aussah, als käme er nicht zu zahlen, und","who looked like he wasn't going to pay, and","wat gelyk het of hy nie gaan betaal nie, en"
NL-UtHUA_A363596_169,3,ſagte; daß Baas Teunis eine Verordnung hat,"sagte, dass Baas Teunis eine Verordnung hat",said that Baas Teunis has a regulation,gesê dat Baas Teunis 'n regulasie het
NL-UtHUA_A363596_170,3,"ausgehen laſſen, daß es dem bauer frey ſtün=","ausgehen lassen, dass es dem Bauern freistehen",to assume that the farmer is free,om aan te neem dat die boer vry is
NL-UtHUA_A363596_171,3,"de, wen ihm der Hott: nicht gehorſam ist, in die","würde, wenn ihm der Hottentotte nicht gehorsam ist, in die",Wird geladen...,"sou, as die Hottentot hom ongehoorsaam was, in die"
NL-UtHUA_A363596_172,3,Crale zu gehen u den Hott: auf Leben u Tod zu,Kraale zu gehen und den Hottentotten auf Leben und Tod zu,Wird geladen...,om na Kraale te gaan en na die Hottentotte na hul dood
NL-UtHUA_A363596_173,3,"ſchlagen. Er ſagte; es ist mir auch einer ſchuldig,","schlagen. Er sagte: „Es ist mir auch einer schuldig,","beat. He said: “Someone owes me one too,","klop. Hy het gesê: “Iemand skuld my ook een,"
NL-UtHUA_A363596_174,3,"u wen ich werde ſchlagen, ſo muß er koman,","und wenn ich schlagen werde, so muss er kommen.","And if I strike, he must come.","En as ek toeslaan, moet hy kom."
NL-UtHUA_A363596_175,3,"komt er nicht, ſo kom ich mit einem Man, u thue","Kommt er nicht, so komme ich mit einem Mann und tue","If he doesn't come, I will come with a man and do","As hy nie kom nie, sal ek met 'n man kom en dit doen"
NL-UtHUA_A363596_176,3,"dieſes. Wir ſagten, daß wir davon nichts wüß=","dieses.“ Wir sagten, dass wir davon nichts wüss=","""This."" We said that we knew nothing about it.","""Hierdie."" Ons het gesê dat ons niks daarvan weet nie."
NL-UtHUA_A363596_177,3,"ten, daß die Bauren ſolche freyheit hätten. Sie","ten, dass die Bauern solche Freiheit hätten. Sie","ten, that the farmers had such freedom. They","tien, dat die boere sulke vryheid gehad het. Hulle"
NL-UtHUA_A363596_178,3,"erwiederten, es ſey auch ſonst nicht ſo geweſen,","erwiderten, es sei auch sonst nicht so gewesen,","replied that it had never been like that before,",Wird geladen...
NL-UtHUA_A363596_179,3,aber gegenwärtig wäre es ſo. Wir konten dabey,aber gegenwärtig wäre es so. Wir konnten dabei,"But currently, that's how it would be. We were able to...","Maar tans, is dit hoe dit sou wees. Ons kon..."
NL-UtHUA_A363596_180,3,"nichts thun, als ſtille ſeyn, weil es von der Obrig=","nichts tun, als still sein, weil es von der Obrig=","Do nothing but remain silent, because it is from the authorities.","Doen niks anders as om stil te bly nie, want dit kom van die owerhede."
NL-UtHUA_A363596_181,3,keit verordnet ist: aber wir müßten uns ſehr in,keit verordnet ist; aber wir müssten uns sehr in,keit is prescribed; but we would have to be very in,keit word voorgeskryf; maar ons sal baie in moet wees
NL-UtHUA_A363596_182,3,"acht nehmen, daß wir ja nicht gegen die Obrig=","Acht nehmen, dass wir ja nicht gegen die Obrig=",Be careful not to go against the authorities.,Wees versigtig om nie teen die owerhede te gaan nie.
NL-UtHUA_A363596_183,3,"keit etwas reden. Sanft aber l. Geſchwiſter, wie uns","keit etwas reden. Sanft aber, liebe Geschwister, wie uns","Let's talk something. Gently, dear brothers and sisters, as we","Kom ons gesels oor iets. Saggies, liewe broers en susters, terwyl ons"
NL-UtHUA_A363596_184,3,dieſes angreifen muß. Wir bitten u rufen Gott,dieses angreifen muss. Wir bitten und rufen Gott,This must be attacked. We pray and call upon God.,Dit moet aangeval word. Ons bid en roep God aan.
NL-UtHUA_A363596_185,3,"um Hülfe u Erbarmung an, über dieſes Volk.",um Hilfe und Erbarmung an über dieses Volk.,for help and mercy for this people.,vir hulp en genade vir hierdie volk.
NL-UtHUA_A363596_186,3,"Am 10t redete br. Schwinn über Marc. 16, 15. u","Am 10. redete Bruder Schwinn über Markus 16, 15 und","On the 10th, Brother Schwinn spoke about Mark 16:15 and",Op die 10de het Broer Schwinn oor Markus 16:15 gepraat en
NL-UtHUA_A363596_187,3,"die Singſtunde hielt br. Kühnel, drauſſen vor",die Singstunde hielt Bruder Kühnel draußen vor,Brother Kühnel held the singing lesson outside.,Broer Kühnel het die sangles buite gehou.
NL-UtHUA_A363596_188,3,dem,dem,dem,dem
NL-UtHUA_A363596_189,3,"<pb n=""5b"" source=""NL-UtHUA_A363596_000005.jpg"" />","<pb n=""5b"" source=""NL-UtHUA_A363596_000005.jpg"" />","<pb n=""5b"" source=""NL-UtHUA_A363596_000005.jpg"" />","<pb n=""5b"" bron=""NL-UtHUA_A363596_000005.jpg"" />"
NL-UtHUA_A363596_190,3,Hauß. Am,Haus. Am,House. At,Huis. By
NL-UtHUA_A363596_191,3,11t hörten wir von verſchiedenen daß die druren u,"11. hörten wir von verschiedenen, dass die Druren und",11. We heard from various sources that the Drurians and,11. Ons het uit verskeie bronne gehoor dat die Druriane en
NL-UtHUA_A363596_192,3,"Hottentn wieder auf die Wache nach der Caap müßten,","Hottentotten wieder auf die Wache nach dem Kap müssten,","Hottentots would have to go back on guard duty after the cape,",Wird geladen...
NL-UtHUA_A363596_193,3,u daß es im Vaterland ſehr betrübt ausſähe.,und dass es im Vaterland sehr betrübt aussähe.,and that the situation in the fatherland looked very sad.,en dat die situasie in die vaderland baie droewig gelyk het.
NL-UtHUA_A363596_194,3,Abends las br. Kühnel das 4t Cap: aus der A. Geſch.,Abends las Bruder Kühnel das 4. Kapitel aus der Apostelgeschichte.,"In the evening, Brother Kühnel read the fourth chapter from the Acts of the Apostles.",In die aand het broer Kühnel die vierde hoofstuk uit die Handelinge van die Apostels voorgelees.
NL-UtHUA_A363596_195,3,"Am 12t holten 2 Hottentn ihr Vieh wieder, welches Juffr","Am 12. holten zwei Hottentotten ihr Vieh wieder, welches Juffrau","On the 12th, two Hottentots retrieved their cattle, which belonged to a maiden.","Op die 12de het twee Hottentotte hul beeste, wat aan 'n meisie behoort het, teruggekry."
NL-UtHUA_A363596_196,3,Teunis lazt hat fort treiben laſſen. Sie müßten,Teunis zuletzt hatte forttreiben lassen. Sie mussten,Teunis had finally let them drift away. They had to,Teunis het hulle uiteindelik laat wegdryf. Hulle moes
NL-UtHUA_A363596_197,3,"vor 1 Stück, 2 Schill: bezahlen. Den andern ließ",für ein Stück zwei Schilling bezahlen. Den anderen ließ,pay two shillings for one piece. Leave the other one.,betaal twee sjielings vir een stuk. Los die ander een.
NL-UtHUA_A363596_198,3,Baas Teunis ſagen; daß ſie es auch holen ſolten.,"Baas Teunis sagen, dass sie es auch holen sollten.",Baas Teunis say they should get it too.,Baas Teunis sê hulle moet dit ook kry.
NL-UtHUA_A363596_199,3,"Sie dürften es aber nicht mehr hier her treiben,","Sie dürften es aber nicht mehr hierher treiben,",But they shouldn't be allowed to come here anymore.,Maar hulle behoort nie meer toegelaat te word om hierheen te kom nie.
NL-UtHUA_A363596_200,3,ſondern an ſolche Orte wo ſie ſicher wären. die,"sondern an solche Orte, wo sie sicher wären. Die",but to places where they would be safe.,maar na plekke waar hulle veilig sou wees.
NL-UtHUA_A363596_201,3,"2 erſten gehören hierher, u die mogten es auch wie=","zwei ersten gehören hierher, und die mochten es auch wie=","The first two belong here, and they liked it too, like=","Die eerste twee hoort hier, en hulle het dit ook geniet, soos="
NL-UtHUA_A363596_202,3,"der her bringen, auf die andern wolle er aber",derher bringen. Auf die anderen wollte er aber,to bring it from there. But he didn't want to talk about the others.,om dit van daar af te bring. Maar hy wou nie oor die ander praat nie.
NL-UtHUA_A363596_203,3,"paſſen, daß ſie nicht wieder dahin koman.","aufpassen, dass sie nicht wieder dorthin kommen.",Make sure they don't go there again.,Maak seker dat hulle nie weer daarheen gaan nie.
NL-UtHUA_A363596_204,3,"Abends redete br. Kühnel über Ev. Joh: 11, 25 u 26.","Abends redete Bruder Kühnel über Evangelium Johannes 11, 25 und 26.","In the evening, Brother Kühnel spoke about the Gospel of John 11:25 and 26.",In die aand het Broer Kühnel oor die Evangelie van Johannes 11:25 en 26 gepraat.
NL-UtHUA_A363596_205,3,Am 13t kamen 2 Hottentn welche 14 Tage Reiſen,"Am 13. kamen zwei Hottentotten, welche 14 Tagesreisen","On the 13th, two Hottentots arrived, who had traveled for 14 days.","Op die 13de het twee Hottentotte aangekom, wat 14 dae lank gereis het."
NL-UtHUA_A363596_206,3,zu fuß am Olivant Rivier wohnen. dieſe hat,zu Fuß am Olifant-Fluss wohnen. Diese hat,to live on foot along the Olifant River. This has,om te voet langs die Olifantrivier te woon. Dit het
NL-UtHUA_A363596_207,3,ein Bauer von da vertrieben u ihnen ihr Vieh,ein Bauer von dort vertrieben und ihnen ihr Vieh,a farmer from there was driven out and their cattle were taken from them,Wird geladen...
NL-UtHUA_A363596_208,3,weg genoman. Sie ſind deshalb bey dem Land=,weggenommen. Sie sind deshalb beim Land=,taken away. They are therefore with the country=,weggeneem. Hulle is dus by die land=
NL-UtHUA_A363596_209,3,drost geweſen; dieſer aber ſagte: Er könn hie,"drost gewesen; dieser aber sagte, er könne hier",Drost had been; but he said he could here,Drost was gewees; maar hy het gesê hy kon hier wees
NL-UtHUA_A363596_210,3,nicht helfen. Nun waren ſie an der Caap bey,nicht helfen. Nun waren sie am Kap bei,not help. Now they were at the Cape near,nie hulp nie. Nou was hulle by die Kaap naby
NL-UtHUA_A363596_211,3,"dem Fiſcaal Reinveld, welcher ihnen einen","dem Fiskal Reinveld, welcher ihnen einen","the fiscal Reinveld, who gave them a","die fiskale Reinveld, wat hulle 'n"
NL-UtHUA_A363596_212,3,Brief mit gab.,Brief mitgab.,I included a letter.,Ek het 'n brief ingesluit.
NL-UtHUA_A363596_213,3,Am 14t wurde br. Kühnel zu unſer Schw. Anna,Am 14. wurde Bruder Kühnel zu unserer Schwester Anna,"On the 14th, Brother Kühnel became our sister Anna.",Op die 14de het Broer Kühnel ons suster Anna geword.
NL-UtHUA_A363596_214,3,"Maria gerufen, welche ſehr ſchwach war. Es fand","Maria gerufen, welche sehr schwach war. Er fand",Wird geladen...,"Hy het Maria gebel, wat baie swak was. Hy het gevind"
NL-UtHUA_A363596_215,3,ſie in einer erfreulichen Herzent:Stellung u,sie in einer erfreulichen Herzensstellung und,they are in a pleasing position of the heart and,hulle is in 'n aangename posisie van die hart en
NL-UtHUA_A363596_216,3,ganz in dem Willen des l. Hlds ergeben.,ganz in dem Willen des lieben Heilands ergeben.,Completely surrendered to the will of the dear Savior.,Heeltemal oorgegee aan die wil van die geliefde Verlosser.
NL-UtHUA_A363596_217,3,"Sonntag d. 15t redete br. Marsveld über Marc: 14,","Sonntag, den 15., redete Bruder Marsveld über Markus 14,","On Sunday the 15th, Brother Marsveld spoke about Mark 14.",Op Sondag die 15de het Broeder Marsveld oor Markus 14 gepraat.
NL-UtHUA_A363596_218,3,vom 3t bis 9t Vers.,vom 3. bis 9. Vers.,Wird geladen...,van die 3de tot die 9de weergawe.
NL-UtHUA_A363596_219,3,Am,Am,On,Wird geladen...
NL-UtHUA_A363596_220,3,"<pb n=""6a"" source=""NL-UtHUA_A363596_000006.jpg"" />","<pb n=""6a"" source=""NL-UtHUA_A363596_000006.jpg"" />","<pb n=""6a"" source=""NL-UtHUA_A363596_000006.jpg"" />","<pb n=""6a"" source=""NL-UtHUA_A363596_000006.jpg"" />"
NL-UtHUA_A363596_221,3,Am 16t mußten wir wieder am Scherſand Rivier,Am 16. mussten wir wieder am Schersand-Fluss,Wird geladen...,Op die 16de moes ons weer na die Schersandrivier gaan.
NL-UtHUA_A363596_222,3,einen Craal für unſer Ziegen u böcke machen,einen Kraal für unsere Ziegen und Böcke machen,to make a kraal for our goats and bucks,om 'n kraal vir ons bokke en ramme te maak
NL-UtHUA_A363596_223,3,"laſſen, weil es auf dieſer Seite des Riviers Son=","lassen, weil es auf dieser Seite des Flusses Son=","leave it, because it is on this side of the river Son=","los dit, want dit is aan hierdie kant van die rivier Son="
NL-UtHUA_A363596_224,3,der End ungeheud ſeyn ſoll; den ſie kriegen die,der End ungesund sein soll; denn sie bekommen die,the end is supposed to be unhealthy; because they get the,Wird geladen...
NL-UtHUA_A363596_225,3,"Lam u brand=Seuche, an denen die meiſten","Lamm- und Brandseuche, an denen die meisten","Lamb and smut disease, which most","Lam- en smutsiekte, wat die meeste"
NL-UtHUA_A363596_226,3,ſterben. Wir ſind nicht glücklich mit unſerm Vieh;,sterben. Wir sind nicht glücklich mit unserem Vieh;,die. We are not happy with our livestock;,sterf. Ons is nie gelukkig met ons vee nie;
NL-UtHUA_A363596_227,4,"den es ſterben uns ſehr viele. Es ſcheint, daß wir","denn es sterben uns sehr viele. Es scheint, dass wir",Wird geladen...,Omdat so baie van ons sterf. Dit lyk asof ons
NL-UtHUA_A363596_228,4,keine bauren werden ſollen. So geht es uns auch,keine Bauern werden sollen. So geht es uns auch,Wird geladen...,Hulle moenie boere word nie. Ons voel dieselfde.
NL-UtHUA_A363596_229,4,"mit den Ochſen, wir haben ſchon 3 geſchlechter müßen,","mit den Ochsen, wir haben schon drei geschlachtet müssen,",Wird geladen...,"met die osse moes ons reeds drie slag,"
NL-UtHUA_A363596_230,4,welche krant waren. Wir wolten gern alles,welche krank waren. Wir wollten gern alles,Wird geladen...,wat siek was. Ons wou alles hê
NL-UtHUA_A363596_231,4,"Vieh abſchaffen, wen wir nur eine möglichkeit ſehen,","Vieh abschaffen, wenn wir nur eine Möglichkeit sähen,",We could abolish livestock if we only saw a way to do so.,Ons kan vee afskaf as ons net 'n manier sien om dit te doen.
NL-UtHUA_A363596_232,4,"daß wir ohne daſſelbe könten zu recht koman,","dass wir ohne dasselbe zurechtkommen könnten,","that we could manage without it,","dat ons daarsonder sou kon klaarkom,"
NL-UtHUA_A363596_233,4,"dieſes geht aber nicht, wir müßen es haben, beſon=","dieses geht aber nicht, wir müssen es haben, beson=","This isn't possible, we need it, especially=","Dit is nie moontlik nie, ons het dit nodig, veral="
NL-UtHUA_A363596_234,4,"ders Ochſen. den wie ſolten wir z. E. brandholz,","ders Ochsen. Denn wie sollten wir z. B. Brennholz,","The oxen. Because how else would we get firewood, for example?",Die osse. Want hoe anders sou ons byvoorbeeld brandhout kry?
NL-UtHUA_A363596_235,4,Korn oder Mehl kriegen. Wegen dem Meul ist,Korn oder Mehl bekommen. Wegen des Mehls ist,Get grain or flour. Because of the flour...,Kry graan of meel. As gevolg van die meel...
NL-UtHUA_A363596_236,4,"es eine ſchwere Sache, den es ist in dieſer Gegend","es eine schwere Sache, denn es ist in dieser Gegend","It's a difficult thing, because it's in this area","Dis 'n moeilike ding, want dis in hierdie gebied"
NL-UtHUA_A363596_237,4,"weit u breit keine Mühle, welche im Somer","weit und breit keine Mühle, welche im Sommer",There was no mill far and wide which operated in the summer,Daar was geen meule wyd en syd wat in die somer gewerk het nie
NL-UtHUA_A363596_238,4,mahlen kan. Wir haben wol eine etwa 1 ½ Meile,mahlen kann. Wir haben wohl eine etwa 1 ½ Meile,It can grind. We probably have about 1 1/2 mile.,Dit kan maal. Ons het waarskynlik omtrent 1 1/2 myl.
NL-UtHUA_A363596_239,4,"in der Nähe, weil aber ſo Meilen weit keine mehr","in der Nähe, weil aber so meilenweit keine mehr",Wird geladen...,"naby, maar daar is nie meer vir kilometers in die omtrek nie."
NL-UtHUA_A363596_240,4,"ist, ſo komt alles da zuſamen. Wir haben unſere","ist, so kommt alles dort zusammen. Wir haben unser",That's where everything comes together. We have our,Dis waar alles bymekaarkom. Ons het ons
NL-UtHUA_A363596_241,4,"Koorn nun ſchon 4 Tage dort, u wiſſen noch",Korn nun schon vier Tage dort und wissen noch,Korn has been there for four days now and they still don't know,Korn is nou al vier dae daar en hulle weet steeds nie
NL-UtHUA_A363596_242,4,nicht wenn er wieder komt. Nun muß man 2,"nicht, wann es wiederkommt. Nun muss man zwei",not when it will come back. Now one has to do two.,nie wanneer dit sal terugkom nie. Nou moet mens twee doen.
NL-UtHUA_A363596_243,4,"Menſchen ſo lange Kost u Lohn geben, um ſo ein","Menschen so lange Kost und Lohn geben, um so ein","Providing people with food and wages for so long, in order to achieve such a thing",Om mense vir so lank van kos en lone te voorsien om so iets te bereik
NL-UtHUA_A363596_244,4,"bisgen Meel willen. Läßt man ſie nicht da,","bisschen Mehl willen. Lässt man sie nicht dort,","A little flour for the sake of it. If you don't leave them there,","'n Bietjie meel ter wille daarvan. As jy hulle nie daar los nie,"
NL-UtHUA_A363596_245,4,ſo wird gar nicht an das Meel gedacht. In der,so wird gar nicht an das Mehl gedacht. In der,So the flour isn't even considered. In the,So die meel word nie eers in ag geneem nie. In die
NL-UtHUA_A363596_246,4,"Regenzeit hat dieſe Mühle nicht viel zu thun,","Regenzeit hat diese Mühle nicht viel zu tun,",This mill doesn't have much to do during the rainy season.,Hierdie meule het nie veel om te doen gedurende die reënseisoen nie.
NL-UtHUA_A363596_247,4,weil die meiſten Bauren ſelbſt Mühlen haben,weil die meisten Bauern selbst Mühlen haben,because most farmers own mills themselves,omdat die meeste boere self meulens besit
NL-UtHUA_A363596_248,4,"u fürs ſich ſelbſt mahlen, aber vor niemanden","und für sich selbst mahlen, aber für niemanden","and grind for themselves, but for no one","en maal vir hulself, maar vir niemand"
NL-UtHUA_A363596_249,4,"ders. Sobald aber die Regenzeit vorbey ist, hörts","anders. Sobald aber die Regenzeit vorbei ist, hört","different. But as soon as the rainy season is over, it stops.","anders. Maar sodra die reënseisoen verby is, stop dit."
NL-UtHUA_A363596_250,4,auch das Mahlen auf. Jezt müßten wir uns mit,auch das Mahlen auf. Jetzt müssten wir uns mit,including the grinding. Now we would have to deal with,insluitend die slypwerk. Nou sal ons moet hanteer
NL-UtHUA_A363596_251,4,Meel,Mehl,Flour,Meel
NL-UtHUA_A363596_252,4,"<pb n=""6b"" source=""NL-UtHUA_A363596_000006.jpg"" />","<pb n=""6b"" source=""NL-UtHUA_A363596_000006.jpg"" />","<pb n=""6b"" source=""NL-UtHUA_A363596_000006.jpg"" />","<pb n=""6b"" source=""NL-UtHUA_A363596_000006.jpg"" />"
NL-UtHUA_A363596_253,4,Meel verſehen; den in der Regenzeit könen wir nicht,versehen; denn in der Regenzeit können wir nicht,provided; because we cannot do this during the rainy season,voorsien; want ons kan dit nie gedurende die reënseisoen doen nie
NL-UtHUA_A363596_254,4,"übers Rivier. daß es ſo wenig Mühlen gibt, die","über den Fluss. Dass es so wenig Mühlen gibt, die","across the river. That there are so few mills, which","oorkant die rivier. Dat daar so min meulens is, wat"
NL-UtHUA_A363596_255,4,im Somer mahlen; ist der Mangel an Waſſer ſchuld.,"im Sommer mahlen, ist der Mangel an Wasser schuld.","If grinding occurs in summer, the lack of water is to blame.","As slyp in die somer plaasvind, is die gebrek aan water die skuld."
NL-UtHUA_A363596_256,4,Von dieſer Noth könten wir uns frey machen wen,"Von dieser Not könnten wir uns freimachen, wenn",We could free ourselves from this hardship if,Ons kan onsself van hierdie ontbering bevry as
NL-UtHUA_A363596_257,4,wir wüßten auch was fürs einem Freunde boden,"wir wüssten, auf welchem freundlichen Boden",we would know on what friendly ground,ons sou weet op watter vriendelike grond
NL-UtHUA_A363596_258,4,wir wohnen; den bey uns ist auch in der trockenan,wir wohnen; denn bei uns ist auch in der trockenen,We live here; because even in the dry,Ons woon hier; want selfs in die droë
NL-UtHUA_A363596_259,4,"Zeit, Waſſer genug für eine Mühle, welches","Zeit Wasser genug für eine Mühle, welches","Time enough water for a mill, which","Genoeg water vir 'n meule, wat"
NL-UtHUA_A363596_260,4,hier zu Lande eine kostbare Sache ist. Von unſern,hierzulande eine kostbare Sache ist. Von unseren,which is a precious thing in this country. From our,Wird geladen...
NL-UtHUA_A363596_261,4,5 Kühen haben wir ſchon lange keinen Tropfen Milch,fünf Kühen haben wir schon lange keinen Tropfen Milch,We haven't had a drop of milk from five cows for a long time.,Ons het lanklaas 'n druppel melk van vyf koeie gehad.
NL-UtHUA_A363596_262,4,"zum Kaffe bekomen, haben auch keine Anſicht, wenn","zum Kaffee bekommen, haben auch keine Aussicht, wann","They get coffee, and have no idea when.","Hulle kry koffie, en het geen idee wanneer nie."
NL-UtHUA_A363596_263,4,wir welche kriegen werden.,wir welche bekommen werden.,we will get some.,ons sal 'n paar kry.
NL-UtHUA_A363596_264,4,"Am 17t redete br Schwinn über Matth: 5, 11 u 12. u","Am 17. redete Bruder Schwinn über Matthäus 5, 11 und 12 und","On the 17th, Brother Schwinn spoke about Matthew 5:11 and 12 and",Wird geladen...
NL-UtHUA_A363596_265,4,die Singſtunde hielt br. Kühnel,die Singstunde hielt Bruder Kühnel.,Brother Kühnel led the singing lesson.,Broer Kühnel het die sangles gelei.
NL-UtHUA_A363596_266,4,Den 18t hatte br. Schwinn ſeinen 46t Geburtstag. Es,Am 18. hatte Bruder Schwinn seinen 46. Geburtstag. Es,Brother Schwinn celebrated his 46th birthday on the 18th.,Broer Schwinn het op die 18de sy 46ste verjaarsdag gevier.
NL-UtHUA_A363596_267,4,"kamen 4 von unſern Schwern, mit Anwuſch des Seges,","kamen vier von unseren Schwestern, mit dem Wunsch des Segens,","Four of our sisters came, with the wish for a blessing,","Vier van ons susters het gekom, met die wens vir 'n seën,"
NL-UtHUA_A363596_268,4,ihn mit einigen Verſen zu wecken wozu wir die,"ihn mit einigen Versen zu wecken, wozu wir die","to wake him up with a few verses, for which we the","om hom wakker te maak met 'n paar verse, waarvoor ons die"
NL-UtHUA_A363596_269,4,Flöhte blieſen. Nachher kamen auch die andern ihn,"Flöte bliesen. Nachher kamen auch die anderen, ihm","They blew the flute. Afterwards, the others came too, him.","Hulle het die fluit geblaas. Daarna het die ander ook gekom, hy."
NL-UtHUA_A363596_270,4,Glück zu wünſchen. Auch war heute das Sprechen,Glück zu wünschen. Auch war heute das Sprechen,Wird geladen...,Om jou sterkte toe te wens. Praat was ook belangrik vandag.
NL-UtHUA_A363596_271,4,z. Cand:. Vornſchiedenen wünſchten wir Leben ins,zu Kandidaten. Verschiedenen wünschten wir Leben ins,to candidates. We wished life into the lives of several of them.,aan kandidate. Ons het die lewe van verskeie van hulle toegewens.
NL-UtHUA_A363596_272,4,Herz: doch von dem größten Theil kan man ſagen:,"Herz; doch von dem größten Teil kann man sagen,","heart; but of the greater part one can say,","hart; maar oor die grootste deel kan mens sê,"
NL-UtHUA_A363596_273,4,"daß es ihr ganzer Sinn ist, vor dem l. Hld in die=","dass es ihr ganzer Sinn ist, vor dem lieben Heiland in die=",that their entire purpose is to enter the = before the dear Savior,Wird geladen...
NL-UtHUA_A363596_274,4,ſer Welt zu leben. Abends las br. Kühnel das,ser Welt zu leben. Abends las Bruder Kühnel das,"to live in this world. In the evenings, Brother Kühnel read the",om in hierdie wêreld te leef. Saans het Broer Kühnel die
NL-UtHUA_A363596_275,4,6 Capit. der Ap. Geſch.,6. Kapitel der Apostelgeschichte.,Chapter 6 of the Acts of the Apostles.,Hoofstuk 6 van die Handelinge van die Apostels.
NL-UtHUA_A363596_276,4,"Den 19t ſprach br. Kühnel über Matth: 10, 37 u 38.","Am 19. sprach Bruder Kühnel über Matthäus 10, 37 und 38.","On the 19th, Brother Kühnel spoke about Matthew 10:37 and 38.",Op die 19de het Broer Kühnel oor Matteus 10:37 en 38 gepraat.
NL-UtHUA_A363596_277,4,Am 20t las br. Schwin das 7 Cap: der Ap. Geſch.. Vorher,Am 20. las Bruder Schwin das 7. Kapitel der Apostelgeschichte. Vorher,"On the 20th, Brother Schwin read the 7th chapter of the Acts of the Apostles. Before that",Op die 20ste het Broer Schwin die 7de hoofstuk van die Handelinge van die Apostels gelees. Voor dit
NL-UtHUA_A363596_278,4,hielt er die Singſtunde.,hielt er die Singstunde.,He held the singing lesson.,Hy het die sangles gehou.
NL-UtHUA_A363596_279,4,den 21t in der Confer. legten wir unſerm l. Heeren,Am 21. in der Konferenz legten wir unserem lieben Herrn,"On the 21st, at the conference, we laid a prayer for our dear Lord.","Op die 21ste, by die konferensie, het ons 'n gebid vir ons liewe Here gelê."
NL-UtHUA_A363596_280,4,"eine 3. Cand: zur Taufe vor, welche er auch approbierte.","eine dritte Kandidatin zur Taufe vor, welche er auch approbierte.","He presented a third candidate for baptism, whom he also approved.",Wird geladen...
NL-UtHUA_A363596_281,4,"Heute kamen welche von Baas Teunis, von denen","Heute kamen welche von Baas Teunis, von denen","Today some arrived from Baas Teunis, from whom","Vandag het sommige van Baas Teunis aangekom, van wie"
NL-UtHUA_A363596_282,4,"wir hörten, daß dieſes welches der bauer Grunewald","wir hörten, dass dies, was der Bauer Grunewald",We heard that this was what the farmer Grunewald said,Ons het gehoor dat dit is wat die boer Grunewald gesê het
NL-UtHUA_A363596_283,4,"am 9t dieſes wegen der Verordnung geſagt, daß","am 9. dieses wegen der Verordnung gesagt hatte, dass","on the 9th, he had said this because of the regulation, that","op die 9de het hy dit gesê weens die regulasie, dat"
NL-UtHUA_A363596_284,4,ſie,,,
NL-UtHUA_A363596_285,4,"<pb n=""7a"" source=""NL-UtHUA_A363596_000007.jpg"" />","<pb n=""7a"" source=""NL-UtHUA_A363596_000007.jpg"" />","<pb n=""7a"" source=""NL-UtHUA_A363596_000007.jpg"" />","<pb n=""7a"" source=""NL-UtHUA_A363596_000007.jpg"" />"
NL-UtHUA_A363596_286,4,"ſie nemlich erlaubniß hätten, wen die Hottentn ihnen","sie nämlich Erlaubnis hätten, wenn die Hottentotten ihnen",that they would have permission if the Hottentots allowed them,dat hulle toestemming sou hê as die Hottentotte hulle toegelaat het
NL-UtHUA_A363596_287,4,"nicht wollan gehorſam ſeyn, in die Criale zu gehen","nicht wohlgehorsam sein, in die Kraale zu gehen","not being obedient, not going to the kraal","nie gehoorsaam wees nie, nie kraal toe gaan nie"
NL-UtHUA_A363596_288,4,"u ſie zu ſchlagen, wen ſie auch daran ſtürben, ſie","und sie zu schlagen, wenn sie auch daran stürben, sie","and to beat them, even if they died from it, they","en om hulle te slaan, selfs al sou hulle daaraan sterf,"
NL-UtHUA_A363596_289,4,"auch von da weg zu holen, Lügen waren.","auch von dort wegzuholen, Lügen waren.","to get away from there, they were lies.","om daarvandaan weg te kom, dit was leuens."
NL-UtHUA_A363596_290,4,"Am 22t redete br. Marsveld über Joh: 8, 46 bis 52.","Am 22. redete Bruder Marsveld über Johannes 8, 46 bis 52.","On the 22nd, Brother Marsveld spoke about John 8:46-52.",Op die 22ste het Broeder Marsveld oor Johannes 8:46-52 gepraat.
NL-UtHUA_A363596_291,4,Auch wurde br. Schwinn zu einer kranken T. Candn,Auch wurde Bruder Schwinn zu einer kranken Taufkandidatin,Brother Schwinn also became a sick baptismal candidate.,Broer Schwinn het ook 'n siek doopkandidaat geword.
NL-UtHUA_A363596_292,4,"gerufen, über deren Entblößung er ſich freuen","gerufen, über deren Entblößung er sich freuen","summoned, whose exposure he rejoices in.","opgeroep, wie se blootstelling hy verheug."
NL-UtHUA_A363596_293,4,konte.,konnte.,could.,kon.
NL-UtHUA_A363596_294,4,"Den 23t kam ein Bauer, Namens Klerk, welcher","Am 23. kam ein Bauer namens Klerk, welcher","On the 23rd, a farmer named Klerk arrived, who","Op die 23ste het 'n boer met die naam Klerk aangekom, wat"
NL-UtHUA_A363596_295,4,dicht bey Schwellendam wohnt. Er kam expres hie=,dicht bei Swellendam wohnt. Er kam extra hier=,lives near Swellendam. He came here especially.,woon naby Swellendam. Hy het spesiaal hierheen gekom.
NL-UtHUA_A363596_296,4,"her, um gern Hotts auch etliche Wochen zu miethen, be=","her, um gern Hottentotten auch etliche Wochen zu mieten, be=",Wird geladen...,"hier, om Hottentotte met graagte vir 'n paar weke te huur, wees="
NL-UtHUA_A363596_297,4,kam aber keine. Er blieb über Nacht hier. Er ist ein,kam aber keine. Er blieb über Nacht hier. Er ist ein,But no one came. He stayed overnight. He is a,Maar niemand het gekom nie. Hy het oornag gebly. Hy is 'n
NL-UtHUA_A363596_298,4,"Jude geweſen, u ist erst hier getauft vor 2 Jahren",Jude gewesen und ist erst hier vor zwei Jahren,He was Jewish and only came here two years ago,Hy was Joods en het eers twee jaar gelede hierheen gekom
NL-UtHUA_A363596_299,4,hier getauft. Er wohnt 50 Jahr im Land. Seine,hier getauft worden. Er wohnt 50 Jahre im Land. Seine,He was baptized here. He has lived in the country for 50 years. His,Hy is hier gedoop. Hy woon al 50 jaar in die land. Syne
NL-UtHUA_A363596_300,4,"Frau ist eine Sclavin geweſen, aber nun frey u","Frau ist eine Sklavin gewesen, aber nun frei und",Wird geladen...,"Die vrou was 'n slavin, maar is nou vry en"
NL-UtHUA_A363596_301,4,auch getauft.,auch getauft.,Wird geladen...,ook gedoop.
NL-UtHUA_A363596_302,5,"Am 24t hatten wir einen ſchönen Regen, darnach","Am 24. hatten wir einen schönen Regen, wonach","On the 24th we had a nice rain, after which","Op die 24ste het ons lekker gereën, waarna"
NL-UtHUA_A363596_303,5,"alles ſehr verlangt hat, den es war eine große","alles sehr verlangt hatte, denn es war eine große","everything was very demanding, because it was a big","alles was baie veeleisend, want dit was 'n groot"
NL-UtHUA_A363596_304,5,"Dürre, weil es ſeit 2 Monate nicht geregnet hatte","Dürre, weil es seit zwei Monaten nicht geregnet hatte",Wird geladen...,"Droogte, want dit het twee maande lank nie gereën nie."
NL-UtHUA_A363596_305,5,u dabey ſehr heiß war. das Vieh hatte ſchon Man=,und dabei sehr heiß war. Das Vieh hatte schon Man=,Wird geladen...,en dit was baie warm. Die beeste was reeds Man=
NL-UtHUA_A363596_306,5,"gel an Futter. dieſe Dürre ſoll überall ſeyn, wie","gel an Futter. Diese Dürre soll überall sein, wie","Gel on feed. This drought is said to be everywhere, like","Jel op voer. Hierdie droogte word oral gesê, soos"
NL-UtHUA_A363596_307,5,man hört. Abends redete br. Schwinn über Offb. Joh.,man hört. Abends redete Bruder Schwinn über Offenbarung Johannes,Wird geladen...,Mens hoor. In die aand het Broer Schwinn oor die Boek Openbaring gepraat.
NL-UtHUA_A363596_308,5,"am 3, 13. Da morgen das Fest aller Chöre ist u","3, 13. Da morgen das Fest aller Chöre ist und","3, 13. Since tomorrow is the festival of all choirs and","3, 13. Aangesien môre die fees van alle kore en"
NL-UtHUA_A363596_309,5,wir uns auch im Geist an die Gem anſchließen,"wir uns auch im Geist an die Gemeinde anschließen,",Wird geladen...,"ons sluit ook in gees by die gemeenskap aan,"
NL-UtHUA_A363596_310,5,ſo hatten wir die Taufe auf dieſen Tag verlegt.,so hatten wir die Taufe auf diesen Tag verlegt.,So we had postponed the baptism to this day.,So het ons die doop tot vandag uitgestel.
NL-UtHUA_A363596_311,5,"Wir machten es in der Verſaml bekant, daß mor=","Wir machten es in der Versammlung bekannt, dass mor=",We announced at the meeting that mor=,Ons het by die vergadering aangekondig dat mor=
NL-UtHUA_A363596_312,5,gen um 10 Uhr eine allgemeine Verſaml ſey.,gen um 10 Uhr eine allgemeine Versammlung sei.,There will be a general meeting at 10 a.m.,Daar sal 'n algemene vergadering wees om 10:00.
NL-UtHUA_A363596_313,5,Die Singſtunde fiel wegen des Regenwetters,Die Singstunde fiel wegen des Regenwetters,The singing lesson was cancelled due to the rainy weather.,Die sangles is weens die reënerige weer gekanselleer.
NL-UtHUA_A363596_314,5,aus. Am 25t fanden ſich die Menſchen ſehr zahl,aus. Am 25. fanden sich die Menschen sehr zahl=,"out. On the 25th, a very large number of people gathered.",uit. Op die 25ste het 'n baie groot aantal mense bymekaargekom.
NL-UtHUA_A363596_315,5,reich,,,
NL-UtHUA_A363596_316,5,"<pb n=""7b"" source=""NL-UtHUA_A363596_000007.jpg"" />","<pb n=""7b"" source=""NL-UtHUA_A363596_000007.jpg"" />","<pb n=""7b"" source=""NL-UtHUA_A363596_000007.jpg"" />","<pb n=""7b"" source=""NL-UtHUA_A363596_000007.jpg"" />"
NL-UtHUA_A363596_317,5,reich ein. br. Schwinn hielt die Taufe. Sie bekam,reich ein. Bruder Schwinn hielt die Taufe. Sie bekam,Wird geladen...,ryk. Broer Schwinn het die doop uitgevoer. Sy het ontvang
NL-UtHUA_A363596_318,5,den Namen Louise. der Friede Gottes ließ ſich,den Namen Louise. Der Friede Gottes ließ sich,the name Louise. The peace of God descended upon her.,die naam Louise. Die vrede van God het oor haar neergedaal.
NL-UtHUA_A363596_319,5,bey dieſer Handlung kräftig fühlen. Wir müßen,bei dieser Handlung kräftig fühlen. Wir müssen,We must feel this action intensely.,Ons moet hierdie aksie intens voel.
NL-UtHUA_A363596_320,5,überhaupt bekennen: daß ſich der Geist Gottes in al=,"überhaupt bekennen, dass sich der Geist Gottes in al=",to confess at all that the Spirit of God is in al=,om enigsins te bely dat die Gees van God in almal is=
NL-UtHUA_A363596_321,5,"len Verſaml: kräftig an den Herzen beweist, doch","len Versammlungen kräftig an den Herzen beweist, doch","len assemblies strongly demonstrate their love for the community, but","len-vergaderings demonstreer sterk hul liefde vir die gemeenskap, maar"
NL-UtHUA_A363596_322,5,zeignet ſich ſo eine Handlung allemal beſonders,zeichnet sich so eine Handlung allemal besonders,Such an action is always particularly distinctive,So 'n aksie is altyd besonder onderskeidend
NL-UtHUA_A363596_323,5,"aus. Da dieſer Tag ſo wol für uns u das Volk, ein",aus. Da dieser Tag sowohl für uns und das Volk ein,out. Since this day is a day for both us and the people.,uit. Aangesien hierdie dag 'n dag vir beide ons en die mense is.
NL-UtHUA_A363596_324,5,"beſonders Segens=Tag war, welche freude aber un=","besonderer Segens-Tag war, welche Freude aber un=","It was a special day of blessing, but what joy it brought!",Wird geladen...
NL-UtHUA_A363596_325,5,"terdrückt würde, da wir nachher ſehr betrübte Um=","terdrückt wurde, da wir nachher sehr betrübte Um=","was suppressed, as we afterwards very saddened Um=","is onderdruk, soos ons daarna baie bedroef was Um="
NL-UtHUA_A363596_326,5,ſtände zu hören kriegten. Es kamen nemlich ver=,stände zu hören bekamen. Es kamen nämlich ver=,"They heard about the situations. In fact, ver=","Hulle het van die situasies gehoor. Trouens, ver="
NL-UtHUA_A363596_327,5,"ſchiedene Frauen, welche einige Monate bey den","schiedene Frauen, welche einige Monate bei den",divorced women who spent a few months with the,geskeide vroue wat 'n paar maande saam met die
NL-UtHUA_A363596_328,5,"Bauren geweſen waren, u ſagten: daß ſie ſich","Bauern gewesen waren und sagten, dass sie sich",They had been farmers and said that they,Hulle was boere en het gesê dat hulle
NL-UtHUA_A363596_329,5,"in dieſer Zeit ſchlecht betragen hätten, u eine",in dieser Zeit schlecht betragen hätten und eine,during this time they had performed poorly and a,Wird geladen...
NL-UtHUA_A363596_330,5,Vergebung baten. Einige ſagten: daß ſie zu,"Vergebung baten. Einige sagten, dass sie zu",They asked for forgiveness. Some said that they were too,Hulle het om vergifnis gevra. Sommige het gesê dat hulle te
NL-UtHUA_A363596_331,5,"viel getrunken, u ſich dann mit einander geſchla=",viel getrunken und sich dann miteinander geschla=,drank a lot and then slept with each other =,baie gedrink en toe met mekaar geslaap =
NL-UtHUA_A363596_332,5,"gen hätten. Andere, daß ſie mit dem u dem ge=","gen hätten. Andere, dass sie mit dem und dem ge=","would have. Others, that they were with this and that =",Wird geladen...
NL-UtHUA_A363596_333,5,"hurt hätten. Wieder andere, das hat mir ver=",hurt hätten. Wieder andere: „Der hat mir ver=,would have hurt. Others said: “He hurt me.”,sou seergemaak het. Ander het gesê: “Hy het my seergemaak.”
NL-UtHUA_A363596_334,5,"ſprochen mich zur Frau zu nehmen, u ſo hab ich","sprochen, mich zur Frau zu nehmen, und so habe ich","He spoke of taking me as his wife, and so I","Hy het gepraat daarvan om my as sy vrou te neem, en so het ek"
NL-UtHUA_A363596_335,5,"ihn laſſen über meinen Leib koman, nun da er","ihn über meinen Leib kommen lassen. Nun, da er",let him come over my body. Now that he,laat hom oor my liggaam kom. Noudat hy
NL-UtHUA_A363596_336,5,"über meinen Leib geweſen, hat er mich verlaſ=","über meinen Leib gewesen ist, hat er mich verlas=","He has been over my body, he has left me.","Hy was oor my liggaam, Hy het my verlaat."
NL-UtHUA_A363596_337,5,ſen. Wir mußten ſie von Schul= u Unterricht,sen.“ Wir mussten sie von Schul- und Unterricht,"""Senior."" We had to take them away from school and lessons.","""Senior."" Ons moes hulle van die skool en lesse af wegneem."
NL-UtHUA_A363596_338,5,"ausſchließen, u ſagten ihnen: wen ſie dem Teu=",ausschließen und sagten ihnen: „Wenn sie dem Teu=,Wird geladen...,sluit hulle uit en sê: “As hulle in die Teut glo=
NL-UtHUA_A363596_339,5,fel dienen wolten u Kinder des Teufels bleiben,fel dienen wollten und Kinder des Teufels bleiben,who wanted to serve the devil and remain children of the devil,wat die duiwel wou dien en kinders van die duiwel wou bly
NL-UtHUA_A363596_340,5,"wolten, ſo ſollen ſie gehen. Es wäre beſſer für","wollten, so sollen sie gehen. Es wäre besser für","If they wanted to go, then let them. It would be better for","As hulle wou gaan, laat hulle dan gaan. Dit sou beter wees vir"
NL-UtHUA_A363596_341,5,"ſie, wen ſie das Wort Gottes nicht hörten. den","sie, wenn sie das Wort Gottes nicht hörten. Denn","They would, if they did not listen to the word of God. For","Hulle sou, as hulle nie na die woord van God geluister het nie. Want"
NL-UtHUA_A363596_342,5,ſie wolten die große Gnade Gottes nicht anneh=,sie wollten die große Gnade Gottes nicht anneh=,They did not want to accept the great grace of God.,Hulle wou nie die groot genade van God aanvaar nie.
NL-UtHUA_A363596_343,5,"men, ſondern traten ſie mit Füßen. Es ist be=","men, sondern traten sie mit Füßen. Es ist be=","men, but trampled them underfoot. It is be=","manne, maar het hulle onder voete vertrap. Dit is be="
NL-UtHUA_A363596_344,5,"trübt, wen ſie ſo lange bey den bauren ſind,","trübt, wenn sie so lange bei den Bauern sind,",It clouded their spirits when they stayed with the farmers for so long.,Dit het hulle gemoedere vertroebel toe hulle so lank by die boere gebly het.
NL-UtHUA_A363596_345,5,den,denn,because,omdat
NL-UtHUA_A363596_346,5,,,,
NL-UtHUA_A363596_347,5,"<pb n=""8a"" source=""NL-UtHUA_A363596_000008.jpg"" />","<pb n=""8a"" source=""NL-UtHUA_A363596_000008.jpg"" />","<pb n=""8a"" source=""NL-UtHUA_A363596_000008.jpg"" />","<pb n=""8a"" bron=""NL-UtHUA_A363596_000008.jpg"" />"
NL-UtHUA_A363596_348,5,"den da k iegen ſie zu ſaufen, u hören nichts",denn da kriegen sie zu saufen und hören nichts,Because there they get to drink and hear nothing.,Want daar kry hulle te drinke en hoor niks.
NL-UtHUA_A363596_349,5,"als fluchen u ſchelten. Wen\u0304 ſie hier ſind, da kan","als Fluchen und Schelten. Wenn sie hier sind, da kann","than cursing and swearing. When they're here, it can","as vloek en sweer. Wanneer hulle hier is, kan dit"
NL-UtHUA_A363596_350,5,man öfters die K äftige A beit des h. Geiſtes an,man öfters die kräftige Arbeit des Heiligen Geistes an,one often experiences the powerful work of the Holy Spirit,'n Mens ervaar dikwels die kragtige werk van die Heilige Gees
NL-UtHUA_A363596_351,5,ihnen gewa werden; ſind ſie aber wieder eine,ihnen gewahr werden; sind sie aber wieder eine,become aware of them; but are they again a,word bewus van hulle; maar is hulle weer 'n
NL-UtHUA_A363596_352,5,"Zeitlang bey den bau en, ſo verliehren viele","Zeitlang bei den Bauern, so verlieren viele",Many lose time working for farmers.,Baie verloor tyd deur vir boere te werk.
NL-UtHUA_A363596_353,5,wieder alles.,wieder alles.,Everything's back to normal.,Alles is terug na normaal.
NL-UtHUA_A363596_354,5,"Am 26\u1d57 ging b . Kühnel mit 7 Hott\u1d49\u207f in buſch,","Am 26. ging Br. Kühnel mit 7 Hottentotten in den Busch,","On the 26th, Brother Kühnel went into the bush with 7 Hottentots.",Op die 26ste het Broer Kühnel met 7 Hottentotte die bos ingegaan.
NL-UtHUA_A363596_355,5,"Holz zu cappen, 5 Stunden von hier. Wir haben","Holz zu fällen, 5 Stunden von hier. Wir haben","Felling timber, 5 hours from here. We have","Kap hout, 5 uur van hier af. Ons het"
NL-UtHUA_A363596_356,5,reſolvi t an unſer El\u1d49 Häuſgen noch ein Käm\u0304e chen,"resolviert, an unser kleines Häuschen noch ein Kämmerchen",resolved to add another small room to our little house,besluit om nog 'n klein kamer by ons huisie te voeg
NL-UtHUA_A363596_357,5,"anzu bauen, weil wir uns keinen Rath wiſſen, u","anzubauen, weil wir uns keinen Rat wissen und","to grow, because we don't know what to do and","om te groei, want ons weet nie wat om te doen nie en"
NL-UtHUA_A363596_358,5,da es ſo enge iſt. Zugleich will b . Kühnel aus,da es so eng ist. Zugleich will Br. Kühnel aus,"because it's so cramped. At the same time, Brother Kühnel wants to...",omdat dit so beknop is. Terselfdertyd wil Broer Kühnel...
NL-UtHUA_A363596_359,5,dem Holz auch allerley Ge äthſchaft machen. die,dem Holz auch allerlei Gerätschaften machen. Die,All sorts of tools can also be made from wood.,Allerhande gereedskap kan ook van hout gemaak word.
NL-UtHUA_A363596_360,5,"Urſache wa um er mit ging, iſt dieſe, wä\u0304n man","Ursache, warum er mitging, ist diese: Wenn man",The reason he went along is this: If one,"Die rede waarom hy saamgegaan het, is die volgende: As iemand"
NL-UtHUA_A363596_361,5,die Hott\u1d49\u207f allein ins Veld ſtellt u keiner von,die Hottentotten allein ins Feld stellt und keiner von,who puts the Hottentots into the field alone and none of them,wie stuur die Hottentotte alleen in die veld en geeneen van hulle nie
NL-UtHUA_A363596_362,5,"uns dabey iſt, ſo thun ſie nicht viel, ſondern b in\u2e17","uns dabei ist, so tun sie nicht viel, sondern bringen","When we are present, they do not do much, but bring","Wanneer ons teenwoordig is, doen hulle nie veel nie, maar bring"
NL-UtHUA_A363596_363,5,gen die meiſte Zeit mit Tobackrauchen u ſchlafen,die meiste Zeit mit Tabakrauchen und Schlafen,most of the time spent smoking tobacco and sleeping,meeste van die tyd spandeer aan rook en slaap
NL-UtHUA_A363596_364,5,zu. Will man alſo daß ſie fleißig a beiten ſol\u2e17,"zu. Will man also, dass sie fleißig arbeiten sollen,","So, if you want them to work diligently,","So, as jy wil hê hulle moet ywerig werk,"
NL-UtHUA_A363596_365,5,"len, ſo muß man dabey ſeyn. Abends ſp ach",so muss man dabei sein. Abends sprach,"You have to be there. In the evening, he spoke.",Jy moet daar wees. In die aand het hy gepraat.
NL-UtHUA_A363596_366,5,"b . Marsveld über Joh: 9, 4 u 5.","Br. Marsveld über Joh. 9, 4 und 5.",Br. Marsveld on John 9:4 and 5.,Br. Marsveld oor Johannes 9:4 en 5.
NL-UtHUA_A363596_367,5,Am 27\u1d57 erhielten wir die Güter welche wir im Jan:,"Am 27. erhielten wir die Güter, welche wir im Januar",On the 27th we received the goods which we had ordered in January.,Op die 27ste het ons die goedere ontvang wat ons in Januarie bestel het.
NL-UtHUA_A363596_368,5,"beſtellt hatten. Auch geſchlachteten wir eine Kuh,","bestellt hatten. Auch schlachteten wir eine Kuh,","We had ordered. We also slaughtered a cow,","Ons het bestel. Ons het ook 'n koei geslag,"
NL-UtHUA_A363596_369,5,welche k ank wa . Abends las b . Schwinn das,welche krank war. Abends las Br. Schwinn das,"who was ill. In the evening, Brother Schwinn read the",wat siek was. In die aand het Broer Schwinn die
NL-UtHUA_A363596_370,5,8 Cap: aus der Ap. Geſch. u hielt dazo die Singſtunde,8. Kapitel aus der Apostelgeschichte und hielt dazu die Singstunde,Chapter 8 from the Acts of the Apostles and held the singing lesson for it.,Hoofstuk 8 uit die Handelinge van die Apostels en het die sangles daarvoor gehou.
NL-UtHUA_A363596_371,5,vo dem Hauß.,vor dem Haus.,in front of the house.,voor die huis.
NL-UtHUA_A363596_372,5,Den 28\u1d57 erhielten wir von Baas Teunis einen,Den 28. erhielten wir von Baas Teunis einen,"On the 28th, we received a [item] from Baas Teunis.",Op die 28ste het ons 'n [item] van Baas Teunis ontvang.
NL-UtHUA_A363596_373,5,"b ief, er ſch ieb dießesmal ſo f eündſchaftlich,","Brief; er schrieb dieses Mal so freundschaftlich,","Letter; this time he wrote in such a friendly manner,","Brief; hierdie keer het hy op so 'n vriendelike manier geskryf,"
NL-UtHUA_A363596_374,5,"als er noch nie geſch ieben hat. Wir dachten, die\u2e17","als er noch nie geschrieben hat. Wir dachten, dies",than he'd ever written before. We thought this,as wat hy ooit tevore geskryf het. Ons het gedink dit
NL-UtHUA_A363596_375,5,ſes habe was zu bedeüten. Abends kam b . Küh\u2e17,habe etwas zu bedeuten. Abends kam Br. Kühnel,It has some meaning. Brother Kühnel came in the evening.,Dit het 'n betekenis. Broer Kühnel het in die aand gekom.
NL-UtHUA_A363596_376,5,"<pb n=""8b"" source=""NL-UtHUA_A363596_000008.jpg"" />","<pb n=""8b"" source=""NL-UtHUA_A363596_000008.jpg"" />","<pb n=""8b"" source=""NL-UtHUA_A363596_000008.jpg"" />","<pb n=""8b"" bron=""NL-UtHUA_A363596_000008.jpg"" />"
NL-UtHUA_A363596_377,6,"nel mit den Hott\u1d49\u207f wieder aus dem buſch. Sie haben,","mit den Hottentotten wieder aus dem Busch. Sie haben,","with the Hottentots out of the bush again. They have,","met die Hottentotte weer uit die bos. Hulle het,"
NL-UtHUA_A363596_378,6,wegen des ſtarken Regens noch nicht genug cappen,wegen des starken Regens noch nicht genug fällen,Not enough felling yet due to the heavy rain.,Nog nie genoeg kapwerk nie as gevolg van die swaar reën.
NL-UtHUA_A363596_379,6,"kön\u0304en, wir müſſen alſo noch einmal ein paa hin","können, wir müssen also noch einmal ein paar hin","can, so we need to go back a few more times.","kan, so ons moet nog 'n paar keer teruggaan."
NL-UtHUA_A363596_380,6,ſchicken.,schicken.,send.,stuur.
NL-UtHUA_A363596_381,6,"Am 29\u1d57 redete b . Marsveld über Philip: 2, vom 6\u1d57 bis 9. V.","Am 29. redete Br. Marsveld über Philipper 2, vom 6. bis 9. Vers.","On the 29th, Brother Marsveld spoke about Philippians 2, verses 6 to 9.","Op die 29ste het Broeder Marsveld oor Filippense 2, verse 6 tot 9, gepraat."
NL-UtHUA_A363596_382,6,Den 30\u1d57 ſchickten wir wieder im buſch um noch was,"Den 30. schickten wir wieder in den Busch, um noch etwas",We sent the 30th back into the bush to do some more research.,Ons het die 30ste terug die bos in gestuur om nog navorsing te doen.
NL-UtHUA_A363596_383,6,Holz zu cappen.,Holz zu fällen.,To fell trees.,Om bome te kap.
NL-UtHUA_A363596_384,6,"Am 31\u1d57 kauften wir ein Schwein, um es glatt zu machen.","Am 31. kauften wir ein Schwein, um es zu mästen.","On the 31st, we bought a pig to fatten it up.",Op die 31ste het ons 'n vark gekoop om dit vet te maak.
NL-UtHUA_A363596_385,6,"In der Confer: haben wir reſolvi t, das Abends in der","In der Konferenz haben wir resolviert, abends in der",During the conference we decided to meet in the evening at the,Tydens die konferensie het ons besluit om saans by die
NL-UtHUA_A363596_386,6,Verſaml: etwas aus de Leidens=Geſchichte zu leſen.,Versammlung etwas aus der Leidensgeschichte zu lesen.,The assembly read something from the story of suffering.,Die vergadering het iets uit die lydingsverhaal voorgelees.
NL-UtHUA_A363596_387,6,"Wir haben ſie in 4 Theile getheilt, um jeden Abend einen","Wir haben sie in 4 Teile geteilt, um jeden Abend einen","We divided them into 4 parts, so there would be one each evening.","Ons het hulle in 4 dele verdeel, so daar sou elke aand een wees."
NL-UtHUA_A363596_388,6,"zu leſen, womit wir heüte, nachdem b . Schwinn ein","zu lesen, womit wir heute, nachdem Br. Schwinn ein","to read, which is what we are discussing today, after Brother Schwinn...","om te lees, wat ons vandag bespreek, na Broer Schwinn..."
NL-UtHUA_A363596_389,6,Gebet gethan hatte den Anfang machten. Die Sing\u2e17,"Gebet getan hatte, den Anfang machten. Die Singstunde","After the prayer had been performed, they began. The singing lesson.","Nadat die gebed uitgevoer is, het hulle begin. Die sangles."
NL-UtHUA_A363596_390,6,"ſtunde hielt b . Kühnel, welche dieſesmal, wegen","hielt Br. Kühnel, welche dieses Mal, wegen","Brother Kühnel held, which this time, because","Broer Kühnel het gehou, wat hierdie keer, omdat"
NL-UtHUA_A363596_391,6,"dem Wind, im Hauß mußte gehalten werden.","dem Wind, im Haus gehalten werden musste.",the wind had to be kept inside the house.,die wind moes binne die huis gehou word.
NL-UtHUA_A363596_392,6,Nun ſie mit wollen wir wieder unſer Dia ium,"Nun, damit wollen wir wieder unser Diarium","Well, with that we want to resume our diary","Wel, daarmee wil ons ons dagboek hervat"
NL-UtHUA_A363596_393,6,"von einem Monat ſchließen, u uns u unſre Geſch\u2e17",von einem Monat schließen und uns und unsere Geschwister,close within a month and us and our siblings,sluit binne 'n maand en ons en ons broers en susters
NL-UtHUA_A363596_394,6,"w. ins Gebet u Andeken aller Gemeinen empfehlen,","ins Gebet und Andenken aller Gemeinden empfehlen,","commended to the prayers and remembrance of all communities,","aanbeveel aan die gebede en herinnering van alle gemeenskappe,"
NL-UtHUA_A363596_395,6,"mit uns den l. Hld zu bitten, daß Er ſo fo t fah en","mit uns den lieben Heiland zu bitten, dass Er so fortfahren",to join us in asking the dear Savior to continue in this way,om saam met ons die liewe Verlosser te vra om so voort te gaan
NL-UtHUA_A363596_396,6,"möge, du ch Seinen h. Geiſt die Menſchen zu uber\u2e17","möge, durch Seinen Heiligen Geist die Menschen zu überzeugen,","May He, through His Holy Spirit, convince people,","Mag Hy, deur sy Heilige Gees, mense oortuig,"
NL-UtHUA_A363596_397,6,"zeügen, von ihrem Elend, daß ſie Ihn alle ſuchen","von ihrem Elend, dass sie Ihn alle suchen","of their misery, that they are all searching for Him","van hulle ellende, dat hulle almal na Hom soek"
NL-UtHUA_A363596_398,6,"mögen, der auch für ſie am Creüz hat ausge\u2e17","mögen, Der auch für sie am Kreuz ausgerufen","like, who also proclaimed for them on the cross","soos, wat ook vir hulle aan die kruis verkondig het"
NL-UtHUA_A363596_399,6,rufen: Es iſt vollbracht. Es ſind in dieſem Mo\u2e17,hat: „Es ist vollbracht.“ Es sind in diesem Monat,has said: “It is finished.” This month,het gesê: “Dit is volbring.” Hierdie maand
NL-UtHUA_A363596_400,6,"nat wenig Tage vergangen, da nicht einige zu","wenig Tage vergangen, da nicht einige zu",Only a few days have passed since some...,Slegs 'n paar dae het verloop sedert sommige...
NL-UtHUA_A363596_401,6,"uns kamen, u über ihre Unruhe des Herzens mit",uns kamen und über ihre Unruhe des Herzens mit,came to us and spoke of their restlessness of heart,het na ons toe gekom en gepraat oor hulle rusteloosheid van hart
NL-UtHUA_A363596_402,6,"uns ſp achen, (manche Tage viele) u das g oſſe",uns sprachen (manche Tage viele) und das große,We spoke (some days many) and the great,Ons het gepraat (sommige dae baie) en die groot
NL-UtHUA_A363596_403,6,Verlangen bezeigten auch ſelig zu werden. Wir,"Verlangen bezeugten, auch selig zu werden. Wir",They expressed a desire to be saved as well. We,Hulle het ook 'n begeerte uitgespreek om gered te word. Ons
NL-UtHUA_A363596_404,6,"ſind noch alle 3 geſund, u leben in Liebe u Friede, u ver\u2e17",sind noch alle 3 gesund und leben in Liebe und Frieden und verbleiben,"All three are still healthy and living in love and peace, and remain","Al drie is steeds gesond en leef in liefde en vrede, en bly"
NL-UtHUA_A363596_405,6,bleiben eüer 3 armen b üder:,eure 3 armen Brüder:,your 3 poor brothers:,jou 3 arme broers:
NL-UtHUA_A363596_406,6,Hendk Marsveld.,Hendrik Marsveld.,Hendrik Marsveld.,Hendrik Marsveld.
NL-UtHUA_A363596_407,6,Daniel Schwinn.,Daniel Schwinn.,Daniel Schwinn.,Daniël Schwinn.
NL-UtHUA_A363596_408,6,Joh: Chr: Kühnel.,Joh. Chr. Kühnel.,Joh. Chr. Kühnel.,Joh. Chr. Kühnel.
NL-UtHUA_A363596_409,6,"<pb n=""9a"" source=""NL-UtHUA_A363596_000009.jpg"" />","<pb n=""9a"" source=""NL-UtHUA_A363596_000009.jpg"" />","<pb n=""9a"" source=""NL-UtHUA_A363596_000009.jpg"" />","<pb n=""9a"" source=""NL-UtHUA_A363596_000009.jpg"" />"
NL-UtHUA_A363596_410,6,"<pb n=""9b"" source=""NL-UtHUA_A363596_000009.jpg"" />","<pb n=""9b"" source=""NL-UtHUA_A363596_000009.jpg"" />","<pb n=""9b"" source=""NL-UtHUA_A363596_000009.jpg"" />","<pb n=""9b"" source=""NL-UtHUA_A363596_000009.jpg"" />"
NL-UtHUA_A363596_411,6,Diarium,Diarium,Diary,Dagboek
NL-UtHUA_A363596_412,6,"Der drey b üder Marsveld, Schwinn und Kühnel","Der drei Brüder Marsveld, Schwinn und Kühnel","The three brothers Marsveld, Schwinn and Kühnel","Die drie broers Marsveld, Schwinn en Kühnel"
NL-UtHUA_A363596_413,6,auf de Caap vom 1 bis 31 Merz 1795,auf der Kap vom 1. bis 31. März 1795,"at the Cape from March 1st to 31st, 1795",aan die Kaap van 1 tot 31 Maart 1795
NL-UtHUA_A363596_414,6,"d. 1 Merz, beſuchten uns der Schulmeiſte Lohr. ein deutſche ,","D. 1. März besuchten uns der Schulmeister Lohr, ein Deutscher,","On March 1st, we were visited by the schoolmaster Lohr, a German,","Op 1 Maart is ons besoek deur die skoolmeester Lohr, 'n Duitser,"
NL-UtHUA_A363596_415,6,"der 4 Stunden von hier wohnt mit noch einem Mān, Na\u2e17","der 4 Stunden von hier wohnt, mit noch einem Mann namens","who lives 4 hours from here, with another man named","wat 4 ure van hier af woon, saam met 'n ander man met die naam"
NL-UtHUA_A363596_416,6,"mens Rudolph, dieſer iſt auch ein deutſcher u. in Neu\u2e17",Rudolph. Dieser ist auch ein Deutscher und in NeuDietendorf,Rudolph. He is also German and lives in NeuDietendorf.,Rudolph. Hy is ook Duits en woon in NeuDietendorf.
NL-UtHUA_A363596_417,6,dietendo f wol bekant. Auch de Schulmeiſte Lohr hat,wohl bekannt. Auch der Schulmeister Lohr hat,well known. Even the schoolmaster Lohr has,welbekend. Selfs die skoolmeester Lohr het
NL-UtHUA_A363596_418,6,"ſich 14 Tage in Diedendo f aufgehalten, aber von dort","sich 14 Tage in Diedendorf aufgehalten, ist aber von dort","stayed in Diedendorf for 14 days, but has since left.","het 14 dae in Diedendorf gebly, maar het sedertdien vertrek."
NL-UtHUA_A363596_419,6,fortgegangen u ein Schulmeiſte wo den. Seit 10 Jah\u2e17,fortgegangen und Schulmeister geworden. Seit 10 Jahren,I left home and became a schoolteacher. For 10 years now.,Ek het die huis verlaat en 'n skoolonderwyser geword. Vir 10 jaar nou al.
NL-UtHUA_A363596_420,6,ren befindet er ſich hier. Er ſagte unter andern:,befindet er sich hier. Er sagte unter anderem:,"He is located here. He said, among other things:",Hy is hier geleë. Hy het onder andere gesê:
NL-UtHUA_A363596_421,6,"es wundere Ihn, wen er daran dächte, daß er nicht da\u2e17","es wundere ihn, wenn er daran dächte, dass er nicht dageblieben",He was surprised to think that he hadn't stayed there.,Hy was verbaas om te dink dat hy nie daar gebly het nie.
NL-UtHUA_A363596_422,6,geblieben ſey. Nachher kam de Juffrou Teunis mit,sei. Nachher kam die Juffrouw Teunis mit,be. Later the Juffrouw Teunis came along,wees. Later het die Juffrouw Teunis bygekom
NL-UtHUA_A363596_423,6,Kindern u ihrer Schweſte . Wir wa en ſeh ve \u2e17,Kindern und ihrer Schwester. Wir waren sehr verwundert,Children and their sister. We were very surprised.,Kinders en hul suster. Ons was baie verbaas.
NL-UtHUA_A363596_424,6,"wunde t über dieſen beſuch, da ſie dweilen ſeh","über diesen Besuch, da sie zuweilen sehr","about this visit, as they are sometimes very","oor hierdie besoek, aangesien hulle soms baie"
NL-UtHUA_A363596_425,6,feindſelig gegen uns geſin\u0304t iſt. Sie wohnten alle,feindselig gegen uns gesinnt ist. Sie wohnten alle,is hostile towards us. They all lived,is vyandig teenoor ons. Hulle het almal geleef
NL-UtHUA_A363596_426,6,"de Verſamlung bey, in welche b : Marsveld über","der Versammlung bei, in welcher Br. Marsveld über",the meeting in which Brother Marsveld spoke about,die vergadering waarin Broer Marsveld gepraat het oor
NL-UtHUA_A363596_427,6,Matth 15 v 21 -- 28 ſp ach. Nachher ging die Juff\u2e17,"Matthäus 15, Vers 21–28 sprach. Nachher ging die Juffrouw","Matthew 15, verses 21–28 was spoken. Afterwards, the young woman went","Matteus 15, verse 21–28 is gespreek. Daarna het die jong vrou gegaan"
NL-UtHUA_A363596_428,6,"rou Teunis zu unſre Schweſte Martha, und da ſie ei\u2e17","Teunis zu unserer Schwester Martha, und da sie einen","Teunis to our sister Martha, and since she had a","Teunis aan ons suster Martha, en aangesien sy 'n"
NL-UtHUA_A363596_429,6,"nen heftigen Zank anfing, die Urſach dazu wa",heftigen Zank anfing. Die Ursache dazu war,a heated argument began. The reason for this was,'n Verhitte argument het begin. Die rede hiervoor was
NL-UtHUA_A363596_430,6,"dieſe: Martha wa lezthin bey ih auf der Poſt, da","diese: Martha war letztens bei ihr auf der Post, da","This: Martha was at her post office the other day, since","Dit: Martha was die ander dag by haar poskantoor, aangesien"
NL-UtHUA_A363596_431,6,ſagte eine von den Juffrous Sclaven zu de Martha,"sagte eine von den Juffrouws Sklaven zu der Martha,","said one of the Juffrouws' slaves to Martha,","het een van die Juffrouws se slawe vir Martha gesê,"
NL-UtHUA_A363596_432,6,daß es Abends in dem Hauſe gewaltig übel und g ob,dass es abends in dem Hause gewaltig übel und grob,that it was terribly bad and rough in the house in the evenings,dat dit vreeslik sleg en rof in die huis was in die aande
NL-UtHUA_A363596_433,6,"wäre. Dieſes hat Martha uns wie der erzählet, welches","wäre. Dies hat Martha uns wieder erzählt, welches","Martha told us this again, which","Martha het dit weer vir ons vertel, wat"
NL-UtHUA_A363596_434,6,die Juffr: Teunis erfahren hat. Darüber iſt ſie ſeh,die Juffrouw Teunis erfahren hat. Darüber ist sie sehr,which Juffrouw Teunis has learned. She is very pleased about this.,wat Juffrouw Teunis verneem het. Sy is baie bly hieroor.
NL-UtHUA_A363596_435,6,"aufgeb acht gewo den, ſie ſagte zu unſer Martha","aufgebracht worden. Sie sagte zu unserer Martha,","was upset. She said to our Martha,","was ontsteld. Sy het vir ons Martha gesê,"
NL-UtHUA_A363596_436,6,"das hätte Sie nicht nur, ſondern ihr ſelbſt müſſen","das hätte sie nicht nur, sondern ihr selbst mitteilen","She should not only have told her that, but she herself should have told her.","Sy moes dit nie net vir haar gesê het nie, maar sy moes dit self vir haar gesê het."
NL-UtHUA_A363596_437,6,"geben, dan hätte ſie die Sclavin dafü ſchmeiſſen",müssen; dann hätte sie die Sklavin dafür schmeißen,She would have had to; then she would have had to throw the slave girl out for it.,Sy sou moes; dan sou sy die slavin daarvoor moes uitgooi.
NL-UtHUA_A363596_438,6,"wollen. die Juffrou Teunis leugnete alles,","wollen. Die Juffrouw Teunis leugnete alles,","want. The Juffrouw Teunis denied everything,","wil hê. Die Juffrouw Teunis het alles ontken,"
NL-UtHUA_A363596_439,6,"was ſie von uns ſchon geredt haben, wider ſo es","was sie von uns schon geredet hatten, entgegen dem, was","what they had already said about us, contrary to what","wat hulle reeds oor ons gesê het, in teenstelling met wat"
NL-UtHUA_A363596_440,6,ihre Leute Augen wollten. Es iſt übrigens,,,
NL-UtHUA_A363596_441,6,"<pb n=""10a"" source=""NL-UtHUA_A363596_000010.jpg"" />","<pb n=""10a"" source=""NL-UtHUA_A363596_000010.jpg"" />","<pb n=""10a"" source=""NL-UtHUA_A363596_000010.jpg"" />","<pb n=""10a"" bron=""NL-UtHUA_A363596_000010.jpg"" />"
NL-UtHUA_A363596_442,6,"dieſer F au eigen, daß ſie heüte etwas behauptet",ihre Leute sahen. Es ist übrigens,"their people saw. It is, by the way,","hul mense het gesien. Dit is, terloops,"
NL-UtHUA_A363596_443,6,was ſie morgen geradezu ha tnäckig leugnet.,"dieser Frau eigen, dass sie heute etwas behauptet,","It is characteristic of this woman that she makes a claim today,","Dit is kenmerkend van hierdie vrou dat sy vandag 'n eis maak,"
NL-UtHUA_A363596_444,6,"Wie ſie ſagte, ſo wa ſie uns deswegen beſuchen",was sie morgen geradezu hartnäckig leugnet.,which she stubbornly denies tomorrow.,wat sy môre hardnekkig ontken.
NL-UtHUA_A363596_445,6,"zu uns gekom\u0304en, um ſich einmal recht auszu\u2e17","Wie sie sagte, so war sie uns deswegen besuchen","As she said, that's why she was visiting us.","Soos sy gesê het, dis hoekom sy ons besoek het."
NL-UtHUA_A363596_446,6,"tobben. So bald ſie mit dieſer A beit fertig wa ,","zu uns gekommen, um sich einmal richtig auszutoben.",They came to us to really let loose.,Hulle het na ons toe gekom om regtig los te laat.
NL-UtHUA_A363596_447,6,"fuhr ſie auf ihren Platz zurück, und blieb nicht","Sobald sie mit dieser Arbeit fertig war,","Once she had finished this work,","Nadat sy hierdie werk klaargemaak het,"
NL-UtHUA_A363596_448,6,zum Eſſen da bey uns. Nachmittags fuhr auch,fuhr sie auf ihren Platz zurück und blieb nicht,She drove back to her seat and did not stay,Sy het teruggery na haar sitplek en nie gebly nie
NL-UtHUA_A363596_449,6,de oben erwehnte Schulmeiſte Lohr weg.,zum Essen bei uns. Nachmittags fuhr auch,"to eat at our place. In the afternoon, someone also drove by.",om by ons plek te eet. In die middag het iemand ook verbygery.
NL-UtHUA_A363596_450,6,Gegen Abend kam er aber mit ſeinem Ge\u2e17,der oben erwähnte Schulmeister Lohr weg.,The aforementioned schoolmaster Lohr is gone.,Die voorgenoemde skoolmeester Lohr is weg.
NL-UtHUA_A363596_451,6,"ſellſchafter und einem Jungen, den ſie bey ſich",Gegen Abend kam er aber mit seinem Gesellschafter,"Towards evening, however, he arrived with his companion.",Teen die aand het hy egter saam met sy metgesel aangekom.
NL-UtHUA_A363596_452,7,"halten, wieder zurück. Sie erzählten, es hätte","und einem Jungen, den sie bei sich",and a boy she had with her,en 'n seun wat sy by haar gehad het
NL-UtHUA_A363596_453,7,in dieſen Tagen in den bergen ſtark gereg\u2e17,"halten, wieder zurück. Sie erzählten, es hätte","Stop, then go back. They said it had","Stop, gaan dan terug. Hulle het gesê dit het"
NL-UtHUA_A363596_454,7,"net, wovon das Revier ſonder End ſo ange\u2e17","in diesen Tagen in den Bergen stark geregnet,","It has rained heavily in the mountains these past few days,","Dit het die afgelope paar dae hewig in die berge gereën,"
NL-UtHUA_A363596_455,7,"laufen wa , daß die Ochſen d\u200burch\u200bſchwim\u0304en muß\u2e17",wovon das Revier ohne Ende so angeschwollen,which is why the territory has swelled so endlessly,daarom het die gebied so eindeloos gegroei
NL-UtHUA_A363596_456,7,"ten. Sie hatten einen Hottentoten mitgenom\u0304en,","war, dass die Ochsen durchschwimmen mussten.",The problem was that the oxen had to swim across.,Die probleem was dat die osse oor moes swem.
NL-UtHUA_A363596_457,7,der neben den Ochſen her ſchwim\u0304en und ſie re\u2e17,"Sie hatten einen Hottentotten mitgenommen,","They had taken a Hottentot with them,","Hulle het 'n Hottentot saamgeneem,"
NL-UtHUA_A363596_458,7,gie en ſollte. dieweil zum Übel ein Baum,der neben den Ochsen herschwimmen und sie,who swim alongside the oxen and they,wat langs die osse swem en hulle
NL-UtHUA_A363596_459,7,"gingen, der über den Fluß gelegt wa , um einen",regieren sollte. Weil zum Unglück ein Baum,"should govern. Because, unfortunately, a tree","behoort te regeer. Want ongelukkig, 'n boom"
NL-UtHUA_A363596_460,7,"andern Hottentoten zu rufen, ſo geriethen","lag, der über den Fluss gelegt war, um einen","lay, which was laid across the river to create a","lê, wat oorkant die rivier gelê is om 'n te skep"
NL-UtHUA_A363596_461,7,die Ochſen mit dem Wagen ſo faſt tief in den,"anderen Hottentotten zu rufen, so gerieten","To call on other Hottentots, they got into trouble.","Om ander Hottentotte te besoek, het hulle in die moeilikheid beland."
NL-UtHUA_A363596_462,7,"Fluß hinein, daß ſie erſt ſtecken",die Ochsen mit dem Wagen so tief in den,the oxen with the cart so deep into the,die osse met die wa so diep in die
NL-UtHUA_A363596_463,7,blieben. Es mußten d um als Ochſen wie,"Fluss hinein, dass sie erst stecken","into the river, so that they first get stuck.","in die rivier, sodat hulle eers vassteek."
NL-UtHUA_A363596_464,7,"ſie nicht erſaufen ſollten, von dem Wagen","blieben. Es mussten darum die Ochsen, damit",They stayed. The oxen had to be there so that...,Hulle het gebly. Die osse moes daar wees sodat...
NL-UtHUA_A363596_465,7,losgeſchnitten werden. So bald dieſes geſchehen,"sie nicht ertrinken sollten, vom Wagen","they should not drown, from the car","hulle moet nie verdrink nie, uit die motor"
NL-UtHUA_A363596_466,7,wa ſchwam\u0304en die Ochſen ans Land; den,losgeschnitten werden. Sobald dies geschehen,be cut off. As soon as this has happened,afgesny word. Sodra dit gebeur het
NL-UtHUA_A363596_467,7,Wagen mußte man die Nacht über ſtecken,"war, schwammen die Ochsen ans Land; den",the oxen swam to shore; the,die osse het na die wal geswem; die
NL-UtHUA_A363596_468,7,"laſſen, um mehr Volk zu Hülfe zu holen.",Wagen musste man die Nacht über stecken,The car had to be parked overnight.,Die motor moes oornag geparkeer word.
NL-UtHUA_A363596_469,7,die Reiſenden blieben die Nacht bey uns,"lassen, um mehr Leute zu Hilfe zu holen.",to get more people to help.,om meer mense te kry om te help.
NL-UtHUA_A363596_470,7,und,Die Reisenden blieben die Nacht bei uns,The travelers stayed the night with us.,Die reisigers het by ons oornag.
NL-UtHUA_A363596_471,7,,und,and,en
NL-UtHUA_A363596_472,7,"<pb n=""10b"" source=""NL-UtHUA_A363596_000010.jpg"" />","<pb n=""10b"" source=""NL-UtHUA_A363596_000010.jpg"" />","<pb n=""10b"" source=""NL-UtHUA_A363596_000010.jpg"" />","<pb n=""10b"" bron=""NL-UtHUA_A363596_000010.jpg"" />"
NL-UtHUA_A363596_473,7,"und gingen erſt des andern Tages, als ſie hörten, daß","und gingen erst des anderen Tages, als sie hörten, dass",and only left the next day when they heard that,en eers die volgende dag vertrek toe hulle dit hoor
NL-UtHUA_A363596_474,7,"das Waſſer herab gezogen wa , wieder fort. Noch","das Wasser herabgezogen war, wieder fort. Noch","The water had receded, and it was gone again.","Die water het teruggetrek, en dit was weer weg."
NL-UtHUA_A363596_475,7,"denſelben Abend ließ die Juffr: Teunis bitten, daß","denselben Abend ließ die Juffrouw Teunis bitten, dass","That same evening, the young lady Teunis requested that",Dieselfde aand het die jong dame Teunis versoek dat
NL-UtHUA_A363596_476,7,morgen früh einer von uns zu ih kom\u0304en möch\u2e17,morgen früh einer von uns zu ihr kommen möchte;,One of us wants to come to her tomorrow morning;,Een van ons wil môreoggend na haar toe kom;
NL-UtHUA_A363596_477,7,te; ſie wa die Nacht auf ihren Platz geblieben.,sie war die Nacht auf ihrem Platz geblieben.,She had stayed in her seat all night.,Sy het die hele nag in haar sitplek gebly.
NL-UtHUA_A363596_478,7,b Kühnel ritt den 2\u1d57 früh zu ih . Ihre Klage wa :,Br. Kühnel ritt den 2. früh zu ihr. Ihre Klage war:,Brother Kühnel rode to her early on the 2nd. Her complaint was:,Broer Kühnel het vroeg op die 2de na haar toe gery. Haar klagte was:
NL-UtHUA_A363596_479,7,Es wären des des vergangne Nacht 15 Stück Vieh,Es wären in der vergangenen Nacht 15 Stück Vieh,There were 15 head of cattle last night.,Daar was gisteraand 15 beeste.
NL-UtHUA_A363596_480,7,aus den Hottentots Caal in ihren Garten ge\u2e17,aus dem Hottentottenkraal in ihren Garten gekommen,from the Hottentot kraal into their garden,van die Hottentot-kraal na hul tuin
NL-UtHUA_A363596_481,7,kom\u0304en u. hätten denſelben ganz ruini t; ſie,und hätten denselben ganz ruiniert; sie,and would have completely ruined it; they,en sou dit heeltemal verwoes het; hulle
NL-UtHUA_A363596_482,7,hätte ſie in den C\u200braal treiben laſſen. Auf die,hätte sie in den Kraal treiben lassen. Auf die,would have let her drift into the kraal. On the,sou haar in die kraal laat dryf het. Op die
NL-UtHUA_A363596_483,7,"F\u200brage, was ſie dabey thun ſollte, antwo tete ih b","Frage, was sie dabei tun sollte, antwortete ihr Br.","When asked what she should do, her brother replied.","Toe sy gevra is wat sy moet doen, het haar broer geantwoord."
NL-UtHUA_A363596_484,7,"Kühnel, daß wir nicht dafür könten, ſie müße thun","Kühnel, dass wir nicht dafür könnten, sie müsse tun,","Kühnel said that we couldn't do anything about it, she had to.","Kühnel het gesê dat ons niks daaraan kon doen nie, sy moes."
NL-UtHUA_A363596_485,7,wobey ſie das beſte zu ſeyn denkte. Indem ſie ſo mit,wobei sie das Beste zu sein dachte. Indem sie so mit,where she thought she was the best. By dealing with it in this way,waar sy gedink het sy die beste was. Deur dit op hierdie manier te hanteer
NL-UtHUA_A363596_486,7,b . Kühnel redete kam\u0304en 300 Stück Vieh von den,"Br. Kühnel redete, kamen 300 Stück Vieh von den","Brother Kühnel spoke, and 300 head of cattle came from the","Broer Kühnel het gepraat, en 300 beeste het van die"
NL-UtHUA_A363596_487,7,"Hottentotten auf den Garten zu, da ſahen ſie, ſagte",Hottentotten auf den Garten zu. Da sagte sie: „Was,"Hottentots approached the garden. Then she said: ""What","Hottentotte het die tuin genader. Toe sê sy: ""Wat"
NL-UtHUA_A363596_488,7,"ſie, was ſoll ich thun; niemand iſt bey dem Vieh.",soll ich tun? Niemand ist bei dem Vieh.“,What should I do? Nobody is with the cattle.,Wat moet ek doen? Niemand is by die beeste nie.
NL-UtHUA_A363596_489,7,"Ich will ſie allesam\u0304en auf die Poſt treiben laſſen,","„Ich will sie allesamt auf die Post treiben lassen,","""I want to send them all to the post office,","""Ek wil hulle almal na die poskantoor stuur,"
NL-UtHUA_A363596_490,7,"da können ſie die abwa ten, bis mein Man\u0304","da können sie die abwarten, bis mein Mann",They can wait until my husband,Hulle kan wag tot my man
NL-UtHUA_A363596_491,7,aus Caap kom\u0304t wi d. B : Kühnel parie te:,aus Kap kommt.“ Br. Kühnel parierte:,“Comes from Cape Town.” Brother Kühnel parried:,“Kom van Kaapstad af.” Broer Kühnel het afgeweer:
NL-UtHUA_A363596_492,7,"Sie, alles handele wie ſie wollte. Wo lies das","„Sie solle handeln, wie sie wollte.“ Sie ließ das","""She should act as she wished."" She let that happen.",“Sy moet optree soos sy wil.” Sy het dit laat gebeur.
NL-UtHUA_A363596_493,7,Vieh durch ihre Sclaven zuſam\u0304en u auf die Poſt,Vieh durch ihre Sklaven zusammen und auf die Post,Cattle gathered by their slaves and sent to the post office,Beeste wat deur hul slawe versamel en na die poskantoor gestuur is
NL-UtHUA_A363596_494,7,"treiben. b : Kühnel erſuchte ſie, daß ſie","treiben. Br. Kühnel ersuchte sie, dass sie",drive. Brother Kühnel asked her to,ry. Broer Kühnel het haar gevra om
NL-UtHUA_A363596_495,7,"die Hottentotten öfters möchten, beſſer auf","die Hottentotten öfters ermahnen möchte, besser auf",I would like to remind the Hottentots more often to pay more attention,Ek wil die Hottentotte meer gereeld daaraan herinner om meer aandag te gee
NL-UtHUA_A363596_496,7,ihr Vieh zu paſſen; es hätte aber ſchie chos in,"ihr Vieh zu passen; es sei aber schier unmöglich, es in","to fit their cattle; however, it was virtually impossible to fit them in",om hul beeste in te pas; dit was egter feitlik onmoontlik om hulle in te pas
NL-UtHUA_A363596_497,7,"O dnung zu b ingen. Sie ſagte, ich kan mir",Ordnung zu bringen. Sie sagte: „Ich kann mir,to bring order. She said: “I can imagine,om orde te bring. Sy het gesê: “Ek kan my voorstel
NL-UtHUA_A363596_498,7,"nicht vorſtellen, daß die Hottentotten guthun","nicht vorstellen, dass die Hottentotten Gutes tun",I can't imagine that the Hottentots do good things.,Ek kan my nie voorstel dat die Hottentotte goeie dinge doen nie.
NL-UtHUA_A363596_499,7,"ſollen, wie man ihnen ſagt. Ich habe es öfters","sollen, wie man ihnen sagt. Ich habe es öfters","They should, as they're told. I've heard it several times.","Hulle behoort, soos hulle vertel word. Ek het dit al verskeie kere gehoor."
NL-UtHUA_A363596_500,7,"ſelbſt geſehen und gehö t, wen man zu ihnen ſagt","selbst gesehen und gehört, wenn man zu ihnen sagt,","I've seen and heard it myself when people say to them,","Ek het dit self gesien en gehoor wanneer mense vir hulle sê,"
NL-UtHUA_A363596_501,7,"daß ſie das oder das thun ſollen, ſo antwo ten ſie:","dass sie das oder das tun sollen, so antworten sie:","that they should do this or that, they reply:","dat hulle dit of dat moet doen, antwoord hulle:"
NL-UtHUA_A363596_502,7,"Ach! Nein, wir nicht, als wen\u0304 die He nhuter","„Ach! Nein, wir nicht, als wenn die Herrnhuter","“Oh! No, not us, as if the Moravians","“Ag! Nee, nie ons nie, asof die Morawiërs"
NL-UtHUA_A363596_503,7,"Unſer Lehrer haben geſagt, es ſey nicht gut,","unser Lehrer gesagt haben, es sei nicht gut,",Our teacher said it wasn't good.,Ons onderwyser het gesê dit was nie goed nie.
NL-UtHUA_A363596_504,7,wir,,,
NL-UtHUA_A363596_505,7,"<pb n=""11a"" source=""NL-UtHUA_A363596_000011.jpg"" />","<pb n=""11a"" source=""NL-UtHUA_A363596_000011.jpg"" />","<pb n=""11a"" source=""NL-UtHUA_A363596_000011.jpg"" />","<pb n=""11a"" bron=""NL-UtHUA_A363596_000011.jpg"" />"
NL-UtHUA_A363596_506,7,"wir ſollen uns nicht meh thun, oder: wir wollen","wir sollen uns nicht mehr rühren“, oder: „Wir wollen","""We shouldn't move anymore,"" or: ""We want","""Ons moet nie meer trek nie,"" of: ""Ons wil hê"
NL-UtHUA_A363596_507,7,"erſt unſer Lehrer f agen, ob das auch gut ſey.","erst unseren Lehrer fragen, ob das auch gut sei.“","First ask our teacher if that's okay too.""","Vra eers vir ons onderwyser of dit ook reg is."""
NL-UtHUA_A363596_508,7,Sollten ſie alſo nicht aus Gehorſam gegen Euch,„Sollten sie also nicht aus Gehorsam gegen euch,"""So should they not be out of obedience to you","""Sou hulle dan nie uit gehoorsaamheid aan jou wees nie"
NL-UtHUA_A363596_509,7,"berüthen, wen ih ihnen ſagt, daß ſie beſſer auf","beraten werden, wenn ihr ihnen sagt, dass sie besser auf",They will be advised if you tell them that they should look for advice.,Hulle sal aangeraai word as jy vir hulle sê dat hulle raad moet soek.
NL-UtHUA_A363596_510,7,ihr Vieh paſſen müßten. D 3\u1d57 redete b . Schwinn,ihr Vieh passen müssten?“ D. 3. redete Br. Schwinn,their cattle would have to fit?” D. 3. Br. Schwinn spoke,sou hul beeste moes pas?” D. 3. Br. Schwinn het gepraat
NL-UtHUA_A363596_511,7,über Joh. 12 v 32; die Singſtunde hielt b . Küh\u2e17,"über Joh. 12, Vers 32; die Singstunde hielt Br. Kühnel","on John 12, verse 32; the singing lesson was led by Brother Kühnel.","oor Johannes 12, vers 32; die sangles is deur Broer Kühnel gelei."
NL-UtHUA_A363596_512,7,"nel vor dem Hauß. D 4\u1d57 Zu Mittag, als wir aſſen","vor dem Haus. D. 4. Zu Mittag, als wir aßen,","in front of the house. D. 4. At noon, when we were eating,","voor die huis. D. 4. Teen die middaguur, terwyl ons geëet het,"
NL-UtHUA_A363596_513,7,"kamen, kam ein Hottentott und ſagte, es ſey ein","kamen, kam ein Hottentotte und sagte, es sei ein","When they came, a Hottentot came and said it was a","Toe hulle kom, het 'n Hottentot gekom en gesê dit was 'n"
NL-UtHUA_A363596_514,7,"Man\u0304, den einen G aben um ſeinen Garten","Mann, der einen Graben um seinen Garten",Man who dug a trench around his garden,Man wat 'n sloot om sy tuin gegrawe het
NL-UtHUA_A363596_515,7,"machen wollte, ohnmächtig geworden. B :","machen wollte, ohnmächtig geworden. Br.","He wanted to do something, but fainted. Br.","Hy wou iets doen, maar het flou geword. Br."
NL-UtHUA_A363596_516,7,"Marsveld ging gleich hin, es zeigte ſich aber,","Marsveld ging gleich hin; es zeigte sich aber,","Marsveld went there immediately; however, it turned out that",Marsveld het dadelik daarheen gegaan; dit het egter geblyk dat
NL-UtHUA_A363596_517,7,daß er todt wa . Er hatte mehremale vom,dass er tot war. Er hatte mehrmals vom,that he was dead. He had mentioned it several times.,dat hy dood was. Hy het dit al verskeie kere genoem.
NL-UtHUA_A363596_518,7,"G aben geſagt: ich weiß nicht, wie mir wi d,","Graben gesagt: „Ich weiß nicht, wie mir wird,","Graben said: “I don’t know how I’ll feel,","Graben het gesê: “Ek weet nie hoe ek sal voel nie,"
NL-UtHUA_A363596_519,7,"ſo a tig wi d, und wollte weggehen, als er","so eigenartig wird“, und wollte weggehen. Als er","""It's getting so strange,"" and wanted to leave. When he","""Dit raak so vreemd,"" en wou weggaan. Toe hy"
NL-UtHUA_A363596_520,7,aber ein Paa Schritte gegangen wa fiel,"aber ein paar Schritte gegangen war, fiel","but after taking a few steps, he fell","maar nadat hy 'n paar treë gegee het, het hy geval"
NL-UtHUA_A363596_521,7,"er nieder, und gab kein Zeichen des Lebens",er nieder und gab kein Zeichen des Lebens,He lay down and gave no sign of life,Hy het gaan lê en geen teken van lewe gegee nie
NL-UtHUA_A363596_522,7,meh von ſich. Abends las b . Kühnel das,mehr von sich. Abends las Br. Kühnel das,"more about himself. In the evening, Brother Kühnel read the",meer oor homself. In die aand het Broer Kühnel die
NL-UtHUA_A363596_523,7,2 Capitel der Apoſtel geſchichte. D 5\u1d57 wurde der,2. Kapitel der Apostelgeschichte. D. 5. wurde der,Chapter 2 of the Acts of the Apostles. D. 5. was the,Hoofstuk 2 van die Handelinge van die Apostels. D. 5. was die
NL-UtHUA_A363596_524,7,geſtern geſtorbene Man\u0304 begraben; Abends redete,gestern gestorbene Mann begraben; abends redete,Buried the man who died yesterday; in the evening he spoke,Het die man begrawe wat gister gesterf het; in die aand het hy gepraat
NL-UtHUA_A363596_525,7,"b . Kühnel über Joh. 13, 20. D 6\u1d57 kam unſre","Br. Kühnel über Joh. 13, 20. D. 6. kam unsere","Brother Kühnel on John 13:20. On the 6th of October, our","Broer Kühnel oor Johannes 13:20. Op die 6de Oktober, ons"
NL-UtHUA_A363596_526,7,Schweſte Suſanna wieder nach Hauſe. Sie iſt,Schwester Susanna wieder nach Hause. Sie ist,Sister Susanna is back home.,Suster Susanna is terug by die huis.
NL-UtHUA_A363596_527,8,beym Land-drost auf Stellenboſch geweſen,beim Landdrost auf Stellenbosch gewesen,I was with the Landdrost in Stellenbosch,Ek was by die Landdros in Stellenbosch
NL-UtHUA_A363596_528,8,u hat ſich über einen baue n Namens Stoffel,und hat sich über einen Bauern namens Stoffel,and complained about a farmer named Stoffel,en het gekla oor 'n boer met die naam Stoffel
NL-UtHUA_A363596_529,8,"G unewald beklagt, bey welchem ih Sohn dient,","Grunewald beklagt, bei welchem ihr Sohn dient,","Grunewald complains, in whose service her son works,","Grunewald kla, in wie se diens haar seun werk,"
NL-UtHUA_A363596_530,8,den ſie wieder haben will. der baue will ihn,den sie wiederhaben will. Der Bauer will ihn,whom she wants back. The farmer wants him.,wie sy wil terug hê. Die boer wil hom hê.
NL-UtHUA_A363596_531,8,"aber nicht ziehen laſſen, ſondern verlangt daß","aber nicht ziehen lassen, sondern verlangt, dass","but not let go, but demands that","maar nie laat gaan nie, maar eis dat"
NL-UtHUA_A363596_532,8,er noch ein Jah länger bey ihm dienen,er noch ein Jahr länger bei ihm dienen,he would serve with him for another year,hy sou nog 'n jaar saam met hom dien
NL-UtHUA_A363596_533,8,"ſoll, weil er die Ochſen, die er hütete dem","soll, weil er die Ochsen, die er hütete, dem","supposedly, because he gave the oxen he was herding to the","vermoedelik, omdat hy die osse wat hy opgepas het, aan die"
NL-UtHUA_A363596_534,8,baue,Bauern,farmers,boere
NL-UtHUA_A363596_535,8,"<pb n=""11b"" source=""NL-UtHUA_A363596_000011.jpg"" />","<pb n=""11b"" source=""NL-UtHUA_A363596_000011.jpg"" />","<pb n=""11b"" source=""NL-UtHUA_A363596_000011.jpg"" />","<pb n=""11b"" bron=""NL-UtHUA_A363596_000011.jpg"" />"
NL-UtHUA_A363596_536,8,Kleine und Korn hat laufen laſſen. Seine dienſtzeit,ins Kleine und Korn hat laufen lassen. Seine Dienstzeit,He let things run their course. His service,Hy het dinge hul gang laat gaan. Sy diens
NL-UtHUA_A363596_537,8,"wa ſchon voriges Jah zu Ende, weil er aber dem bau\u2e17","war schon voriges Jahr zu Ende, weil er aber dem Bauern,","It had already ended last year, but because he had given it to the farmer,","Dit het reeds verlede jaar geëindig, maar omdat hy dit vir die boer gegee het,"
NL-UtHUA_A363596_538,8,"er die Ochſen, welche er hütete ins Korn hatte laufen","die Ochsen, welche er hütete, ins Korn hatte laufen",The oxen he was herding had run into the cornfield,"Die osse wat hy opgepas het, het die mielieland ingehardloop"
NL-UtHUA_A363596_539,8,"laſſen, ſo wu de ihm groſſe Schade geſchehen; ſo","lassen, so wurde ihm großer Schaden geschehen; so","If he were to let it happen, great harm would befall him;","As hy dit sou laat gebeur, sou groot skade hom tref;"
NL-UtHUA_A363596_540,8,nöthigte er ihn noch ein Jah im dienſt zu bleiben,nötigte er ihn noch ein Jahr im Dienst zu bleiben.,He forced him to remain in service for another year.,Hy het hom gedwing om nog 'n jaar in diens te bly.
NL-UtHUA_A363596_541,8,"dieſes termin iſt nun auch abgelaufen, allein","Dieser Termin ist nun auch abgelaufen, allein","This deadline has now also expired, alone","Hierdie sperdatum het nou ook verstryk, alleen"
NL-UtHUA_A363596_542,8,da in dieſer Zeit dem baue ein Pfe d crepel,da in dieser Zeit dem Bauern ein Pferd lahm,because during this time the farmer had a horse that went lame,want gedurende hierdie tyd het die boer 'n perd gehad wat kreupel geword het
NL-UtHUA_A363596_543,8,"iſt, ſo ſagt er wieder, der Junge ſey Schuld da an,","ist, so sagt er wieder, der Junge sei schuld daran,",He says again that the boy is to blame.,Hy sê weer dat die seun te blameer is.
NL-UtHUA_A363596_544,8,"hätte er beſſer aufgepaſt, ſo wäre das nicht","hätte er besser aufgepasst, so wäre das nicht","If he had paid better attention, this wouldn't have happened.","As hy beter aandag gegee het, sou dit nie gebeur het nie."
NL-UtHUA_A363596_545,8,"geſchehen, dahe ſoll er auch dieſen Schaden aba \u2e17","geschehen, daher soll er auch diesen Schaden abarbeiten.","This happened, therefore he should also pay for this damage.","Dit het gebeur, daarom moet hy ook vir hierdie skade betaal."
NL-UtHUA_A363596_546,8,beiten. So ſuchen die baue n unter allerhand,So suchen die Bauern unter allerhand,So the farmers search among all sorts of things,So soek die boere tussen allerhande dinge
NL-UtHUA_A363596_547,8,eitele Vo wand die Hottentotten zeitlebens in ihrem,eitlem Vorwand die Hottentotten zeitlebens in ihrem,vain pretext to keep the Hottentots in their homeland for life,ydele voorwendsel om die Hottentotte lewenslank in hul vaderland te hou
NL-UtHUA_A363596_548,8,dienſt zu erhalten. der Land-drost gab ih einen,Dienst zu erhalten. Der Landdrost gab ihr einen,to receive service. The Landdrost gave her a,om diens te ontvang. Die Landdros het haar 'n
NL-UtHUA_A363596_549,8,"b ief an den baue n, bey welchem ihr Sohn iſt, mit.","Brief an den Bauern, bei welchem ihr Sohn ist, mit.",A letter to the farmer where her son is staying.,'n Brief aan die boer waar haar seun bly.
NL-UtHUA_A363596_550,8,Abends las b Schwinn das 3\u1d57 Cap aus der Ap. Geſch.,Abends las Br. Schwinn das 3. Kapitel aus der Apostelgeschichte,"In the evening, Brother Schwinn read the third chapter of the Acts of the Apostles.",In die aand het Broer Schwinn die derde hoofstuk van die Handelinge van die Apostels gelees.
NL-UtHUA_A363596_551,8,Und hielt ſodan Singſtunde vor unſerm Hauß.,und hielt sodann Singstunde vor unserem Haus.,and then held a singing lesson in front of our house.,en toe 'n sangles voor ons huis gehou.
NL-UtHUA_A363596_552,8,Um 7 Uh hielten wir uns Liebesmahl des Genuß,"Um 7 Uhr hielten wir unser Liebesmahl, den Genuss","At 7 o'clock we held our love feast, the enjoyment","Om 7 uur het ons ons liefdesfees gehou, die genot"
NL-UtHUA_A363596_553,8,des Leibes u Blutes Jeſu im H. Abendmahl. Unſre,des Leibes und Blutes Jesu im Heiligen Abendmahl. Unsere,of the Body and Blood of Jesus in the Holy Communion. Our,van die Liggaam en Bloed van Jesus in die Heilige Nagmaal. Ons
NL-UtHUA_A363596_554,8,2 Schweſtern Anna Ma ia und Rahel kon\u0304ten,zwei Schwestern Anna Maria und Rahel konnten,two sisters Anna Maria and Rahel could,twee susters Anna Maria en Rahel kon
NL-UtHUA_A363596_555,8,es beide mit genießen. Die Anna Ma ia wa,es beide mit genießen. Anna Maria war,They both enjoyed it. Anna Maria was,Hulle het dit albei geniet. Anna Maria was
NL-UtHUA_A363596_556,8,ſeit einiger Zeit k ank und wir glaubten nicht,"seit einiger Zeit krank, und wir glaubten nicht,","She had been ill for some time, and we didn't think so.","Sy was al 'n geruime tyd siek, en ons het nie so gedink nie."
NL-UtHUA_A363596_557,8,daß ſie dießmal würde dabey ſeyn können.,dass sie dieses Mal dabei sein könnte.,that she might be there this time.,dat sy hierdie keer daar mag wees.
NL-UtHUA_A363596_558,8,Sie ſagte: ich verlange ga ſeh nach dieſem hohen,Sie sagte: „Ich verlange gar sehr nach diesem hohen,She said: “I very much long for this high,Sy het gesê: “Ek verlang baie na hierdie hoogtepunt
NL-UtHUA_A363596_559,8,"Gut, im Heiland ſtärkte ſie auch ſo, daß ſie kom\u0304en","Gut.“ Der Heiland stärkte sie auch so, dass sie kommen","""Good."" The Savior also strengthened them so that they could come.",“Goed.” Die Verlosser het hulle ook versterk sodat hulle kon kom.
NL-UtHUA_A363596_560,8,konte. Den 8\u1d57 ſp ach b . Marsveld über Pſalm,konnte. Den 8. sprach Br. Marsveld über Psalm,"could. On the 8th, Brother Marsveld spoke about Psalm 11.",kon. Op die 8ste het Broer Marsveld oor Psalm 11 gepraat.
NL-UtHUA_A363596_561,8,107 v 3 - 7. Nachher kamen 2 baue n Hottentot\u2e17,"107, Vers 3–7. Nachher kamen zwei Bauern-Hottentotten","107, verses 3–7. Afterwards came two peasant Hottentots.","107, verse 3–7. Daarna het twee Hottentotte, 'n boer, gekom."
NL-UtHUA_A363596_562,8,"ten zu unſern, (welche ihnen helfen ſollten) Miſt","zu uns (welche ihnen helfen sollten), um Mist","to us (who should help them), to muck","aan ons (wat hulle moet help), om te mors"
NL-UtHUA_A363596_563,8,fahren. Auch wurde b : Kühnel zu unſre Schweſter,fahren. Auch wurde Br. Kühnel zu unserer Schwester,drive. Brother Kühnel also became our sister.,ry. Broer Kühnel het ook ons suster geword.
NL-UtHUA_A363596_564,8,"Catha ina gerufen, die k ank iſt. Sie wohnt eine","Catharina gerufen, die krank ist. Sie wohnt eine","Catharina was called, who is ill. She lives in a","Catharina is gebel, wat siek is. Sy woon in 'n"
NL-UtHUA_A363596_565,8,"<pb n=""12a"" source=""NL-UtHUA_A363596_000012.jpg"" />","<pb n=""12a"" source=""NL-UtHUA_A363596_000012.jpg"" />","<pb n=""12a"" source=""NL-UtHUA_A363596_000012.jpg"" />","<pb n=""12a"" bron=""NL-UtHUA_A363596_000012.jpg"" />"
NL-UtHUA_A363596_566,8,Kleine Stunde von uns. D. 9\u1d57 kamen 2 bauren Na\u2e17,kleine Stunde von uns. D. 9. kamen zwei Bauern namens,"A short hour from us. On the 9th, two farmers named [name omitted] came.",'n Kort uur van ons af. Op die 9de het twee boere met die naam [naam weggelaat] gekom.
NL-UtHUA_A363596_567,8,mens Jan Cholman und Stoffel G unewald. Lezte\u2e17,Jan Cholman und Stoffel Grunewald. Letzterer,Jan Cholman and Stoffel Grunewald. The latter,Jan Cholman en Stoffel Grunewald. Laasgenoemde
NL-UtHUA_A363596_568,8,rer wohnt etwa 5 und Letzterer 3 Meilen von hier.,wohnt etwa 5 und Ersterer 3 Meilen von hier.,lives about 5 miles from here and the first one lives 3 miles from here.,woon omtrent 5 myl van hier af en die eerste een woon 3 myl van hier af.
NL-UtHUA_A363596_569,8,"Cholman wollte einen Hottentotten ſprechen, dem","Cholman wollte einen Hottentotten sprechen, dem","Cholman wanted to speak to a Hottentot, to whom","Cholman wou met 'n Hottentot praat, aan wie"
NL-UtHUA_A363596_570,8,"er Geld gebo gt, als er einmal nicht ziehen wollte.","er Geld geborgt hatte, als er einmal nicht ziehen wollte.",he had borrowed money when he didn't want to go out on a particular occasion.,Hy het geld geleen toe hy nie by 'n spesifieke geleentheid wou uitgaan nie.
NL-UtHUA_A363596_571,8,der Hottentott hatte verſp ochen dieſe Schuld abzu\u2e17,"Der Hottentotte hatte versprochen, diese Schuld abzuverdienen.",The Hottentot had promised to earn back this debt.,Die Hottentot het belowe om hierdie skuld terug te verdien.
NL-UtHUA_A363596_572,8,"verdienen. Er wa auch eine Weile bey dem baue ,","Er war auch eine Weile bei dem Bauern,","He also stayed with the farmer for a while,","Hy het ook 'n rukkie by die boer gebly,"
NL-UtHUA_A363596_573,8,den bat er um Erlaubniß ſeine Mutter zu be\u2e17,"den bat er um Erlaubnis, seine Mutter zu besuchen,",He asked him for permission to visit his mother.,Hy het hom toestemming gevra om sy ma te besoek.
NL-UtHUA_A363596_574,8,"ſuchen, die k ank iſt. Er iſt ſeit dem nicht meh",die krank ist. Er ist seitdem nicht mehr,who is ill. He hasn't been since.,wie is siek. Hy was sedertdien nie meer siek nie.
NL-UtHUA_A363596_575,8,"zu dem baue gegangen. G unewald, der auch","zu dem Bauern gegangen. Grunewald, der auch","Went to the farmer. Grunewald, who also","Het na die boer gegaan. Grunewald, wat ook"
NL-UtHUA_A363596_576,8,"ſieht, als könte er nicht auf drey zählen, ſagte:","sieht, als könnte er nicht auf drei zählen, sagte:","He looked as if he couldn't count to three, he said:","Hy het gelyk asof hy nie tot drie kon tel nie, en gesê:"
NL-UtHUA_A363596_577,8,Baas Teunis habe eine Vero dnung ausgehen,„Baas Teunis habe eine Verordnung ausgehen,"""Baas Teunis has issued a regulation",“Baas Teunis het ’n regulasie uitgevaardig
NL-UtHUA_A363596_578,8,"laſſen, nach welcher es dem jedem baue die","lassen, nach welcher es jedem Bauern, der","let, according to which every farmer who","laat, waarvolgens elke boer wat"
NL-UtHUA_A363596_579,8,"einen Hottentott im dienſt hat, f ey ſtehe, wan","einen Hottentotten im Dienst hat, freistehe, wenn","has a Hottentot on duty, stand free if","het 'n Hottentot aan diens, staan vry as"
NL-UtHUA_A363596_580,8,"ihm derſelbe nicht gehorſam iſt, in den C\u200braal","ihm derselbe nicht gehorsam ist, in den Kraal","if he is disobedient to him, into the kraal","as hy ongehoorsaam aan hom is, in die kraal"
NL-UtHUA_A363596_581,8,zu gehen und den Hottentott auf Leben und Tod,zu gehen und den Hottentotten auf Leben und Tod,to go and put the Hottentots on life and death terms,om die Hottentotte op lewens- en doodsterme te plaas
NL-UtHUA_A363596_582,8,zu ſchlagen. Er ſagt ferner: es iſt mir auch ei\u2e17,zu schlagen.“ Er sagt ferner: „Es ist mir auch einer,to beat.“ He further says: “It is also one of my,om te klop.“ Hy sê verder: “Dit is ook een van my
NL-UtHUA_A363596_583,8,"ner etwas ſchuldig, wen ich pflügen werde, ſo","etwas schuldig; wenn ich pflügen werde, so","owed something; when I plow, then","iets geskuld; wanneer ek ploeg, dan"
NL-UtHUA_A363596_584,8,"muß er kom\u0304en, thut er es nicht, ſo kom\u0304e ich","muss er kommen. Tut er es nicht, so komme ich","He must come. If he doesn't, I will.","Hy moet kom. Indien nie, sal ek."
NL-UtHUA_A363596_585,8,"mit einem Man\u0304, und ſtrafe ihn nach Verdienſt.",mit einem Mann und strafe ihn nach Verdienst.“,with a man and punish him according to his merit.”,met 'n man en straf hom volgens sy verdienste.”
NL-UtHUA_A363596_586,8,"Wir erwiederten auf dieſe Anzeige, es wäre uns","Wir erwiderten auf diese Anzeige, es wäre uns",We responded to this advertisement; it would be ours,Ons het op hierdie advertensie gereageer; dit sou ons s'n wees
NL-UtHUA_A363596_587,8,nicht bekant daß die bauren ſolche F eiheit hätten.,"nicht bekannt, dass die Bauern solche Freiheit hätten.",It was not known that farmers had such freedom.,Dit was nie bekend dat boere sulke vryheid gehad het nie.
NL-UtHUA_A363596_588,8,"Sie geſtanden hierauf, es wäre ehmals nicht ſo","Sie gestanden hierauf, es wäre ehemals nicht so",They then admitted that it had not always been like that.,Hulle het toe erken dat dit nie altyd so was nie.
NL-UtHUA_A363596_589,8,"geweſen, gegenwärtig aber ſey es wirklich ſo.","gewesen, gegenwärtig aber sei es wirklich so.","It used to be like that, but it really is like that now.","Dit was vroeër so, maar dit is nou regtig so."
NL-UtHUA_A363596_590,8,"Wir konten hierbey nichts thun, als Stillſchweigen;","Wir konnten hierbei nichts tun, als stillzuschweigen;",There was nothing we could do but remain silent;,Daar was niks wat ons kon doen behalwe stilbly nie;
NL-UtHUA_A363596_591,8,Weil es von der Ob igkeit den bauren erlaubt,weil es von der Obrigkeit den Bauern erlaubt,because the authorities allow the farmers to do so,omdat die owerhede die boere toelaat om dit te doen
NL-UtHUA_A363596_592,8,iſt; den\u0304 wir müſſen uns ſeh in Acht nehmen daß,"ist; denn wir müssen uns sehr in Acht nehmen, dass",is; for we must be very careful that,is; want ons moet baie versigtig wees dat
NL-UtHUA_A363596_593,8,wir nicht gegen die Ob igkeit reden. Ih könt,wir nicht gegen die Obrigkeit reden. Ihr könnt,We are not speaking against the authorities. You can,Ons praat nie teen die owerhede nie. Jy kan
NL-UtHUA_A363596_594,8,euch,,,
NL-UtHUA_A363596_595,8,"<pb n=""12b"" source=""NL-UtHUA_A363596_000012.jpg"" />","<pb n=""12b"" source=""NL-UtHUA_A363596_000012.jpg"" />","<pb n=""12b"" source=""NL-UtHUA_A363596_000012.jpg"" />","<pb n=""12b"" bron=""NL-UtHUA_A363596_000012.jpg"" />"
NL-UtHUA_A363596_596,8,"euch die Geſchichte d. vorſtellen, daß uns dergleichen Um\u2e17","euch die Geschichte davon vorstellen, dass uns dergleichen Umstände",Imagine the story of how we experienced such circumstances,Stel jou die storie voor van hoe ons sulke omstandighede ervaar het
NL-UtHUA_A363596_597,8,ſtände ſeh angreiffen. Wir bitten übe daher zu,sehr angreifen. Wir bitten überdies daher zu,very attack. We therefore also ask you to,baie aanval. Ons vra u dus ook om
NL-UtHUA_A363596_598,8,Gott um Erba mung für dieſes a me Volk.,Gott um Erbarmung für dieses arme Volk.,"God, have mercy on this poor people.","God, wees hierdie arme volk genadig."
NL-UtHUA_A363596_599,8,D. 10\u1d57 redete b . Schwinn über Marci 16 v 15. Die Sing\u2e17,"D. 10. redete Br. Schwinn über Markus 16, Vers 15. Die Singstunde","On the 10th day, Brother Schwinn spoke about Mark 16, verse 15. The singing lesson.","Op die 10de dag het Broer Schwinn oor Markus 16, vers 15, gepraat. Die sangles."
NL-UtHUA_A363596_600,8,ſtunde hielt b . Kühnel drauſſen vo dem Hauß. --,hielt Br. Kühnel draußen vor dem Haus. -D.,Brother Kühnel stood outside the house. -D.,Broer Kühnel het buite die huis gestaan. -D.
NL-UtHUA_A363596_601,8,"D 11\u1d57 hörten wir von Mehre en, daß die bauren u Hotten\u2e17","11. hörten wir von mehreren, dass die Bauern und Hottentotten",11. We heard from several people that the farmers and Hottentots,11. Ons het van verskeie mense gehoor dat die boere en Hottentotte
NL-UtHUA_A363596_602,9,"totten wieder auf die Wache nach dem Caap müßten,","wieder auf die Wache nach dem Kap müssten,",They would have to return to the guard post after the cape.,Hulle sou ná die kaap na die wagpos moes terugkeer.
NL-UtHUA_A363596_603,9,und daß da um unſer Land ſeh bedrübt ausſieht.,und dass darum unser Land sehr betrübt aussieht.,and that's why our country looks very sad.,en daarom lyk ons land baie hartseer.
NL-UtHUA_A363596_604,9,Abends las b : Kühnel das 4. Cap. aus de Apoſtel =,Abends las Br. Kühnel das 4. Kapitel aus der Apostelgeschichte.,"In the evening, Brother Kühnel read the fourth chapter from the Acts of the Apostles.",In die aand het broer Kühnel die vierde hoofstuk uit die Handelinge van die Apostels voorgelees.
NL-UtHUA_A363596_605,9,"Geſchichte. D 12\u1d57 holten 2 Hottentotten ihre Schaf wieder,","D. 12. holten zwei Hottentotten ihre Schafe wieder,","On the 12th day, two Hottentots retrieved their sheep.",Op die 12de dag het twee Hottentotte hul skape gaan haal.
NL-UtHUA_A363596_606,9,"welches Juffrou Teunis bey ſich hat, fo ttreiben",welche Juffrouw Teunis bei sich hatte forttreiben,which Juffrouw Teunis had with her to drive away,wat Juffrouw Teunis by haar gehad het om weg te ry
NL-UtHUA_A363596_607,9,laſſen. Sie müſſen für ein Stück 2 Schilling,lassen. Sie müssen für ein Stück 2 Schilling,Leave it. You have to pay 2 shillings for one piece.,Los dit. Jy moet 2 sjielings vir een stuk betaal.
NL-UtHUA_A363596_608,9,"zahlen. den Andern ließ Baas Teunis ſagen,","zahlen. Den anderen ließ Baas Teunis sagen,","pay. Baas Teunis had the others told,","betaal. Baas Teunis het die ander laat vertel,"
NL-UtHUA_A363596_609,9,daß ſie das übrige auch holen ſollten. Sie wollten,dass sie das Übrige auch holen sollten. Sie wollten,that they should also get the rest. They wanted,dat hulle ook die res moes kry. Hulle wou hê
NL-UtHUA_A363596_610,9,es aber nicht mehr hieher ſondern an ſolche O te,"es aber nicht mehr hierher, sondern an solche Orte","But it no longer goes here, but to such places","Maar dit gaan nie meer hierheen nie, maar na sulke plekke"
NL-UtHUA_A363596_611,9,"treiben, wo ſie ſiche wären. Die 2 erſteren hör\u2e17","treiben, wo sie sicher wären. Die zwei ersteren gehorchten,","drift where they would be safe. The first two obeyed,","dryf waar hulle veilig sou wees. Die eerste twee het gehoorsaam,"
NL-UtHUA_A363596_612,9,"ſahen, u die mögen es auch wieder her b ingen;",und die mögen es auch wieder herbringen;,and they may bring it back again;,en hulle mag dit weer terugbring;
NL-UtHUA_A363596_613,9,"was die Andern aber will er haften, daß ſie nicht","was die anderen betrifft, so will er dafür haften, dass sie nicht","As for the others, he wants to be held accountable for ensuring that they do not","Wat die ander betref, wil hy verantwoordelik gehou word om te verseker dat hulle nie"
NL-UtHUA_A363596_614,9,meh her kom\u0304en. Abends redete b : Kühnel,mehr herkommen. Abends redete Br. Kühnel,"More people come here. In the evening, Brother Kühnel spoke.",Meer mense kom hierheen. In die aand het Broer Kühnel gepraat.
NL-UtHUA_A363596_615,9,über Joh. 11 v. 25 u 26.,"über Joh. 11, Vers 25 und 26.","about John 11, verses 25 and 26.","oor Johannes 11, verse 25 en 26."
NL-UtHUA_A363596_616,9,D 13\u1d57 kamen 2 Hotten\u2e17,"D. 13. kamen zwei Hottentotten,","On the 13th day, two Hottentots arrived,","Op die 13de dag het twee Hottentotte aangekom,"
NL-UtHUA_A363596_617,9,totten die 14 Tage reiſen zu Fuß am Olivans,die 14 Tage zu Fuß reisen und am Olivans,The 14-day walking trip and the Olivan Gardens,Die 14-dae staptoer en die Olivan-tuine
NL-UtHUA_A363596_618,9,Revier wohnen. Ein baue hat ſie von da vertrie\u2e17,Revier wohnen. Ein Bauer hat sie von da vertrieben,They live in the area. A farmer drove them away from there.,Hulle woon in die omgewing. 'n Boer het hulle daarvandaan weggejaag.
NL-UtHUA_A363596_619,9,"ben, und ihnen Vieh Auch weggenom\u0304en.",und ihnen auch Vieh weggenommen.,and also took their livestock away.,en ook hulle vee weggeneem.
NL-UtHUA_A363596_620,9,Sie ſind deſhalb bey dem Land-drost gewe\u2e17,Sie sind deshalb beim Landdrost gewesen;,They therefore went to see the Landdrost;,Hulle het dus die Landdros gaan sien;
NL-UtHUA_A363596_621,9,"ſen, dieſer aber ſagte: er könne ihnen nicht","dieser aber sagte, er könne ihnen nicht",But he said he could not tell them,Maar hy het gesê hy kon hulle nie vertel nie
NL-UtHUA_A363596_622,9,helfen. Nun waren ſie auf de Caap bey Fiscal,helfen. Nun waren sie auf der Kap beim Fiskal,help. Now they were at the Cape with the fiscal.,hulp. Nou was hulle by die Kaap saam met die fiskaal.
NL-UtHUA_A363596_623,9,"Reinveld geweſen, der ihnen einen b ief mitge\u2e17","Reinveld gewesen, der ihnen einen Brief mitgegeben","Reinveld had been there, who gave them a letter","Reinveld was daar, wat vir hulle 'n brief gegee het"
NL-UtHUA_A363596_624,9,geben hat.,hat.,has.,het.
NL-UtHUA_A363596_625,9,"<pb n=""13a"" source=""NL-UtHUA_A363596_000013.jpg"" />","<pb n=""13a"" source=""NL-UtHUA_A363596_000013.jpg"" />","<pb n=""13a"" source=""NL-UtHUA_A363596_000013.jpg"" />","<pb n=""13a"" source=""NL-UtHUA_A363596_000013.jpg"" />"
NL-UtHUA_A363596_626,9,D 14 wurde b . Kühnel zu unſre Schweſte Anna,D. 14. wurde Br. Kühnel zu unserer Schwester Anna,"On the 14th, Brother Kühnel became our sister Anna.",Op die 14de het Broer Kühnel ons suster Anna geword.
NL-UtHUA_A363596_627,9,"Ma ia gerufen. Er fand ſie ſeh ſchwach, aber in ei\u2e17","Maria gerufen. Er fand sie sehr schwach, aber in einer","He called Maria. He found her very weak, but in a","Hy het Maria gebel. Hy het haar baie swak gevind, maar in 'n"
NL-UtHUA_A363596_628,9,"ner erfreülichen Herzensſtellung, und ganz in den",erfreulichen Herzensstellung und ganz in den,pleasing heart position and entirely in the,aangename hartposisie en geheel en al in die
NL-UtHUA_A363596_629,9,Willen des Heilands ergeben. Son\u0304tags d 15 redete,"Willen des Heilands ergeben. Sonntags, den 15., redete","Submitting to the Savior's will. On Sunday the 15th, he spoke.",Onderwerping aan die Verlosser se wil. Op Sondag die 15de het hy gepraat.
NL-UtHUA_A363596_630,9,b : Marsveld über Marc 14 v 3 - 9. D 16 müß\u2e17,"Br. Marsveld über Markus 14, Vers 3–9. D. 16. mussten","Br. Marsveld on Mark 14, verses 3–9. D. 16. had to","Br. Marsveld oor Markus 14, verse 3–9. D. 16. moes"
NL-UtHUA_A363596_631,9,ten wir wieder um am Serschond Revier einen C\u200braal,wir wieder am Serschond Revier einen Kraal,we again at the Serschond area a kraal,"ons weer by die Serschond-area, 'n kraal"
NL-UtHUA_A363596_632,9,"für unſre Ziegen u. Böcke machen laſſen, weil es","für unsere Ziegen und Böcke machen lassen, weil es","have it done for our goats and bucks, because it","laat dit vir ons bokke en rame doen, want dit"
NL-UtHUA_A363596_633,9,auf dieſer Seite des Reviers ſonder End ungeheü\u2e17,auf dieser Seite des Reviers ohne Ende ungeheuer,"on this side of the district, endlessly immense","aan hierdie kant van die distrik, eindeloos ontsaglik"
NL-UtHUA_A363596_634,9,"er iſt, den es k eücht daſelbſt Violen u boſcjes Män\u2e17","ist, denn es kriecht daselbst Violen und Buschmänner,","is, for violets and bushmen crawl there,","is, want viooltjies en boesmans kruip daar,"
NL-UtHUA_A363596_635,9,"ner woran viel von dieſem Vieh ſtirbt. Es ſcheint, wir","woran viel von diesem Vieh stirbt. Es scheint, wir",which is what many of these cattle die from. It seems we,dit is waaraan baie van hierdie beeste vrek. Dit lyk asof ons
NL-UtHUA_A363596_636,9,ſollen kein bauern werden. So geht es uns auch,sollen keine Bauern werden. So geht es uns auch,They shouldn't become farmers. We feel the same way.,Hulle moenie boere word nie. Ons voel dieselfde.
NL-UtHUA_A363596_637,9,"mit den Ochſen. Wir haben ſchon 3 ſchlachten müſſen,","mit den Ochsen. Wir haben schon 3 schlachten müssen,",with the oxen. We've already had to slaughter three.,met die osse. Ons moes reeds drie slag.
NL-UtHUA_A363596_638,9,die k ank waren. Wir wollten gern alles Vieh,die krank waren. Wir wollten gern alles Vieh,who were sick. We wanted all the livestock.,wat siek was. Ons wou al die vee hê.
NL-UtHUA_A363596_639,9,"abſchaffen, wän\u0304 wir eine Möglichkeit ſehen ohne","abschaffen, wenn wir eine Möglichkeit sehen, ohne",abolish it if we see a way to do so without,skaf dit af as ons 'n manier sien om dit te doen sonder
NL-UtHUA_A363596_640,9,"daſſelbe zurechtzukom\u0304en. Es geht aber nicht, wir","dasselbe zurechtzukommen. Es geht aber nicht, wir","to cope the same way. But it's not possible, we","om op dieselfde manier te hanteer. Maar dit is nie moontlik nie, ons"
NL-UtHUA_A363596_641,9,müſſen Vieh haben ſonderlich Ochſen. Wie ſollten,"müssen Vieh haben, besonders Ochsen. Wie sollten","They must have livestock, especially oxen. How should they","Hulle moet vee hê, veral osse. Hoe moet hulle"
NL-UtHUA_A363596_642,9,"wir ohne dieſelben b e\u0304n\u0304holz, Ko n oder Mehl","wir ohne dieselben Brennholz, Korn oder Mehl","we without the same firewood, grain or flour","ons sonder dieselfde brandhout, graan of meel"
NL-UtHUA_A363596_643,9,bekom\u0304en? Mit dem Mehl haben wir es be\u2e17,"bekommen? Mit dem Mehl haben wir es beschwerlich,","We got it? We're having trouble with the flour,",Het ons dit? Ons sukkel met die meel.
NL-UtHUA_A363596_644,9,"ſchwerlich, den\u0304 es iſt in der ganzen Gegend keine",denn es ist in der ganzen Gegend keine,because there isn't one in the whole area,want daar is nie een in die hele gebied nie
NL-UtHUA_A363596_645,9,"Mühle, die im Som\u0304er mahlen kan. Es iſt wol","Mühle, die im Sommer mahlen kann. Es ist wohl",A mill that can grind in summer. It's probably,'n Meul wat in die somer kan maal. Dis waarskynlik
NL-UtHUA_A363596_646,9,"eine 1 1/2 Meile von uns, da aber in einem Bezirk","eine 1 1/2 Meile von uns, da aber in einem Bezirk","a 1 1/2 mile from us, but in a district","'n 1 1/2 myl van ons af, maar in 'n distrik"
NL-UtHUA_A363596_647,9,"von 10 Meilen ſonſt keine giebt, ſo komt das alles","von 10 Meilen sonst keine gibt, so kommt das alles","Since there are no other miles within a 10-mile radius, that's how all this comes about.","Aangesien daar geen ander myl binne 'n radius van 10 myl is nie, is dit hoe dit alles gebeur."
NL-UtHUA_A363596_648,9,Zuſamen. Wir haben unſern Ko n ſchon 14 Tage,zusammen. Wir haben unser Korn schon 14 Tage,together. We've had our grain for 14 days already.,saam. Ons het ons graan al vir 14 dae.
NL-UtHUA_A363596_649,9,"do t, u. wiſſen noch nicht wan\u0304 er wieder komt.","dort und wissen noch nicht, wann er wieder kommt.",They are there and don't yet know when he will return.,Hulle is daar en weet nog nie wanneer hy sal terugkeer nie.
NL-UtHUA_A363596_650,9,In der ganzen Zeit müſſen wir 2 Menſchen daſelbſt in,In der ganzen Zeit müssen wir 2 Menschen daselbst in,"During that entire time, we had to see two people there.",Gedurende daardie hele tyd moes ons twee mense daar sien.
NL-UtHUA_A363596_651,9,"Koſt u Lohn haben, weil ſonſt ga nicht an das dresh","Kost und Lohn haben, weil sonst gar nicht an das Dreschen","They need food and wages, otherwise they can't even start threshing.","Hulle het kos en lone nodig, anders kan hulle nie eers begin dors nie."
NL-UtHUA_A363596_652,9,gedacht wi d. In de Regenzeit hat dieſe Mühle auch,gedacht wird. In der Regenzeit hat diese Mühle auch,is thought of. This mill also has a function during the rainy season.,word gedink. Hierdie meule het ook 'n funksie gedurende die reënseisoen.
NL-UtHUA_A363596_653,9,"viel zu thun, den\u0304 die meiſten baüren haben ſelbſt","viel zu tun, denn die meisten Bauern haben selbst","They have a lot to do, because most farmers have to do it themselves","Hulle het baie om te doen, want die meeste boere moet dit self doen."
NL-UtHUA_A363596_654,9,"Mühlen, wo ſie für ſich ſelbſt aber für niemand an\u2e17","Mühlen, wo sie für sich selbst, aber für niemand anderes","Mills, where they are for themselves, but for no one else","Meulens, waar hulle vir hulself is, maar vir niemand anders nie"
NL-UtHUA_A363596_655,9,"dres mahlen. So bald die Regenzeit vorbey iſt, hö t","mahlen. Sobald die Regenzeit vorbei ist, hört","grinding. As soon as the rainy season is over, it stops.","maal. Sodra die reënseisoen verby is, stop dit."
NL-UtHUA_A363596_656,9,"<pb n=""13b"" source=""NL-UtHUA_A363596_000013.jpg"" />","<pb n=""13b"" source=""NL-UtHUA_A363596_000013.jpg"" />","<pb n=""13b"" source=""NL-UtHUA_A363596_000013.jpg"" />","<pb n=""13b"" bron=""NL-UtHUA_A363596_000013.jpg"" />"
NL-UtHUA_A363596_657,9,das mahlen auch. Jezt müſſen wir uns mit Mehl verſehen,"das Mahlen auch. Jetzt müssen wir uns mit Mehl versehen,",The grinding too. Now we need to get some flour.,Die maalwerk ook. Nou moet ons bietjie meel kry.
NL-UtHUA_A363596_658,9,den\u0304 zu Regenzeit kön\u0304en wir nicht übers Revier. Unſre Ser\u2e17,denn zur Regenzeit können wir nicht übers Revier. Unsere SerresMühlen,Because we can't cross the area during the rainy season. Our Serres mills,Omdat ons nie gedurende die reënseisoen die gebied kan oorsteek nie. Ons Serres-meule
NL-UtHUA_A363596_670,9,"res Mühlen giebt da im Som\u0304er mahlen, denen iſt das Mehl","gibt es da im Sommer, die mahlen, denen ist das Mehl,",Are there any mills there in the summer that produce flour?,Is daar enige meulens daar in die somer wat meel produseer?
NL-UtHUA_A363596_671,9,das das Waſſer fehlt. Von dieſer Poſt kön\u0304en wir uns be\u2e17,das Wasser fehlt. Von dieser Post können wir uns beklagen;,The water is missing. We can complain about this post office;,Die water ontbreek. Ons kan oor hierdie poskantoor kla;
NL-UtHUA_A363596_672,9,klagen; müſſen wir uns noch für Grund und Boden,müssen wir uns noch für Grund und Boden,do we still need to buy land?,Moet ons nog steeds grond koop?
NL-UtHUA_A363596_673,9,"vermahren, da bey uns iſt auch in der t\u200brocknen Zeit Waſſer","vermehren, da bei uns auch in der trockenen Zeit Wasser","multiply, since we also have water during the dry season","vermenigvuldig, aangesien ons ook water het gedurende die droë seisoen"
NL-UtHUA_A363596_674,9,"genung für eine Mühle, welches hier zu Lande ſeh ſchätzbar iſt.","genug für eine Mühle, welches hierzulande sehr schätzbar ist.","Enough for a mill, which is highly valued in this country.","Genoeg vir 'n meule, wat hoogs gewaardeer word in hierdie land."
NL-UtHUA_A363596_675,9,Seit unſre 5 Anker haben wir ſchon lange keinen t\u200bropfen,Seit unseren 5 Ankern haben wir schon lange keinen Tropfen,We haven't had a drop of water since our 5 anchorages.,Ons het nie 'n druppel water gehad sedert ons 5 ankerplekke nie.
NL-UtHUA_A363596_676,9,"Milch zum Caffè bekom\u0304en, haben auch keinen Ausſicht bald welche","Milch zum Kaffee bekommen, haben auch keine Aussicht, bald welche",We don't have any prospect of getting milk for our coffee anytime soon.,Ons het geen vooruitsig om binnekort melk vir ons koffie te kry nie.
NL-UtHUA_A363596_677,9,"zu k iegen. D 17 redete b : Schwinn über Matth. 5, 11, 12.","zu kriegen. D. 17. redete Br. Schwinn über Matthäus 5, 11, 12.","to get. On the 17th day, Brother Schwinn spoke about Matthew 5:11-12.",om te kry. Op die 17de dag het Broer Schwinn oor Matteus 5:11-12 gepraat.
NL-UtHUA_A363596_678,9,Die Singſtunde hielt b . Kühnel. D 18 hatte b . Schwinn,Die Singstunde hielt Br. Kühnel. D. 18. hatte Br. Schwinn,"Brother Kühnel led the singing lesson. On the 18th, Brother Schwinn led the lesson.",Broer Kühnel het die sangles gelei. Op die 18de het Broer Schwinn die les gelei.
NL-UtHUA_A363596_679,9,ſeinen 46\u1d57 Geburtsttag. Es kamen 4 von unſern Schweſtern,seinen 46. Geburtstag. Es kamen 4 von unseren Schwestern,His 46th birthday. Four of our sisters came.,Sy 46ste verjaarsdag. Vier van ons susters het gekom.
NL-UtHUA_A363596_681,9,"mit Anb\u200bruch des Tages, um ihn mit Geſang zu wecken wozu","mit Anbruch des Tages, um ihn mit Gesang zu wecken, wozu","at daybreak, to wake him with song, for what purpose","met dagbreek, om hom met lied wakker te maak, vir watter doel"
NL-UtHUA_A363596_682,9,"wir die Flöthe blieſen. Nachher kam\u0304en die Andern, ihm Glück","wir die Flöte bliesen. Nachher kamen die anderen, ihm Glück","We played the flute. Afterwards the others came, his luck.","Ons het fluit gespeel. Daarna het die ander gekom, sy geluk."
NL-UtHUA_A363596_683,9,zu wünſchen. Auch wa heüte das Sp echen de TaufCandidaten,zu wünschen. Auch war heute das Sprechen der Taufkandidaten.,to be desired. Also today was the speech of the baptismal candidates.,te wense oor. Ook vandag was die toespraak van die doopkandidate.
NL-UtHUA_A363596_684,9,Verſchiedene unter ihnen wünſchen niemeh Leben,Verschiedene unter ihnen wünschen nicht mehr Leben,Several of them no longer wish to live.,Verskeie van hulle wil nie meer lewe nie.
NL-UtHUA_A363596_685,9,"mit Gott; von den meiſten kan man indeß ſagen, daß es","mit Gott; von den meisten kann man indes sagen, dass es","with God; however, it can be said of most that it",met God; dit kan egter van die meeste gesê word dat dit
NL-UtHUA_A363596_686,9,ihr ganzer Sin\u0304 iſt für den Heiland in dieſer Welt zu,"ihr ganzer Sinn ist, für den Heiland in dieser Welt zu",Their entire purpose is to serve the Savior in this world,Hul hele doel is om die Verlosser in hierdie wêreld te dien
NL-UtHUA_A363596_687,9,leben. Abends las b . Kühnel Apoſt: Geſchicht Cap. 6.,leben. Abends las Br. Kühnel Apostelgeschichte Kapitel 6.,"life. In the evening, Brother Kühnel read Acts chapter 6.",lewe. In die aand het Broer Kühnel Handelinge hoofstuk 6 gelees.
NL-UtHUA_A363596_688,9,"D 19 redete b . Kühnel über Matth. 10, 37 u 38. D 20 hielt","D. 19. redete Br. Kühnel über Matthäus 10, 37 und 38. D. 20. las","On the 19th day, Brother Kühnel spoke about Matthew 10:37 and 38. On the 20th day, he",read Op die 19de dag het Broer Kühnel oor Matteus 10:37 en 38 gepraat. Op die 20ste dag het hy gelees
NL-UtHUA_A363596_689,10,"las b . Schwinn Cap 7 de Ap. Geſchichte, hielt auch nachher",Br. Schwinn Kapitel 7 der Apostelgeschichte und hielt auch nachher,"Brother Schwinn, chapter 7 of the Acts of the Apostles, and continued to do so afterwards.","Broer Schwinn, hoofstuk 7 van die Handelinge van die Apostels, en het daarna daarmee voortgegaan."
NL-UtHUA_A363596_690,10,die Singſtunde. D. 21 approbi te unſer l He drey Per\u2e17,die Singstunde. D. 21. approbierte unser lieber Herr drei Personen,"the singing lesson. On the 21st, our dear lord approved three people.",die sangles. Op die 21ste het ons liewe heer drie mense goedgekeur.
NL-UtHUA_A363596_691,10,ſonen zu TaufCandidaten. heüte kames welche von Baas,zu Taufkandidaten. Heute kamen welche von Baas,Regarding baptismal candidates. Some came today from Baas.,Wat doopkandidate betref. Sommige het vandag van Baas gekom.
NL-UtHUA_A363596_692,10,"Teunis Leüten, von denen wir hörten, daß das Vorgeben","Teunis Leuten, von denen wir hörten, dass das Vorgeben","Teuni's people, from whom we heard that the pretense","Teuni se mense, van wie ons gehoor het dat die voorwendsel"
NL-UtHUA_A363596_693,10,"des des baue G unewald am 9\u1d57 dieſes, die Vero dnung","des Bauern Grunewald am 9. dieses Monats, die Verordnung","of farmer Grunewald on the 9th of this month, the decree","van boer Grunewald op die 9de van hierdie maand, die bevel"
NL-UtHUA_A363596_694,10,"wegen de widerſpenſtigen Hottentotten betreffend,","wegen der widerspenstigen Hottentotten betreffend,","concerning the unruly Hottentots,","aangaande die onordelike Hottentotte,"
NL-UtHUA_A363596_695,10,Lügen waren. D 22 redete b : Marsveld über Joh.,Lügen waren. D. 22. redete Br. Marsveld über Joh.,They were lies. D. 22. Br. Marsveld spoke about John.,Hulle was leuens. D. 22. Br. Marsveld het oor Johannes gepraat.
NL-UtHUA_A363596_696,10,"8, 46 - 52. Auch wurde b : Schwinn zu einem unkeü\u2e17","8, 46–52. Auch wurde Br. Schwinn zu einem Unkeuschen","8, 46–52. Brother Schwinn also became unchaste.","8, 46–52. Broer Schwinn het ook onkuis geword."
NL-UtHUA_A363596_697,10,ſchen gerufen über deren Seel lösung er ſich f\u200breuen,"gerufen, über dessen Seelenlösung er sich freuen","summoned, whose soul's salvation he rejoices","opgeroep, wie se siel se redding hy verheug"
NL-UtHUA_A363596_698,10,"konte. D 25 kam ein baue , Namens Heiziger","konnte. D. 25. kam ein Bauer namens Heiziger,","could. On the 25th, a farmer named Heiziger came,","kon. Op die 25ste het 'n boer met die naam Heiziger gekom,"
NL-UtHUA_A363596_699,10,"dicht bey Schwellendam wohnt expreß hieher, um ein","der dicht bei Swellendam wohnt, express hierher, um ein","who lives near Swellendam, express here to get a","wie naby Swellendam woon, druk hier om 'n"
NL-UtHUA_A363596_700,10,paa Hottentotten auf Miſts Reiſen zu miethen;,paar Hottentotten auf Mistreisen zu mieten;,to hire a few Hottentots for dung-traveling trips;,om 'n paar Hottentotte vir misreistogte te huur;
NL-UtHUA_A363596_701,10,bekam aber keine. Er blieb über Nacht hier.,bekam aber keine. Er blieb über Nacht hier.,He didn't get any. He stayed overnight.,Hy het niks gekry nie. Hy het oornag gebly.
NL-UtHUA_A363596_702,10,Er iſt ein geborner Heide und erſt vor 2 Jahren,Er ist ein geborener Heide und erst vor 2 Jahren,He is a born heathen and only arrived 2 years ago.,Hy is 'n gebore heiden en het eers 2 jaar gelede aangekom.
NL-UtHUA_A363596_703,10,Chriſt getauft wo den. Er wohnt 10 Jahr im Land.,Christ getauft worden. Er wohnt 10 Jahre im Land.,He was baptized as a Christian. He has lived in the country for 10 years.,Hy is as 'n Christen gedoop. Hy woon al 10 jaar in die land.
NL-UtHUA_A363596_704,10,"<pb n=""14a"" source=""NL-UtHUA_A363596_000014.jpg"" />","<pb n=""14a"" source=""NL-UtHUA_A363596_000014.jpg"" />","<pb n=""14a"" source=""NL-UtHUA_A363596_000014.jpg"" />","<pb n=""14a"" bron=""NL-UtHUA_A363596_000014.jpg"" />"
NL-UtHUA_A363596_705,10,"Ganz t eü iſt eine Sclavin geweſen, aber nun fing","Ganz treu ist eine Sklavin gewesen, aber nun fing","One slave had been completely faithful, but now things started to change.","Een slaaf was heeltemal getrou, maar nou het dinge begin verander."
NL-UtHUA_A363596_706,10,ein auch getauft. D 24 hatten wir einen ſchönen Re\u2e17,"auch eine an, die getauft wurde. D. 24. hatten wir einen schönen Regen,","Also one who was baptized. On the 24th we had a nice rain,","Ook een wat gedoop is. Op die 24ste het ons 'n lekker reën gehad,"
NL-UtHUA_A363596_707,10,"gen, wonach alles ſeh verlangt hat, den\u0304 die dürre","wonach alles sehr verlangt hat, denn die Dürre","which everyone desperately needed, because the drought","wat almal dringend nodig gehad het, want die droogte"
NL-UtHUA_A363596_708,10,"wa g oß, da es in 2 Monaten nicht geregnet hat und","war groß, da es in 2 Monaten nicht geregnet hat und","was great, since it hadn't rained for 2 months and","was wonderlik, aangesien dit vir 2 maande nie gereën het nie en"
NL-UtHUA_A363596_709,10,ſehr heiß wa . das Vieh litt bereits Mangel an Futter,sehr heiß war. Das Vieh litt bereits Mangel an Futter.,It was very hot. The livestock were already suffering from a lack of food.,Dit was baie warm. Die vee het reeds aan 'n gebrek aan kos gely.
NL-UtHUA_A363596_710,10,dieſe dürre hat aber als hie zu Land ſeyn wie man,"Diese Dürre hat aber, wie man hierzulande hört, ihren Verlauf.","However, as we hear here in this country, this drought has its course.","Soos ons egter hier in hierdie land hoor, het hierdie droogte sy verloop."
NL-UtHUA_A363596_711,10,"hört. Abends redete b . Schwinn über Offenb. 3, 13.","hört. Abends redete Br. Schwinn über Offenbarung 3, 13.","Listen. In the evening, Brother Schwinn spoke about Revelation 3:13.",Luister. In die aand het Broer Schwinn oor Openbaring 3:13 gepraat.
NL-UtHUA_A363596_712,10,Am mo gen des faſt aller Götze in der Gemeine be\u2e17,"Am Morgen des Fastens, das in der Gemeinde begangen","On the morning of the fast, which was observed in the community","Op die oggend van die vas, wat in die gemeenskap gevier is"
NL-UtHUA_A363596_713,10,"gangen wird, an die wir uns auch anſchließen, ſo haben","wird, an das wir uns auch anschließen, haben","will, which we also join, have","wil, waarby ons ook aansluit, hê"
NL-UtHUA_A363596_714,10,wir auf dieſen Tag die Leute angeſezt. Wir machten,wir auf diesen Tag die Leute angesetzt. Wir machten,We scheduled people for that day. We made,Ons het mense vir daardie dag geskeduleer. Ons het gemaak
NL-UtHUA_A363596_715,10,"es in de Verſamlung bekant, daß mo gen um 10 Uh","es in der Versammlung bekannt, dass morgen um 10 Uhr",It was announced at the meeting that tomorrow at 10 a.m.,Daar is tydens die vergadering aangekondig dat môre om 10:00 vm.
NL-UtHUA_A363596_716,10,eine allgemeine Verſamlung ſeyn würde. Die Sing\u2e17,eine allgemeine Versammlung sein würde. Die Singstunde,It would be a general meeting. The singing lesson.,Dit sou 'n algemene vergadering wees. Die sangles.
NL-UtHUA_A363596_717,10,ſtunde fiel wegen des Regenwetters aus. D 25\u1d57,fiel wegen des Regenwetters aus. D. 25.,Cancelled due to rain. D. 25.,Gekanselleer weens reën. D. 25.
NL-UtHUA_A363596_718,10,fanden ſich viele Menſchen ein. b : Schwinn hielt die,fanden sich viele Menschen ein. Br. Schwinn hielt die,Many people gathered. Brother Schwinn held the,Baie mense het bymekaargekom. Broer Schwinn het die
NL-UtHUA_A363596_719,10,P\u200bredigt. Die zu taufende Schweſter bekam den Namen,Predigt. Die zu taufende Schwester bekam den Namen,Sermon. The sister to be baptized was given the name,"Preek. Die suster wat gedoop moes word, is die naam gegee"
NL-UtHUA_A363596_720,10,Louiſe. Der Friede Gottes ließ ſich bey dieſe Handlung,Louise. Der Friede Gottes ließ sich bei dieser Handlung,Louise. The peace of God was evident in this act.,Louise. Die vrede van God was duidelik in hierdie daad.
NL-UtHUA_A363596_721,10,"k äftig ſpüren. Wir müßten überhaupt bekennen,","kräftig spüren. Wir mussten überhaupt bekennen,","We felt it strongly. We had to confess,","Ons het dit sterk gevoel. Ons moes bely,"
NL-UtHUA_A363596_722,10,daß der Geiſt Gottes ſich in allen Verſamlungen mäch\u2e17,dass der Geist Gottes sich in allen Versammlungen mächtig,that the Spirit of God may be powerful in all assemblies,sodat die Gees van God kragtig kan wees in al die gemeentes
NL-UtHUA_A363596_723,10,"tig an den Herzen de Anweſenden beweiſt, daß","an den Herzen der Anwesenden beweist, dass",in the hearts of those present proves that,in die harte van die teenwoordiges bewys dit
NL-UtHUA_A363596_724,10,zeichnet ſich eine ſolche Handlung in in de Abſicht,zeichnet sich eine solche Handlung in dieser Absicht,Such an action is characterized by this intention,So 'n aksie word gekenmerk deur hierdie voorneme
NL-UtHUA_A363596_725,10,allemal beſonders aus. Etwas dieſer Tag ſowol,allemal besonders aus. Dieser Tag war sowohl,This day was special in every way.,Hierdie dag was in elke opsig spesiaal.
NL-UtHUA_A363596_726,10,für uns als unſer Volk ein ausgezeichneter,für uns als für unser Volk ein ausgezeichneter,"for us as for our people, an excellent","vir ons sowel as vir ons mense, 'n uitstekende"
NL-UtHUA_A363596_727,10,"Augenblick, unſre F\u200breude wurde aber gedämpft","Augenblick. Unsere Freude wurde aber gedämpft,","For a moment. But our joy was dampened,","Vir 'n oomblik. Maar ons vreugde was gedemp,"
NL-UtHUA_A363596_728,10,da wir heüte ſeh betrübte Nachric\u200bhten zu hören,da wir heute sehr betrübte Nachrichten zu hören,as we are hearing very sad news today,aangesien ons vandag baie hartseer nuus hoor
NL-UtHUA_A363596_729,10,"bekamen. Es kamen nemlich einige F auen,","bekamen. Es kamen nämlich einige Frauen,","received. Several women came, in fact.",ontvang. Verskeie vroue het trouens gekom.
NL-UtHUA_A363596_730,10,die etliche Monate bey den baue n geweſen,die etliche Monate bei den Bauern gewesen,who had been with the farmers for several months,wat al etlike maande by die boere was
NL-UtHUA_A363596_731,10,"waren. Einige ſagten, ſie hätten ſich in dieſe","waren. Einige sagten, sie hätten sich in dieser",were. Some said they had been in this,was. Sommige het gesê hulle was hierin gewees
NL-UtHUA_A363596_732,10,"Zeit ſeh ſchlecht betragen, Andere und baten",Zeit sehr schlecht betragen. Andere baten,Time was very bad. Others asked,Tyd was baie sleg. Ander het gevra
NL-UtHUA_A363596_733,10,"weinend um Vergebung; Andere, ſie hätten","weinend um Vergebung; andere, sie hätten","crying for forgiveness; others, they would have","huil om vergifnis; ander, hulle sou hê"
NL-UtHUA_A363596_734,10,zu viel getrunken; noch andre ſich den\u0304 mit,,,
NL-UtHUA_A363596_735,10,einander,,,
NL-UtHUA_A363596_736,10,"<pb n=""14b"" source=""NL-UtHUA_A363596_000014.jpg"" />","<pb n=""14b"" source=""NL-UtHUA_A363596_000014.jpg"" />","<pb n=""14b"" source=""NL-UtHUA_A363596_000014.jpg"" />","<pb n=""14b"" bron=""NL-UtHUA_A363596_000014.jpg"" />"
NL-UtHUA_A363596_737,10,einander geſchlagen hätten. Noch andre klagten ſich,einander geschlagen. Noch andere klagten sich,They fought each other. Others also complained.,Hulle het met mekaar baklei. Ander het ook gekla.
NL-UtHUA_A363596_738,10,"der Lügen an, und ſagten dieſer und jene, mit dem","der Lügen an und sagten, dieser und jener, mit dem","who lied and said, this one and that one, with the","wat gelieg en gesê het, hierdie een en daardie een, met die"
NL-UtHUA_A363596_739,10,"wie es gehalten hat uns, zwa verſp ochen uns zu heürathen,","es gehalten hat, habe uns zwar versprochen, uns zu heiraten,","It has held true, although I promised to marry each other,","Dit het waar gebly, alhoewel ek belowe het om met mekaar te trou,"
NL-UtHUA_A363596_740,10,aber ſein Verſp echen nicht erfüllt. Wir mußten,aber sein Versprechen nicht erfüllt. Wir mussten,but he didn't keep his promise. We had to,maar hy het nie sy belofte nagekom nie. Ons moes
NL-UtHUA_A363596_741,10,ſie dieſe Vergehen wegen von de Schule und,sie dieser Vergehen wegen von der Schule und,They were expelled from school for this offense and,Hulle is vir hierdie oortreding uit die skool geskors en
NL-UtHUA_A363596_742,10,"dem Abendmahl ausſchließen. Wir ſagten ihnen,",dem Abendmahl ausschließen. Wir sagten ihnen:,exclude them from Holy Communion. We told them:,sluit hulle uit van die Heilige Nagmaal. Ons het vir hulle gesê:
NL-UtHUA_A363596_743,10,wen\u0304 ſie dem Teufel dienen und ſeine Kinde bleiben,„Wenn sie dem Teufel dienen und seine Kinder bleiben,"""If they serve the devil and remain his children","""As hulle die duiwel dien en sy kinders bly"
NL-UtHUA_A363596_744,10,"wollen, ſo wollten wir nicht mit ihnen zu thun","wollen, so wollten wir nicht mit ihnen zu tun",We didn't want to deal with them.,Ons wou nie met hulle te doen hê nie.
NL-UtHUA_A363596_745,10,"haben. Es wäre als das beſte für ſie, wen ſie das","haben. Es wäre das Beste für sie, wenn sie das",have. It would be best for her if she did that.,het. Dit sou die beste vir haar wees as sy dit doen.
NL-UtHUA_A363596_746,10,Wo t Gottes ga nicht hörten; den\u0304 ſie wollten die,Wort Gottes gar nicht hörten; denn sie wollten die,did not hear the word of God at all; for they wanted to,het glad nie die woord van God gehoor nie; want hulle wou
NL-UtHUA_A363596_747,10,Gnade Gottes doch nicht annehmen ſondern,"Gnade Gottes doch nicht annehmen, sondern","Do not accept God's grace, but","Moenie God se genade aanvaar nie, maar"
NL-UtHUA_A363596_748,10,"t\u200brätten ſie mit Füſſen. Es iſt betrübt, wen\u0304 die","träten sie mit Füßen. Es ist betrüblich, wenn die",They would trample it underfoot. It is distressing when the,Hulle sou dit onder hul voete vertrap. Dit is ontstellend wanneer die
NL-UtHUA_A363596_749,10,Hottentotten ſo lang bey den baue n ſind; den\u0304,Hottentotten so lange bei den Bauern sind; denn,Hottentots stay with the farmers as long as they are; for,Hottentotte bly solank as wat hulle is by die boere; want
NL-UtHUA_A363596_751,10,"da k\u200biegen ſie zu ſaufen, und hören nichts als Schel\u2e17",da kriegen sie zu saufen und hören nichts als Schelten,They get plenty to drink and hear nothing but scolding.,Hulle kry genoeg om te drink en hoor niks anders as geskel nie.
NL-UtHUA_A363596_752,10,"ten und Fluchen. Sind ſie hier, ſo kan man öfters","und Fluchen. Sind sie hier, so kann man öfters","and swearing. If they're here, you can often hear it.","en vloek. As hulle hier is, kan jy dit dikwels hoor."
NL-UtHUA_A363596_753,10,die k äftige A beit des h Geiſtes an ihnen gewahr,die kräftige Arbeit des Heiligen Geistes an ihnen gewahr,perceiving the powerful work of the Holy Spirit in them,die kragtige werk van die Heilige Gees in hulle ervaar
NL-UtHUA_A363596_754,10,werden; ſind ſie aber wieder eine Zeitlang bey,werden; sind sie aber wieder eine Zeitlang bei,will be; but they will be with you again for a while.,sal wees; maar hulle sal weer 'n rukkie by julle wees.
NL-UtHUA_A363596_755,10,"den bauern, ſo verliehren viele alles wieder.","den Bauern, so verlieren viele alles wieder.",The farmers lose everything again.,Die boere verloor weer alles.
NL-UtHUA_A363596_756,10,d. 26 ging b . Kühnel mit 7 Hottentotten in buſch,"D. 26. ging Br. Kühnel mit 7 Hottentotten in den Busch,","On the 26th, Brother Kühnel went into the bush with 7 Hottentots.",Op die 26ste het Broer Kühnel met 7 Hottentotte die bos ingegaan.
NL-UtHUA_A363596_757,10,"Holz zu fällen, 5 Stunden von hier. Wir haben re\u2e17","Holz zu fällen, 5 Stunden von hier. Wir haben resolviert,","Felling timber, 5 hours from here. We've decided,","Kap hout af, 5 ure van hier af. Ons het besluit,"
NL-UtHUA_A363596_758,10,ſolvi t an unſer kleine Hauß noch ein Kämmergen,an unser kleines Haus noch ein Kämmerchen,Add another little room to our small house,Voeg nog 'n klein kamertjie by ons klein huisie
NL-UtHUA_A363596_759,10,"anzubauen, weil wir uns keinen Rath wiſſen,","anzubauen, weil wir uns keinen Rat wissen,","to grow, because we don't know what to do,","om te groei, want ons weet nie wat om te doen nie,"
NL-UtHUA_A363596_760,10,da es ſo enge iſt. Auch will b . Kühnel aus dem,da es so eng ist. Auch will Br. Kühnel aus dem,because it's so narrow. Brother Kühnel also wants to get out of the...,omdat dit so smal is. Broer Kühnel wil ook uit die...
NL-UtHUA_A363596_761,10,Holz allerhand Geräthſchaften machen. Die Urſach,"Holz allerhand Gerätschaften machen. Die Ursache,","Wood is used to make all sorts of equipment. The reason,","Hout word gebruik om allerhande toerusting te maak. Die rede,"
NL-UtHUA_A363596_762,10,"warum b Kühnel mitging iſt dieſe, wen\u0304 man","warum Br. Kühnel mitging, ist diese: Wenn man",The reason Brother Kühnel went along is this: If one,"Die rede waarom Broer Kühnel saamgegaan het, is die volgende: As iemand"
NL-UtHUA_A363596_763,10,"die Hottentotten allein läßt ins Veld ſtellt, und",die Hottentotten allein ins Feld stellt und,who puts the Hottentots into the field alone and,wie stuur die Hottentotte alleen in die veld en
NL-UtHUA_A363596_764,10,"keiner von uns dabey iſt, ſo thun ſie nicht viel, ſondern","keiner von uns dabei ist, so tun sie nicht viel, sondern","Since none of us are present, they don't do much, but","Aangesien niemand van ons teenwoordig is nie, doen hulle nie veel nie, maar"
NL-UtHUA_A363596_765,11,b ingen die meiſte Zeit mit Tabackrauchen und,bringen die meiste Zeit mit Tabakrauchen und,spend most of their time smoking tobacco and,spandeer die meeste van hul tyd aan die rook van tabak en
NL-UtHUA_A363596_766,11,"Schlafen zu. Will man alſo, daß ſie fleißig a beiten","Schlafen zu. Will man also, dass sie fleißig arbeiten","Sleep is too much. So, if you want them to work diligently...","Slaap is te veel. So, as jy wil hê hulle moet ywerig werk..."
NL-UtHUA_A363596_767,11,"ſollen, ſo muß man dabey ſeyn. Abends redete","sollen, so muss man dabei sein. Abends redete","If you want to be there, you have to be. In the evening, he talked.","As jy daar wil wees, moet jy wees. In die aand het hy gepraat."
NL-UtHUA_A363596_768,11,b . Marsveld über Joh. 9 4 u 5,"Br. Marsveld über Joh. 9, 4 und 5.",Br. Marsveld on John 9:4 and 5.,Br. Marsveld oor Johannes 9:4 en 5.
NL-UtHUA_A363596_769,11,,,,
NL-UtHUA_A363596_770,11,"<pb n=""15a"" source=""NL-UtHUA_A363596_000015.jpg"" />","<pb n=""15a"" source=""NL-UtHUA_A363596_000015.jpg"" />","<pb n=""15a"" source=""NL-UtHUA_A363596_000015.jpg"" />","<pb n=""15a"" bron=""NL-UtHUA_A363596_000015.jpg"" />"
NL-UtHUA_A363596_771,11,Beruhen,Beruhen,are based,is gebaseer
NL-UtHUA_A363596_772,11,"d 27 erhielten wir die Gütter, welche wir im Ianuar beſtellt","Am 27. erhielten wir die Güter, welche wir im Januar bestellt",On the 27th we received the goods we had ordered in January.,Op die 27ste het ons die goedere ontvang wat ons in Januarie bestel het.
NL-UtHUA_A363596_773,11,hatten. Auch ſchickten wir eine Kiſte Reiß. Abend las,hatten. Auch schickten wir eine Kiste Reis. Abends las,had. We also sent a box of rice. In the evening I read,gehad. Ons het ook 'n boks rys gestuur. In die aand het ek gelees
NL-UtHUA_A363596_774,11,Br Schwinn Apoſt. Geſch. Cap. 8 u. hielt die Singſtund vor,Bruder Schwinn Apostelgeschichte Kapitel 8 und hielt die Singstunde vor,Brother Schwinn read Acts Chapter 8 and held the singing lesson.,Broer Schwinn het Handelinge Hoofstuk 8 gelees en die sangles gehou.
NL-UtHUA_A363596_775,11,dem Hauß. d. 28 erhielten wir von Baas Teunis einen Brief,dem Haus. Am 28. erhielten wir von Baas Teunis einen Brief.,"the house. On the 28th, we received a letter from Baas Teunis.",die huis. Op die 28ste het ons 'n brief van Baas Teunis ontvang.
NL-UtHUA_A363596_776,11,Er ſchrieb diesmal ſo freundſchaftlich als er noch nie ge-,"Er schrieb diesmal so freundschaftlich, wie er noch nie geschrieben",This time he wrote in a more friendly manner than he had ever written before.,Hierdie keer het hy op 'n vriendeliker manier geskryf as wat hy ooit tevore geskryf het.
NL-UtHUA_A363596_777,11,"ſchrieben hat. Wir danken, das hat was zu bedeuten. Abends","hat. Wir denken, das hat etwas zu bedeuten. Abends",has. We think that means something. In the evening,het. Ons dink dit beteken iets. In die aand
NL-UtHUA_A363596_778,11,kam Br. Kühnel mit den Hottentotten wieder aus dem Buſch.,kam Bruder Kühnel mit den Hottentotten wieder aus dem Busch.,Brother Kühnel and the Hottentots came out of the bush again.,Broer Kühnel en die Hottentotte het weer uit die bos gekom.
NL-UtHUA_A363596_779,11,Sie haben wegen des ſtarken Regens nicht Holz genug,Sie haben wegen des starken Regens nicht genug Holz,They don't have enough wood because of the heavy rain.,Hulle het nie genoeg hout nie as gevolg van die swaar reën.
NL-UtHUA_A363596_780,11,"kappen können, wir müßen alſo noch einmal ein Paar",schlagen können. Wir müssen also noch einmal ein paar,can beat them. So we need to do a few more things.,kan hulle klop. So ons moet nog 'n paar dinge doen.
NL-UtHUA_A363596_781,11,hinſchicken. d 29 endete Br. Marsveld über Phil. 2 v 6–9.,"hinschicken. Am 29. endete Bruder Marsveld über Philipper 2, Verse 6–9.","send them. On the 29th, Brother Marsveld finished speaking about Philippians 2, verses 6–9.","stuur hulle. Op die 29ste het Broer Marsveld klaar gepraat oor Filippense 2, verse 6–9."
NL-UtHUA_A363596_782,11,Den 30 ſchickten wir wieder in den Buſch um noch was,"Am 30. schickten wir wieder in den Busch, um noch etwas","On the 30th, we sent them back into the bush to gather some more.",Op die 30ste het ons hulle terug die bos in gestuur om nog te versamel.
NL-UtHUA_A363596_783,11,Holz zu kappen. d. 31 kauften wir ein Schwein um,"Holz zu schlagen. Am 31. kauften wir ein Schwein, um","To chop wood. On the 31st, we bought a pig to",Om hout te kap. Op die 31ste het ons 'n vark gekoop om
NL-UtHUA_A363596_784,11,es fett zu machen. In der Confr: reſolvirten wir,"es fett zu machen. In der Konferenz beschlossen wir,","to make it fat. In the conference we decided,","om dit vet te maak. In die konferensie het ons besluit,"
NL-UtHUA_A363596_785,11,wieder etwas aus der Kindergeſchichte Jeſu zu,wieder etwas aus der Kindergeschichte Jesu zu,something from the children's story of Jesus again,iets uit die kinderverhaal van Jesus weer
NL-UtHUA_A363596_786,11,"leſen. Wir haben ſie in 4 Theile getheilt, um jeden","lesen. Wir haben sie in vier Teile geteilt, um jeden",read. We have divided it into four parts to cover each,lees. Ons het dit in vier dele verdeel om elkeen te dek
NL-UtHUA_A363596_787,11,"Abend einen zu leſen, womit wir heute nach ei","Abend einen zu lesen, womit wir heute nach einem","To read one in the evening, which brings us to today's post about a","Om een in die aand te lees, wat ons by vandag se plasing oor 'n bring"
NL-UtHUA_A363596_788,11,nem Gebet des Br: Schwins den Anfang machten,Gebet des Bruders Schwinn den Anfang machten.,Brother Schwinn's prayer made it all begin.,Broer Schwinn se gebed het dit alles laat begin.
NL-UtHUA_A363596_789,11,Die Singſtunde hielt Br: Kühnel wegen des Win-,Die Singstunde hielt Bruder Kühnel wegen des Windes,Brother Kühnel held the singing lesson because of the wind.,Broer Kühnel het die sangles gehou weens die wind.
NL-UtHUA_A363596_790,11,des diesmal im Haus. Hiermit ſchließen wir,diesmal im Haus. Hiermit schließen wir,This time indoors.,Hierdie keer binnenshuis.
NL-UtHUA_A363596_791,11,"unſer Diarium von dieſem Monat, empfehlen","unser Diarium von diesem Monat, empfehlen","Our diary from this month, recommend","Ons dagboek van hierdie maand, aanbeveel"
NL-UtHUA_A363596_792,11,"uns und unſer Hottentotten, dem Andenken",uns und unsere Hottentotten dem Andenken,us and our Hottentots in remembrance,ons en ons Hottentotte ter nagedagtenis
NL-UtHUA_A363596_793,11,aller Geſchwiſter u Freunde in und außer unſern,aller Geschwister und Freunde in und außerhalb unserer,all siblings and friends in and outside our,alle broers en susters en vriende binne en buite ons
NL-UtHUA_A363596_794,11,"Ver: Gemeinen, und erſuchen ſie mit uns den","Vereinigten Gemeinden und ersuchen sie, mit uns den",United communities and request that they join us in the,Verenigde gemeenskappe en versoek dat hulle by ons aansluit in die
NL-UtHUA_A363596_795,11,"Heiland anzuflehen, daß Er fortfahren möge","Heiland anzuflehen, dass Er fortfahren möge,","to implore the Savior to continue,","om die Verlosser te smeek om voort te gaan,"
NL-UtHUA_A363596_796,11,"die Menſchen von ihrem Elend zu überzeugen, damit","die Menschen von ihrem Elend zu überzeugen, damit","to convince people of their misery, so that","om mense van hul ellende te oortuig, sodat"
NL-UtHUA_A363596_797,11,"ſie Ihn, der auch für ſie ein Löſegeld der Seligkeit voll-","sie Ihn, der auch für sie ein Lösegeld der Seligkeit vollbracht","She Him, who also performed a ransom of salvation for her","Sy Hom, wat ook 'n losprys van verlossing vir haar volbring het"
NL-UtHUA_A363596_798,11,"bracht hat, von Herzen ſuchen. Es ſind in dieſem Monat","hat, von Herzen suchen. In diesem Monat sind","has, from the heart, to search. This month are","het, uit die hart, om te soek. Hierdie maand is"
NL-UtHUA_A363596_799,11,"wenig Tage vergangen, da nicht einige zu uns gekommen,","wenig Tage vergangen, an denen nicht einige zu uns gekommen",Few days have passed without some people coming to us.,'n Paar dae het verbygegaan sonder dat sommige mense na ons toe gekom het.
NL-UtHUA_A363596_800,11,u. über Unruhe des Herzens mit uns geſprochen und,und über die Unruhe des Herzens mit uns gesprochen und,and spoke to us about the restlessness of the heart and,en het met ons gepraat oor die rusteloosheid van die hart en
NL-UtHUA_A363596_801,11,ihr Verlangen bezeuget haben ſelig zu werden. Man-,"ihr Verlangen bezeugt haben, selig zu werden. Manche",They have testified to their desire to be saved. Some,Hulle het getuig van hul begeerte om gered te word.
NL-UtHUA_A363596_802,11,che Tage iſt dieſer Beſuch zahlreich geweſen. Wir ſind Gott-,Tage ist dieser Besuch zahlreich gewesen. Wir sind Gottlob,There have been many visits over the past few days. Thank God.,Daar was baie besoeke oor die afgelope paar dae. Dankie tog.
NL-UtHUA_A363596_803,11,"lob noch alle 3 geſund, leben in Lieb u Friede u verblei-","noch alle drei gesund, leben in Liebe und Frieden und verbleiben","All three are still healthy, live in love and peace, and remain","Al drie is steeds gesond, leef in liefde en vrede, en bly"
NL-UtHUA_A363596_804,11,ben Euer armen Br. Hendr Marsveld. Daniel Schwin,"Eure armen Brüder Hendr. Marsveld, Daniel Schwin","Your poor brothers Hendr. Marsveld, Daniel Schwin","Julle arme broers Hendr. Marsveld, Daniel Schwin"
NL-UtHUA_A363596_805,11,und Ioh: Chr: Kühnel.,und Joh. Chr. Kühnel.,and Joh. Chr. Kühnel.,en Joh. Chr. Kühnel.
NL-UtHUA_A363596_806,11,"<pb n=""15b"" source=""NL-UtHUA_A363596_000015.jpg"" />","<pb n=""15b"" source=""NL-UtHUA_A363596_000015.jpg"" />","<pb n=""15b"" source=""NL-UtHUA_A363596_000015.jpg"" />","<pb n=""15b"" bron=""NL-UtHUA_A363596_000015.jpg"" />"
NL-UtHUA_A363596_807,11,"<pb n=""16a"" source=""NL-UtHUA_A363596_000015.jpg"" />","<pb n=""16a"" source=""NL-UtHUA_A363596_000015.jpg"" />","<pb n=""16a"" source=""NL-UtHUA_A363596_000015.jpg"" />","<pb n=""16a"" bron=""NL-UtHUA_A363596_000015.jpg"" />"
NL-UtHUA_A363596_808,11,"<pb n=""16b"" source=""NL-UtHUA_A363596_000016.jpg"" />","<pb n=""16b"" source=""NL-UtHUA_A363596_000016.jpg"" />","<pb n=""16b"" source=""NL-UtHUA_A363596_000016.jpg"" />","<pb n=""16b"" bron=""NL-UtHUA_A363596_000016.jpg"" />"
NL-UtHUA_A363596_809,11,Von den Hottentotten.,Von den Hottentotten.,From the Hottentots.,Van die Hottentotte.
NL-UtHUA_A363596_810,11,Aus dem Diario von Bavians Kloff,Aus dem Diarium von Baviaanskloof,From the Baviaanskloof diarium,Van die Baviaanskloof-diarium
NL-UtHUA_A363596_811,11,vom 1ten Apr. bis 6ten Dec. 1795.,vom 1. April bis 6. Dez. 1795.,"from April 1st to December 6th, 1795.",van 1 April tot 6 Desember 1795.
NL-UtHUA_A363596_812,11,Den 1ten April war das Waſchen der Ge-,Am 1. April war das Waschen der Geschwister.,The siblings had their bath on April 1st.,Die broers en susters het op 1 April gebad.
NL-UtHUA_A363596_813,11,ſchwiſter. Einiges wüſchen wir ſelber neben,Einiges wünschten wir selbst neben,We ourselves wished for some things besides,Ons het self ook na ander dinge gewens
NL-UtHUA_A363596_814,11,"uns her. Was die Amahls Gnoſſen betrift,","uns her. Was die Abendmahlsgenossen betrifft,","us here. As far as the communicants are concerned,","ons hier. Wat die nagmaalgangers betref,"
NL-UtHUA_A363596_815,11,ſo können wir uns über ſie von Herzen,so können wir uns über sie von Herzen,so we can thank them from the bottom of our hearts,sodat ons hulle uit die diepte van ons harte kan bedank
NL-UtHUA_A363596_816,11,freuen. In unſrer Conferenz wurde die,freuen. In unserer Konferenz wurde Susanne,I'm delighted. Susanne was present at our conference.,Ek is verheug. Susanne was teenwoordig by ons konferensie.
NL-UtHUA_A363596_817,11,Suſanne zur Confirmandin aus gemacht.,zur Konfirmandin bestimmt.,destined to be confirmed.,bestem om bevestig te word.
NL-UtHUA_A363596_818,11,Abends wurde im Verleſen der Leidens=,Abends wurde im Verlesen der Leidensgeschichte,"In the evening, the story of the Passion was read aloud.",In die aand is die verhaal van die Lyding hardop voorgelees.
NL-UtHUA_A363596_820,11,Geſchichte fortgefahren. D. 2ten hatten,fortgefahren. Am 2. hatten,"continued. On the 2nd, they",voortgegaan. Op die 2de het hulle
NL-UtHUA_A363596_821,11,wir einen ſeligen Genuß des H. Amahls.,wir einen seligen Genuss des Heiligen Abendmahls.,we enjoy a blessed celebration of Holy Communion.,ons geniet 'n geseënde viering van die Heilige Nagmaal.
NL-UtHUA_A363596_822,11,"Am 3ten als am Charfreytag, laſen wir","Am 3., als am Karfreitag, lasen wir","On the 3rd, Good Friday, we read","Op die 3de, Goeie Vrydag, lees ons"
NL-UtHUA_A363596_823,11,"in der Paſſions-Geſchichte weiter, und","in der Passionsgeschichte weiter, und","in the Passion story, and","in die Passieverhaal, en"
NL-UtHUA_A363596_824,11,bey der Stelle: Er neigte Sein Haupt und,bei der Stelle: Er neigte Sein Haupt und,at that point: He inclined his head and,op daardie stadium: Hy het sy kop gebuig en
NL-UtHUA_A363596_825,11,"verſchied, danken wir in einem Gebet","verschied, dankten wir in einem Gebet","When they passed away, we gave thanks in a prayer.","Toe hulle oorlede is, het ons in 'n gebed dankie gesê."
NL-UtHUA_A363596_826,11,"dem Heiland für Seine Marter und Tod,","dem Heiland für Seine Marter und Tod,","to the Savior for His martyrdom and death,","aan die Verlosser vir Sy marteldood en dood,"
NL-UtHUA_A363596_827,11,"und baten Ihn, uns und unſerm Volk","und baten Ihn, uns und unserem Volk",and asked Him to help us and our people,en Hom gevra om ons en ons mense te help
NL-UtHUA_A363596_828,11,einen ſo recht lebhaften Eindruck davon,einen so recht lebhaften Eindruck davon,a truly vivid impression of it,'n werklik lewendige indruk daarvan
NL-UtHUA_A363596_829,11,"zugeben, wobey wir durchdringendes Ge=","zu geben, wobei wir ein durchdringendes Gefühl","to give, whereby we have a pervasive feeling","om te gee, waardeur ons 'n deurdringende gevoel het"
NL-UtHUA_A363596_830,11,fühl der Gegenwart Gottes. Zum,der Gegenwart Gottes hatten. Zum,had the presence of God.,die teenwoordigheid van God gehad.
NL-UtHUA_A363596_831,11,Schluß wollten wir dann noch die 2,Schluss wollten wir dann noch die zwei,"Finally, we wanted to add the two",Laastens wou ons die twee byvoeg
NL-UtHUA_A363596_832,11,Verſe ſingen: Da ſind wir armen,Verse singen: Da sind wir Armen,"Singing verses: Here we are, the poor","Singende verse: Hier is ons, die armes"
NL-UtHUA_A363596_833,11,und,und,and,en
NL-UtHUA_A363596_834,11,"<pb n=""17a"" source=""NL-UtHUA_A363596_000017.jpg"" />","<pb n=""17a"" source=""NL-UtHUA_A363596_000017.jpg"" />","<pb n=""17a"" source=""NL-UtHUA_A363596_000017.jpg"" />","<pb n=""17a"" bron=""NL-UtHUA_A363596_000017.jpg"" />"
NL-UtHUA_A363596_835,11,"und blöden, u. da du in Todes Staube","und Blöden, und da du in Todes Staube","and fools, and since you are in the dust of death","en dwase, en aangesien julle in die stof van die dood is"
NL-UtHUA_A363596_836,11,funden.,funden.,fund.,fonds.
NL-UtHUA_A363596_837,11,aber durch das laute Weinen des Volks un-,"aber durch das laute Weinen des Volkes unterbrochen,","but interrupted by the loud weeping of the people,","maar onderbreek deur die luide gehuil van die mense,"
NL-UtHUA_A363596_838,11,"terbrochen, und konnten uns auch ſelbſt",und konnten uns auch selbst,and could also ourselves,en kon ook onsself
NL-UtHUA_A363596_839,11,der Thränen nicht enthalten. Als die,der Tränen nicht enthalten. Als die,not included in the tears. When the,nie ingesluit in die trane nie. Wanneer die
NL-UtHUA_A363596_840,11,"Leute aus einander gingen, legten ſie","Leute auseinandergingen, legten sie","When people separated, they laid down","Toe mense geskei het, het hulle gaan lê"
NL-UtHUA_A363596_841,12,ſich überall in den büſchen der Gegend,"sich überall in den Büschen der Gegend,","everywhere in the bushes of the area,","oral in die bosse van die gebied,"
NL-UtHUA_A363596_842,12,u. man hörte viel lautes Beten u Weinen.,und man hörte viel lautes Beten und Weinen.,and there was a lot of loud praying and crying.,en daar was baie hard gebid en gehuil.
NL-UtHUA_A363596_843,12,Alle Verſammlungen in dieſer Woche waren,Alle Versammlungen in dieser Woche waren,All meetings this week were,Alle vergaderings hierdie week was
NL-UtHUA_A363596_844,12,"ſehr geſegnet und gnadenreich, aber dieſer zeich-","sehr gesegnet und gnadenreich, aber dieser zeichnete","very blessed and gracious, but this one characterized","baie geseënd en genadig, maar hierdie een het gekenmerk"
NL-UtHUA_A363596_845,12,nete ſich beſonders aus. Am Großen,sich besonders aus. Am Großen,particularly stands out. At the Great,staan veral uit. By die Groot
NL-UtHUA_A363596_846,12,Sabbath hielten wir mit unſern Abends=,Sabbat hielten wir mit unseren Abendsmahlsgenossen,We observed the Sabbath with our fellow communal eaters.,Ons het die Sabbat saam met ons mede-gemeenskaplike eters onderhou.
NL-UtHUA_A363596_847,12,"mahlſgenoſſen ein Liebesmahl, u. hernach",ein Liebesmahl und hernach,a love feast and afterwards,'n liefdesfees en daarna
NL-UtHUA_A363596_848,12,einen Abendſegen. Am erſten Oſter=,"einen Abendsegen. Am ersten Ostertage,","an evening blessing. On Easter Sunday,","'n aandseën. Op Paassondag,"
NL-UtHUA_A363596_849,12,Tage d. 5ten beteten wir mit den Gewähl-,"dem 5., beteten wir mit den Gewählten","On the 5th, we prayed with the elected officials.",Op die 5de het ons saam met die verkose amptenare gebid.
NL-UtHUA_A363596_850,12,"ten ins Liebesmahl, Tauf=Candidaten die","ins Liebesmahl, Taufkandidaten die","into the love feast, baptismal candidates who","in die liefdesfees, doopkandidate wat"
NL-UtHUA_A363596_851,12,"Erneuerung. Wir hatten ihnen geſagt,","Erneuerung. Wir hatten ihnen gesagt,","Renewal. We had told them,","Hernuwing. Ons het vir hulle gesê,"
NL-UtHUA_A363596_852,12,daß ſie mit Reinen Kleidern zu uns kommen,dass sie mit reinen Kleidern zu uns kommen,that they come to us with clean clothes,dat hulle met skoon klere na ons toe kom
NL-UtHUA_A363596_853,12,ſollten; ſie fanden ſich aber eine Stunde,sollten; sie fanden sich aber eine Stunde,should; but they found themselves an hour away,moes; maar hulle het hulself 'n uur weg bevind
NL-UtHUA_A363596_854,12,"gleich an. Nach der Predigt wurde gemeldet,","gleich ein. Nach der Predigt wurde gemeldet,","immediately. After the sermon, it was reported that",onmiddellik. Na die preek is berig dat
NL-UtHUA_A363596_855,12,daß Abends noch eine Verſammlung ſeyn,dass abends noch eine Versammlung sein,that there will be a meeting in the evening,dat daar 'n aandvergadering sal wees
NL-UtHUA_A363596_856,12,"würde, darinnen wir die Auferſtehungs=Ge-","würde, darin wir die Auferstehungsgeschichte","would, in which we the resurrection story","sou, waarin ons die opstandingsverhaal"
NL-UtHUA_A363596_857,12,ſchichte leſen wollten. Zu dieſer Verſammlung,lesen wollten. Zu dieser Versammlung,wanted to read. Regarding this meeting,wou lees. Aangaande hierdie vergadering
NL-UtHUA_A363596_858,12,"fanden ſich die Leute schon um 2 Uhr ein,",fanden sich die Leute schon um 2 Uhr ein,People started arriving as early as 2 a.m.,Mense het so vroeg as 2 vm. begin aankom.
NL-UtHUA_A363596_859,12,u. ſezten um unſer Haus herum. D. 6te,und setzten sich um unser Haus herum. Am 6.,and sat down around our house. On the 6th.,en het rondom ons huis gaan sit. Op die 6de.
NL-UtHUA_A363596_860,12,Früh ſungen wir mit unſern Getauften,früh sangen wir mit unseren Getauften,We sang early with our newly baptized.,Ons het vroeg saam met ons pasgedoopte gesing.
NL-UtHUA_A363596_861,12,"<pb n=""17b"" source=""NL-UtHUA_A363596_000017.jpg"" />","<pb n=""17b"" source=""NL-UtHUA_A363596_000017.jpg"" />","<pb n=""17b"" source=""NL-UtHUA_A363596_000017.jpg"" />","<pb n=""17b"" bron=""NL-UtHUA_A363596_000017.jpg"" />"
NL-UtHUA_A363596_862,12,"u. Tauf-Candidaten die Liturgie zum Opfer,","und Taufkandidaten die Liturgie zum Opfer,","and baptismal candidates make the liturgy a sacrifice,","en doopkandidate maak die liturgie 'n offer,"
NL-UtHUA_A363596_863,12,und nachher war Predigt. D. 8ten gingen die,und nachher war Predigt. Am 8. gingen die,And afterwards there was a sermon. On the 8th they went,En daarna was daar 'n preek. Op die 8ste het hulle gegaan
NL-UtHUA_A363596_864,12,Brr. Marsveld u. Schwinn über die Berge,Brüder Marsveld und Schwinn über die Berge,The Marsveld brothers and Schwinn over the mountains,Die Marsveld-broers en Schwinn oor die berge
NL-UtHUA_A363596_865,12,hinter unſerm Hauſe zu einem Bauer zum,hinter unserem Hause zu einem Bauern zum,behind our house to a farmer,agter ons huis na 'n boer
NL-UtHUA_A363596_866,12,Beſuch. d. 9ten hatte Br. Kühnel einen Beſuch,Besuch. Am 9. hatte Bruder Kühnel einen Besuch,"Visit. On the 9th, Brother Kühnel had a visitor.",Besoek. Op die 9de het Broer Kühnel 'n besoeker gehad.
NL-UtHUA_A363596_867,12,"von Baas Teunis Sohn, der den Platz eine","von Baas Teunis' Sohn, der den Platz eine","by Baas Teunis' son, who took the place","deur Baas Teunis se seun, wat die plek ingeneem het"
NL-UtHUA_A363596_868,12,"Stunde von hier angelegt hat, wo über,","Stunde von hier angelegt hat, wo es,","has set up an hour from here, where it","het 'n uur van hier af opgestel, waar dit"
NL-UtHUA_A363596_869,12,wie aus unſerm vorigen Diario erinnerlich,wie aus unserem vorigen Diarium erinnerlich,as you may recall from our previous diary,soos jy dalk onthou van ons vorige dagboek
NL-UtHUA_A363596_870,12,"ſeyn wird, ſo viel Händel wegen der Hottentotten","sein wird, so viele Händel wegen des Hottentottenviehes",There will be so many disputes because of the Hottentot cattle.,Daar sal soveel geskille wees as gevolg van die Hottentot-beeste.
NL-UtHUA_A363596_871,12,Viehes geweſen ſind. Man wird,gegeben hat. Man wird,has been given. One will,is gegee. 'n Mens sal
NL-UtHUA_A363596_872,12,"ſich ferner erinnern, daß wir vor kurzem","sich ferner erinnern, dass wir vor Kurzem","furthermore, recall that we recently","verder, onthou dat ons onlangs"
NL-UtHUA_A363596_873,12,einen merkwürdigen Beſuch von einem,einen merkwürdigen Besuch von einem,a strange visit from a,'n vreemde besoek van 'n
NL-UtHUA_A363596_874,12,gewiſſen H. Claude gehabt haben.,gewissen Herrn Claude gehabt haben.,had a certain Mr. Claude.,het 'n sekere mnr. Claude gehad.
NL-UtHUA_A363596_875,12,Dieſem hatten die Hottentotten ihr,Diesem hatten die Hottentotten ihre,The Hottentots had their,Die Hottentotte het hul
NL-UtHUA_A363596_876,12,"Noth geklagt, und er hatte ſeitdem","Not geklagt, und er hatte seitdem","He complained of hardship, and since then he had","Hy het oor ontbering gekla, en sedertdien het hy"
NL-UtHUA_A363596_877,12,"bey der Obrigkeit angebracht, daß ſie in","bei der Obrigkeit angebracht, dass sie in",It was appropriate for the authorities to do so.,Dit was gepas vir die owerhede om dit te doen.
NL-UtHUA_A363596_878,12,dieſer Sache hinters Licht geführt worden,dieser Sache hinters Licht geführt worden,have been misled in this matter,is in hierdie saak mislei
NL-UtHUA_A363596_879,12,wären. Inſonderheit Hatte er den Ungrund,wären. Insbesondere hatte er den Ungrund,"would be. In particular, he had the unfounded",sou wees. In die besonder het hy die ongegronde
NL-UtHUA_A363596_880,12,"des Vorgebens, als wenn das Vieh hier ſein","des Vorgebens, als wenn das Vieh hier sein",of pretending that the cattle are here,om voor te gee dat die beeste hier is
NL-UtHUA_A363596_881,12,"Gedeihen nicht haben könnte, gezeigt, u. be=","Gedeihen nicht haben könnte, gezeigt und behauptet,",It has been shown and claimed that it might not have thrived.,Dit is getoon en beweer dat dit dalk nie sou floreer nie.
NL-UtHUA_A363596_882,12,"hauptet, das 500 Stück Rind vieh ſehr wohl",dass 500 Stück Rindvieh sehr wohl,that 500 head of cattle very well,daardie 500 beeste baie goed
NL-UtHUA_A363596_883,12,ihr Durchkommen hier finden könnten. Das,ihr Durchkommen hier finden könnten. Das,They could find their way through here. That,Hulle kon hul pad hierdeur vind. Dit
NL-UtHUA_A363596_884,12,"beſte von der Sache war, daß H. Claude","Beste von der Sache war, dass Herr Claude",The best part was that Mr. Claude,Die beste deel was dat mnr. Claude
NL-UtHUA_A363596_885,12,"das Land nun käuflich an ſich gebracht hatte,","das Land nun käuflich an sich gebracht hatte,","the country had now been acquired through purchase,","die land was nou deur aankoop verkry,"
NL-UtHUA_A363596_886,12,welches der junge Teunis uns jetz meldete.,welches der junge Teunis uns jetzt meldete.,which the young Teunis just reported to us.,wat die jong Teunis so pas aan ons gerapporteer het.
NL-UtHUA_A363596_888,12,Auch,Auch,Also,Ook
NL-UtHUA_A363596_889,12,"<pb n=""18a"" source=""NL-UtHUA_A363596_000018.jpg"" />","<pb n=""18a"" source=""NL-UtHUA_A363596_000018.jpg"" />","<pb n=""18a"" source=""NL-UtHUA_A363596_000018.jpg"" />","<pb n=""18a"" bron=""NL-UtHUA_A363596_000018.jpg"" />"
NL-UtHUA_A363596_890,12,"Auch war der Verlaß, daß die Hottentotten","Auch war der Erlass, dass die Hottentotten",The decree also stated that the Hottentots,Die dekreet het ook bepaal dat die Hottentotte
NL-UtHUA_A363596_891,12,"ihr Vieh wegbringen ſollten, von der Cap, ziem-","ihr Vieh wegbringen sollten, von der Kap",they should take their cattle away from the Cape,hulle moet hul beeste van die Kaap af wegneem
NL-UtHUA_A363596_892,12,lich zurück genommen worden. H. Teunis meldete,ziemlich zurückgenommen worden. Herr Teunis meldete,It has been significantly scaled back. Mr. Teunis reported,Dit is aansienlik verminder. Mnr. Teunis het berig
NL-UtHUA_A363596_893,12,"uns auch, daß dahier eines Dänischen Schiffes","uns auch, dass dahier eines dänischen Schiffes","us too, that a Danish ship is here","ons ook, dat 'n Deense skip hier is"
NL-UtHUA_A363596_894,12,"Herrn Gütter angekommen wären, er wüßte",Güter angekommen wären; er wüsste,The goods had arrived; he knew,Die goedere het aangekom; hy het geweet
NL-UtHUA_A363596_895,12,"aber nicht woher, ſondern nur ſo viel, daß","aber nicht woher, sondern nur so viel, dass","but not where from, only so much that","maar nie waar vandaan nie, net soveel dat"
NL-UtHUA_A363596_896,12,ſie nicht für die Cap beſtimt wären. Wie,sie nicht für die Kap bestimmt wären. Wie,They were not intended for the Cape. How,Hulle was nie vir die Kaap bedoel nie. Hoe
NL-UtHUA_A363596_897,12,"begierig uns dieſes machte, kann ſich niemand","begierig uns dieses machte, kann sich niemand",No one can imagine what made us so eager for this.,Niemand kan dink wat ons so gretig gemaak het hiervoor nie.
NL-UtHUA_A363596_898,12,vorſtellen. Wir wünſchten nun Herrn Geſchwiſter,"vorstellen. Wir wünschten nun, Herrn Geschwister",introduce ourselves. We now wish to welcome Mr. and Mrs. Geschwister.,stel onsself voor. Ons wil nou graag mnr. en mev. Geschwister verwelkom.
NL-UtHUA_A363596_899,12,hier zu ſehen! Abends kamen die Brr.,hier zu sehen! Abends kamen die Brüder,See it here! The brothers came in the evening.,Kyk hier! Die broers het in die aand gekom.
NL-UtHUA_A363596_900,12,Marsveld u. Schwinn wieder nach Hauſe.,Marsveld und Schwinn wieder nach Hause.,Marsveld and Schwinn went home again.,Marsveld en Schwinn het weer huis toe gegaan.
NL-UtHUA_A363596_901,12,Sie brachten von ihrer Reiſe folgendes:,Sie brachten von ihrer Reise Folgendes:,They brought back the following from their journey:,Hulle het die volgende van hul reis teruggebring:
NL-UtHUA_A363596_902,12,"Eine Stunde etwa, die hinter unſern großen Berg","Eine Stunde entfernt, der hinter unserem großen Berg","An hour away, behind our big mountain","'n Uur weg, agter ons groot berg"
NL-UtHUA_A363596_903,12,"wohnt, hatte uns ſchon oft um einen Beſuch gebe=","wohnt, hatte uns schon oft um einen Besuch gebeten,",lives there and had often asked us to visit.,woon daar en het ons dikwels gevra om te kom kuier.
NL-UtHUA_A363596_904,12,"ten, u. wir hätten ſie gern eher beſucht, wenn","und wir hätten sie gern eher besucht, wenn","and we would have liked to visit them sooner, if","en ons sou hulle graag vroeër wou besoek het, as"
NL-UtHUA_A363596_905,12,wir uns nicht vor dem Berg gefürchtet hätten.,wir uns nicht vor dem Berg gefürchtet hätten.,we would not have been afraid of the mountain.,ons sou nie vir die berg bang gewees het nie.
NL-UtHUA_A363596_906,12,"Denn von allen Hottentotten hörten wir, daß","Denn von allen Hottentotten hörten wir, dass",For we heard from all the Hottentots that,Want ons het van al die Hottentotte gehoor dat
NL-UtHUA_A363596_907,12,"es mit Lebensgefahr verbunden ſey, hierüber","es mit Lebensgefahr verbunden sei, hierüber",it is life-threatening to discuss this,dit is lewensgevaarlik om hieroor te praat
NL-UtHUA_A363596_908,12,zu kommen. Wir nahmen jetzt unſern Jacob,zu kommen. Wir nahmen jetzt unseren Jacob,to come. We now took our Jacob,om te kom. Ons het nou ons Jakob geneem
NL-UtHUA_A363596_909,12,"mit, der uns den Weg wies. Oft erſchien","mit, der uns den Weg wies. Oft erschien","with him, who showed us the way. He often appeared","saam met hom, wat vir ons die pad gewys het. Hy het dikwels verskyn"
NL-UtHUA_A363596_910,12,"es unmöglich weiter zu kommen, ſonderlich","es unmöglich, weiterzukommen, sonderlich","it is impossible to progress, especially","dit is onmoontlik om te vorder, veral"
NL-UtHUA_A363596_911,12,nahe an der oberſten Spitze. Nach langer,nahe an der obersten Spitze. Nach langer,near the very top. After a long time,naby die heel bopunt. Na 'n lang tyd
NL-UtHUA_A363596_912,12,Ueberlegung wagten wir es doch u. kamen glücklich,Überlegung wagten wir es doch und kamen glücklich,"After some consideration, we dared to try it and came away happy.",Na 'n bietjie oorweging het ons dit gewaag om dit te probeer en was tevrede daarmee.
NL-UtHUA_A363596_913,12,hindurch. Hier hatten wir eine unbeſchreib=,hindurch. Hier hatten wir eine unbeschreiblich,through it. Here we had an indescribable experience.,daardeur. Hier het ons 'n onbeskryflike ervaring gehad.
NL-UtHUA_A363596_914,12,liche ſchöne Ausſicht; auf der einen Seite,schöne Aussicht; auf der einen Seite,beautiful view; on one side,pragtige uitsig; aan die een kant
NL-UtHUA_A363596_915,12,die,die,the,die
NL-UtHUA_A363596_916,12,"<pb n=""18b"" source=""NL-UtHUA_A363596_000018.jpg"" />","<pb n=""18b"" source=""NL-UtHUA_A363596_000018.jpg"" />","<pb n=""18b"" source=""NL-UtHUA_A363596_000018.jpg"" />","<pb n=""18b"" bron=""NL-UtHUA_A363596_000018.jpg"" />"
NL-UtHUA_A363596_917,13,"die offne See, da wir eben wie ein Schiff in","die offene See, da wir eben wie ein Schiff in","the open sea, since we are like a ship in","die oop see, aangesien ons soos 'n skip in"
NL-UtHUA_A363596_918,13,"vollen Segeln ſahen, u. auf der andern eine","vollen Segeln sahen, und auf der anderen eine","full sails were seen, and on the other a","volle seile is gesien, en aan die ander kant 'n"
NL-UtHUA_A363596_919,13,große Fläche mit weidenden Kühen u Ochsen.,große Fläche mit weidenden Kühen und Ochsen.,large area with grazing cows and oxen.,groot gebied met weidende koeie en osse.
NL-UtHUA_A363596_920,13,"Wir ſtiegen nun hinunter, und fanden dieſe Seite",Wir stiegen nun hinunter und fanden diese Seite,We then descended and found this side,Ons het toe afgeklim en hierdie kant gevind
NL-UtHUA_A363596_921,13,eben ſo Steil als die jenſeitige. Um 11 Uhr kamen,ebenso steil wie die jenseitige. Um 11 Uhr kamen,just as steep as the one on the other side. At 11 o'clock they arrived.,net so steil soos die een aan die ander kant. Om 11 uur het hulle aangekom.
NL-UtHUA_A363596_922,13,"wir bey oberwähnten Freunde an, der die uns","wir bei oberwähntem Freunde an, der uns",we contacted the aforementioned friend who helped us,ons het die bogenoemde vriend gekontak wat ons gehelp het
NL-UtHUA_A363596_923,13,ſehr freundſchaftlich empfing. Herrn Koſter,sehr freundschaftlich empfing. Herr Koster,received a very friendly welcome. Mr. Koster,het 'n baie vriendelike verwelkoming ontvang. Mnr. Koster
NL-UtHUA_A363596_924,13,"erſuchte uns, ihm eine Verſammlung zu","ersuchte uns, ihm eine Versammlung zu",asked us to arrange a meeting for him,het ons gevra om 'n vergadering vir hom te reël
NL-UtHUA_A363596_925,13,"halten; wir lehnten es aber ab, und unterhielten",halten; wir lehnten es aber ab und unterhielten,hold; but we refused and continued talking,hou; maar ons het geweier en aangehou praat
NL-UtHUA_A363596_926,13,uns Geſprächsweiſe mit ihnen vom Weg zur See=,uns gesprächsweise mit ihnen vom Weg zur Seeligkeit.,We will talk to them about the path to salvation.,Ons sal met hulle praat oor die pad na verlossing.
NL-UtHUA_A363596_927,13,"ligkeit. Nachmittags kam ein anderer Bauer,","Nachmittags kam ein anderer Bauer,","In the afternoon another farmer came,","In die middag het nog 'n boer gekom,"
NL-UtHUA_A363596_928,13,"der eine gute Stunde weiter wohnet, zu uns,","der eine gute Stunde weiter wohnt, zu uns","who lives a good hour away, to us","wat 'n goeie uur weg woon, na ons toe"
NL-UtHUA_A363596_929,13,"u. bat ſehr, daß wir ihn auch beſuchen möchten,","und bat sehr, dass wir ihn auch besuchen möchten,","and asked very much that we would like to visit him too,","en het baie gevra dat ons hom ook wou besoek,"
NL-UtHUA_A363596_930,13,wozu er uns morgen Pferde ſchicken wollte.,wozu er uns morgen Pferde schicken wollte.,which is why he wanted to send us horses tomorrow.,daarom wou hy môre vir ons perde stuur.
NL-UtHUA_A363596_931,13,"Wir ſagten, daß wir morgen gern bey Zeiten","Wir sagten, dass wir morgen gern beizeiten",We said that we would like to arrive early tomorrow.,Ons het gesê dat ons môre vroeg wil aankom.
NL-UtHUA_A363596_932,13,"zu Hauſe ſeyn möchten, um nicht den Weg mitten","zu Hause sein möchten, um nicht den Weg mitten",want to be at home so as not to be in the middle of the road,wil tuis wees sodat ek nie in die middel van die pad is nie
NL-UtHUA_A363596_933,13,am Berge beſteigen zu müſſen; weil er aber,am Berge besteigen zu müssen; weil er aber,to have to climb the mountain; but because he,om die berg te moet klim; maar omdat hy
NL-UtHUA_A363596_934,13,"mit Bitten nicht nach ließ, ſo gingen wir noch","mit Bitten nicht nachließ, so gingen wir noch","Since he did not give up with pleas, we went again.","Aangesien hy nie met pleidooie moed opgegee het nie, het ons weer gegaan."
NL-UtHUA_A363596_935,13,"heute Abend zu ihm, worüber er ſehr erfreut","heute Abend zu ihm, worüber er sehr erfreut","to him this evening, which he is very pleased about.","aan hom vanaand, waaroor hy baie bly is."
NL-UtHUA_A363596_936,13,"war, u. uns gut bewirthete. Eine von Seinen",war und uns gut bewirtete. Eine von seinen,was and treated us well. One of his,was en het ons goed behandel. Een van sy
NL-UtHUA_A363596_937,13,"Sclavinnen, von der uns unſre Hottentotten","Sklavinnen, von der uns unsere Hottentotten","Slave girls, from whom our Hottentots","Slawemeisies, van wie ons Hottentotte"
NL-UtHUA_A363596_938,13,"viel erzählt hatten, daß ſie um ihre Selig=","viel erzählt hatten, dass sie um ihre Seligkeit",They had told many stories about their salvation,Hulle het baie stories oor hul redding vertel
NL-UtHUA_A363596_939,13,"keit bekümmert ſey, kam zu uns u. klagte","bekümmert sei, kam zu uns und klagte","He was distressed, came to us and complained","Hy was ontsteld, het na ons toe gekom en gekla"
NL-UtHUA_A363596_940,13,"ihre Noth mit vielen Thränen. Sie ſagte,","ihre Not mit vielen Tränen. Sie sagte,","She expressed her distress with many tears. She said,","Sy het haar ontsteltenis met baie trane uitgespreek. Sy het gesê,"
NL-UtHUA_A363596_941,13,"ſo oft ſie beten wolle, ſo heiſſe es bey","so oft sie beten wolle, so heiße es bei","as often as she wanted to pray, that's what it said at","so gereeld as wat sy wou bid, dit is wat dit gesê het by"
NL-UtHUA_A363596_942,13,ihr:,ihr:,her:,haar:
NL-UtHUA_A363596_943,13,"<pb n=""19a"" source=""NL-UtHUA_A363596_000019.jpg"" />","<pb n=""19a"" source=""NL-UtHUA_A363596_000019.jpg"" />","<pb n=""19a"" source=""NL-UtHUA_A363596_000019.jpg"" />","<pb n=""19a"" bron=""NL-UtHUA_A363596_000019.jpg"" />"
NL-UtHUA_A363596_944,13,"ihr: Gehe weg, du verfluchte, in das ewige Feuer,","ihr: Gehe weg, du Verfluchte, in das ewige Feuer,","her: Go away, you accursed one, into the eternal fire,","haar: Gaan weg, vervloekte, in die ewige vuur,"
NL-UtHUA_A363596_945,13,das dem Teufel bereitet iſt u. ſ. w. Wir ſagten,das dem Teufel bereitet ist usw. Wir sagten,"that is prepared for the devil, etc. We said","wat vir die duiwel voorberei is, ens. Ons het gesê"
NL-UtHUA_A363596_946,13,"ihr, daß ſolche Menſchen, die ſich für verlorne","ihr, dass solche Menschen, die sich für verlorene","that such people, who consider themselves lost","dat sulke mense, wat hulself as verlore beskou"
NL-UtHUA_A363596_947,13,"Sünder anſehen, dem Heiland gerade recht","Sünder ansehen, dem Heiland gerade recht","Looking at sinners, just right for the Savior","Kyk na sondaars, net reg vir die Verlosser"
NL-UtHUA_A363596_948,13,"wären, und wieſen ſie weiter an ſein Sünder=","wären, und wiesen sie weiter an sein Sünderliebe","would be, and further pointed to his love of sinners","sou wees, en het verder gewys op sy liefde vir sondaars"
NL-UtHUA_A363596_949,13,liebe Herz ſo gut wir konnten. d. 9te Früh um,"Herz, so gut wir konnten. Am 9. früh um","Heart, as best we could. Early on the 9th at","Hart, so goed as wat ons kon. Vroeg op die 9de om"
NL-UtHUA_A363596_950,13,"6 Uhr waren unſer Pferde ſchon geſattelt, u.","6 Uhr waren unsere Pferde schon gesattelt, und","Our horses were already saddled by 6 o'clock, and","Ons perde was reeds teen 6-uur opgesaal, en"
NL-UtHUA_A363596_951,13,"nach dem Frühſtück reisten wir ab, wobey uns","nach dem Frühstück reisten wir ab, wobei uns","After breakfast we departed, during which we","Na ontbyt het ons vertrek, waartydens ons"
NL-UtHUA_A363596_953,13,der Freund bis an den Berg begleitete. Dieſer,der Freund bis an den Berg begleitete. Dieser,the friend accompanied him all the way to the mountain.,die vriend het hom al die pad na die berg vergesel.
NL-UtHUA_A363596_954,13,"wurde uns wieder ſehr ſauer, u. wir werden","wurde uns wieder sehr sauer, und wir werden","We got very angry again, and we will","Ons het weer baie kwaad geword, en ons sal"
NL-UtHUA_A363596_955,13,ihn ohne Noth wol nicht mehr beſteigen. Zu,ihn ohne Not wohl nicht mehr besteigen. Zu,It's unlikely anyone would climb it again unless absolutely necessary.,Dit is onwaarskynlik dat enigiemand dit weer sal klim tensy dit absoluut noodsaaklik is.
NL-UtHUA_A363596_956,13,Mittag kamen wir in Bavians Kloof wieder,Mittag kamen wir in Baviaanskloof wieder,We arrived back in Baviaanskloof at noon.,Ons het die middaguur terug in Baviaanskloof aangekom.
NL-UtHUA_A363596_957,13,an. So weit davon. d. 10te meldete uns ein,an. So weit davon. Am 10. meldete uns ein,"on. So far from it. On the 10th, a","aan. Tot dusver daarvan. Op die 10de, 'n"
NL-UtHUA_A363596_958,13,"Freund, der eine Meile von hier wohnet, daß","Freund, der eine Meile von hier wohnt, dass","A friend who lives a mile from here, that","'n Vriend wat 'n myl van hier af woon,"
NL-UtHUA_A363596_959,13,er Sachen für uns von der Cap mitgebracht,er Sachen für uns von der Kap mitgebracht,He brought things for us from the Cape.,Hy het goed vir ons van die Kaap af gebring.
NL-UtHUA_A363596_960,13,"hätte, die wir bey ihm abholen könnten. Zu=","hätte, die wir bei ihm abholen könnten. Zugleich","would have, which we could pick up from him. At the same time","sou hê, wat ons van hom kon optel. Terselfdertyd"
NL-UtHUA_A363596_961,13,"gleich brachte er die Beſtättigung, daß Geſchw=","brachte er die Bestätigung, dass Geschwister",He brought confirmation that siblings,Hy het bevestiging gebring dat broers en susters
NL-UtHUA_A363596_962,13,"an der Cap wären, u. überreichte uns Briefe","an der Kap wären, und überreichte uns Briefe","at the Cape, and handed us letters","aan die Kaap, en het vir ons briewe oorhandig"
NL-UtHUA_A363596_963,13,"von Br. Staal, Br. Metz u. der Schwr. Wolters=","von Bruder Staal, Bruder Metz und der Schwester Woltersdorfin.","by Brother Staal, Brother Metz and Sister Woltersdorfin.","deur Broer Staal, Broer Metz en Suster Woltersdorfin."
NL-UtHUA_A363596_964,13,"dorfin. Letztere zwar meldete uns, daß","Letztere zwar meldete uns, dass","The latter, however, informed us that",Laasgenoemde het ons egter meegedeel dat
NL-UtHUA_A363596_965,13,ſie uns gern beſuchen möchten; da aber das,sie uns gern besuchen möchten; da aber das,they would like to visit us; but since that,hulle wil ons graag besoek; maar sedertdien
NL-UtHUA_A363596_966,13,"Schiff ſchon am 12ten weiter ſegeln ſollte,","Schiff schon am 12. weiter segeln sollte,",The ship should continue sailing on the 12th.,Die skip behoort op die 12de verder te vaar.
NL-UtHUA_A363596_967,13,"ſo könnten ſie nicht kommen, wünſchten aber","so könnten sie nicht kommen, wünschten aber","So they couldn't come, but they wished they could.","So hulle kon nie kom nie, maar hulle het gewens hulle kon."
NL-UtHUA_A363596_968,13,doch ſehr uns zu ſehen u. zu ſprechen. Wie er=,"doch sehr, uns zu sehen und zu sprechen. Wie erfreut","Yes, very much so, to see and speak with you. How delighted!","Ja, baie graag, om jou te sien en met jou te praat. Hoe bly!"
NL-UtHUA_A363596_969,13,"freut wir waren, Geſchwiſter ſo nahe bey","wir waren, Geschwister so nahe bei",We were siblings so close,Ons was broers en susters so na aan mekaar
NL-UtHUA_A363596_970,13,"uns zu wiſſen, können wir nicht beſchreiben.","uns zu wissen, können wir nicht beschreiben.",We cannot describe how we know ourselves.,Ons kan nie beskryf hoe ons onsself ken nie.
NL-UtHUA_A363596_971,13,Da,Da,There,Daar
NL-UtHUA_A363596_972,13,"<pb n=""19b"" source=""NL-UtHUA_A363596_000019.jpg"" />","<pb n=""19b"" source=""NL-UtHUA_A363596_000019.jpg"" />","<pb n=""19b"" source=""NL-UtHUA_A363596_000019.jpg"" />","<pb n=""19b"" bron=""NL-UtHUA_A363596_000019.jpg"" />"
NL-UtHUA_A363596_973,13,"da wir nicht alle Tage abkommen konnten, ſo wurde","da wir nicht alle Tage abkommen konnten, so wurde","Since we couldn't get away every day, it was","Aangesien ons nie elke dag kon wegkom nie, was dit"
NL-UtHUA_A363596_974,13,"reſolvirt, daß die Brr. Marsveld u. Kühnel","beschlossen, dass die Brüder Marsveld und Kühnel",decided that the brothers Marsveld and Kühnel,besluit dat die broers Marsveld en Kühnel
NL-UtHUA_A363596_975,13,"dahin reiſen ſollten, welches sogleich Heute noch","dahin reisen sollten, welches sogleich heute noch","should travel there, which will happen immediately today","moet daarheen reis, wat vandag onmiddellik sal gebeur"
NL-UtHUA_A363596_976,13,Nachmittags um 4 Uhr vor ſich ging. Br Schwinn,nachmittags um 4 Uhr vor sich ging. Bruder Schwinn,which took place at 4 o'clock in the afternoon. Brother Schwinn,wat om 4-uur die middag plaasgevind het. Broer Schwinn
NL-UtHUA_A363596_977,13,"ſchreibt weiter: Heute mußte ich Schule halten,","schreibt weiter: Heute musste ich Schule halten,","continues: Today I had to teach school,","gaan voort: Vandag moes ek skool gee,"
NL-UtHUA_A363596_978,13,"mehrentheils großen Mädgens, u. Knaben that einen",meistens für große Mädchen und Knaben. Einer,Mostly for older girls and boys. One,Meestal vir ouer meisies en seuns. Een
NL-UtHUA_A363596_979,13,"von unſern Tauf-Candidaten, dem der Schule",von unseren Taufkandidaten sollte den Schulvorschub,Our baptismal candidates should promote school attendance,Ons doopkandidate moet skoolbywoning bevorder
NL-UtHUA_A363596_980,13,Vorſchub thun. Sie hatten ſich während ihrer,leisten. Sie hatten sich während ihrer,They could afford it. They had during their,Hulle kon dit bekostig. Hulle het gedurende hul
NL-UtHUA_A363596_981,13,Arbeit bey den Bauern recht wohl aufgeführt.,Arbeit bei den Bauern recht wohl aufgeführt.,Work on the farms is listed quite well.,Werk op die plase word redelik goed gelys.
NL-UtHUA_A363596_982,13,d. 11ten meldete ſich auf das neue eine Familie,Am 11. meldete sich aufs Neue eine Familie,"On the 11th, a family contacted us again.",Op die 11de het 'n familie ons weer gekontak.
NL-UtHUA_A363596_983,13,"Hottentotten, um hier zu bleiben u. Gottes","Hottentotten, um hier zu bleiben und Gottes","Hottentots, to stay here and God's","Hottentotte, om hier te bly en God s'n"
NL-UtHUA_A363596_985,13,Wort zu hören. Nachmittags kam ein Wagen,Wort zu hören. Nachmittags kam ein Wagen,To hear a word. In the afternoon a car arrived.,Om 'n woord te hoor. In die middag het 'n motor opgedaag.
NL-UtHUA_A363596_986,13,"mit 8 Pfärden, auf unſer Haus zu. Ich freute",mit 8 Pferden auf unser Haus zu. Ich freute,with 8 horses approaching our house. I was delighted.,met 8 perde wat ons huis genader het. Ek was verheug.
NL-UtHUA_A363596_987,13,mich wie ein Kind u. dachte es wären die,"mich wie ein Kind und dachte, es wären die",I acted like a child and thought it was the,Ek het soos 'n kind opgetree en gedink dit was die
NL-UtHUA_A363596_988,13,Geſchwiſter von der Cap. Aber es war der,Geschwister von der Kap. Aber es war der,Siblings from the Cape. But it was the,Broers en susters van die Kaap. Maar dit was die
NL-UtHUA_A363596_989,13,Aufseher vom warmen Bade mit einem Ge=,"Aufseher vom warmen Bade mit einer Gesellschaft,","Supervisor of the warm bath with a group,","Toesighouer van die warm bad met 'n groep,"
NL-UtHUA_A363596_990,13,"ſellſchaft, zuſammen 11 Perſonen, welche den","zusammen 11 Personen, welche dem","a total of 11 people, who","altesaam 11 mense, wat"
NL-UtHUA_A363596_991,13,morgenden Weisen singen beywohnen wollten.,morgendlichen Weisen-Singen beiwohnen wollten.,wanted to attend the morning singing of the hymns.,wou die oggendsing van die gesange bywoon.
NL-UtHUA_A363596_992,13,"Ich kam in Verlegenheit, wie ich ſie bewirthen ſollte,","Ich kam in Verlegenheit, wie ich sie bewirten sollte,","I was at a loss as to how to entertain them,","Ek was raadop oor hoe om hulle te vermaak,"
NL-UtHUA_A363596_993,13,es mußte aber doch Rath geſchaft werden; denn,es musste aber doch Rat geschaffen werden; denn,But a council had to be formed; for,Maar 'n raad moes gevorm word; want
NL-UtHUA_A363596_994,14,es iſt hier ſo des Landes Gebrauch. d. 12ten erſuchten,es ist hier so des Landes Gebrauch. Am 12. ersuchten,"That is the custom here in the country. On the 12th, they requested...",Dit is die gebruik hier in die land. Op die 12de het hulle versoek...
NL-UtHUA_A363596_995,14,ſie der Kirchen Liturgie u. der Predigt bey,"sie, der Kirchenliturgie und der Predigt beizuwohnen,","to attend the church liturgy and the sermon,","om die kerklike liturgie en die preek by te woon,"
NL-UtHUA_A363596_996,14,"zu bleiben, u. bedankten ſich nachher gütlich u. ſagten:",und bedankten sich nachher gütlich und sagten:,and afterwards thanked them kindly and said:,en daarna het hulle vriendelik bedank en gesê:
NL-UtHUA_A363596_997,14,die Hottentotten beſchämen uns Chriſten;,Die Hottentotten beschämen uns Christen;,The Hottentots shame us Christians;,Die Hottentotte beskaam ons Christene;
NL-UtHUA_A363596_998,14,"wenn wir näher wohnten, wollten wir alles","wenn wir näher wohnten, wollten wir jeden","If we lived closer, we wanted to","As ons nader gewoon het, sou ons wou hê"
NL-UtHUA_A363596_999,14,Sonntags,Sonntag,Sunday,Sondag
NL-UtHUA_A363596_1000,14,"<pb n=""20a"" source=""NL-UtHUA_A363596_000020.jpg"" />","<pb n=""20a"" source=""NL-UtHUA_A363596_000020.jpg"" />","<pb n=""20a"" source=""NL-UtHUA_A363596_000020.jpg"" />","<pb n=""20a"" bron=""NL-UtHUA_A363596_000020.jpg"" />"
NL-UtHUA_A363596_1001,14,"Sonntags hieher kommen."" Nachmittags reiſten ſie","Sonntag hierher kommen."" Nachmittags reisten sie","""Come here on Sunday."" In the afternoon they travelled","""Kom hierheen op Sondag."" In die middag het hulle gereis"
NL-UtHUA_A363596_1002,14,"wieder zurück. d. 13te ſagte ein Bastard, daß","wieder zurück. Am 13. sagte ein Bastard, dass","back again. On the 13th, a bastard said that",weer terug. Op die 13de het 'n skurk gesê dat
NL-UtHUA_A363596_1003,14,"er vor Angſt ſeines Herzens nicht wüßte, was","er vor Angst seines Herzens nicht wüsste, was",he was so afraid of his heart that he didn't know what to do.,Hy was so bang vir sy hart dat hy nie geweet het wat om te doen nie.
NL-UtHUA_A363596_1004,14,er Thun ſollte; es wäre ihm ſchon lange ſo,er tun sollte; es wäre ihm schon lange so,he should do it; he should have done it long ago.,Hy moes dit doen; hy moes dit lankal gedoen het.
NL-UtHUA_A363596_1005,14,"gegangen, bei dem daß er mit uns zu ſprechen:","gegangen, bei dem, dass er mit uns zu sprechen:","gone, in which he came to speak with us:","weg, waarin hy met ons kom praat het:"
NL-UtHUA_A363596_1006,14,ſeit dem Merkwürdigen Tod ſeines Bruders,seit dem merkwürdigen Tod seines Bruders,since the strange death of his brother,sedert die vreemde dood van sy broer
NL-UtHUA_A363596_1007,14,"ſey es ſo groß, daß er ihn noch ſehen könnte. Auch","sei es so groß, dass er ihn noch sehen könnte. Auch",was so big that he could still see it. Also,was so groot dat hy dit steeds kon sien. Ook
NL-UtHUA_A363596_1008,14,"die Fragen warum er nicht eher gekommen wäre,","die Fragen, warum er nicht eher gekommen wäre,","the questions as to why he hadn't come sooner,","die vrae oor hoekom hy nie vroeër gekom het nie,"
NL-UtHUA_A363596_1009,14,"ſagte er, er wäre ſo böſe auf uns geweſen.","sagte er, er wäre so böse auf uns gewesen.",He said he was so angry with us.,Hy het gesê hy was so kwaad vir ons.
NL-UtHUA_A363596_1010,14,Frage: Warum denn? Antw: Weil er nicht,Frage: Warum denn? Antwort: Weil er nicht,Question: Why? Answer: Because he didn't,Vraag: Hoekom? Antwoord: Omdat hy nie
NL-UtHUA_A363596_1011,14,"einer von der erſten geweſen, die Getauft","einer von den Ersten gewesen, die getauft",was one of the first to be baptized,was een van die eerstes wat gedoop is
NL-UtHUA_A363596_1012,14,"worden; ſo oft eine Taufe geweſen, ſey er","worden; so oft eine Taufe gewesen, sei er","had been; as often as a baptism had been, he had been","was; so dikwels as 'n doop was, was hy gewees"
NL-UtHUA_A363596_1013,14,"ſo böſe geworden, daß er hätte fluchen mögen,","so böse geworden, dass er hätte fluchen mögen",He got so angry that he felt like swearing.,Hy het so kwaad geword dat hy lus was om te vloek.
NL-UtHUA_A363596_1015,14,u. aus der Verſammlung laufen; oft hätte er,und aus der Versammlung laufen; oft hätte er,and run out of the meeting; often he would have,en uit die vergadering hardloop; dikwels sou hy hê
NL-UtHUA_A363596_1016,14,"gewünſcht weit von uns weg zu ſeyn, u. hätte","gewünscht, weit von uns weg zu sein, und hätte","wished to be far away from us, and would have","wou ver van ons af wees, en sou hê"
NL-UtHUA_A363596_1017,14,die Geſchwiſtern nicht vor ſeinen Augen ſehn,die Geschwister nicht vor seinen Augen sehen,He could not see his siblings before his eyes,Hy kon nie sy broers en susters voor sy oë sien nie
NL-UtHUA_A363596_1018,14,"können; es habe ihn verdroſſen, ſo oft in der","können; es habe ihn verdrossen, so oft in der",can; it annoyed him to be in the so often,kan; dit het hom geïrriteer om so gereeld in die
NL-UtHUA_A363596_1019,14,"Verſammlung zu hören, daß wer nicht als Sünder","Versammlung zu hören, dass, wer nicht als Sünder","To hear the assembly, that whoever is not considered a sinner","Om die vergadering te hoor, sodat elkeen wat nie as 'n sondaar beskou word nie"
NL-UtHUA_A363596_1020,14,"zu Jeſu Chriſto komme, verloren gehen","zu Jesus Christus komme, verloren gehen","I come to Jesus Christ, to be lost","Ek kom na Jesus Christus, om verlore te wees"
NL-UtHUA_A363596_1021,14,"müſſte, da er doch bey beſſern Chriſten geweſen,","müsste, da er doch bei besseren Christen gewesen,","He should have been among better Christians,","Hy moes onder beter Christene gewees het,"
NL-UtHUA_A363596_1022,14,"die ihm oft geſagt hätten, wer ſo lebe wie","die ihm oft gesagt hätten, wer so lebe wie",who had often told him who lived like,wat hom dikwels vertel het wie soos leef
NL-UtHUA_A363596_1023,14,"er, müßte ſelig werden; er habe die meiſten","er, müsse selig werden; er habe die meisten",He must be saved; he has most,Hy moet gered word; hy het die meeste
NL-UtHUA_A363596_1024,14,"von unſern Getauften gekannt, wie ſie in","von unseren Getauften gekannt, wie sie in","known by our baptized members, as they are in","geken deur ons gedoopte lidmate, soos hulle in"
NL-UtHUA_A363596_1025,14,"Sünden und Schanden gelebt hätten, u. dieſe","Sünden und Schanden gelebt hätten, und diese","had lived sins and shames, and these","het sondes en skandes geleef, en hierdie"
NL-UtHUA_A363596_1026,14,würden doch vor ihm getauft; dieſes und,würden doch vor ihm getauft; dieses und,would be baptized before him; this and,sou voor Hom gedoop word; dit en
NL-UtHUA_A363596_1027,14,vieles andere hätte ihn ſo verwirrt,vieles andere hätte ihn so verwirrt,Many other things would have confused him so much,Baie ander dinge sou hom so verwar het
NL-UtHUA_A363596_1028,14,"gemacht,","gemacht,","made,","gemaak,"
NL-UtHUA_A363596_1029,14,"<pb n=""20b"" source=""NL-UtHUA_A363596_000020.jpg"" />","<pb n=""20b"" source=""NL-UtHUA_A363596_000020.jpg"" />","<pb n=""20b"" source=""NL-UtHUA_A363596_000020.jpg"" />","<pb n=""20b"" bron=""NL-UtHUA_A363596_000020.jpg"" />"
NL-UtHUA_A363596_1030,14,"gemacht, daß er oft gewünſcht hätte, wir wären","gemacht, dass er oft gewünscht hätte, wir wären",He often wished we were,Hy het dikwels gewens ons was
NL-UtHUA_A363596_1031,14,nicht mehr ins Land gekommen; am lezten Sonntag,nicht mehr ins Land gekommen; am letzten Sonntag,did not return to the country; last Sunday,het nie na die land teruggekeer nie; verlede Sondag
NL-UtHUA_A363596_1032,14,"aber in der Verſammlung wären diejenigen, die dar=","aber in der Versammlung wären diejenigen, die darum",but in the assembly there would be those who therefore,maar in die vergadering sou daar diegene wees wat daarom
NL-UtHUA_A363596_1033,14,"um beſter zu ſeyn glaubten als andere, weil","besser zu sein glaubten als andere, weil",believed they were better than others because,het geglo hulle was beter as ander omdat
NL-UtHUA_A363596_1034,14,ſie nicht in offenbaren Werken des Fleiſches,sie nicht in offenbaren Werken des Fleisches,not in manifest works of the flesh,nie in die duidelike werke van die vlees nie
NL-UtHUA_A363596_1035,14,"gelebt hätten, aufgefordert worden, ſich zu","gelebt hätten, aufgefordert worden, sich zu","had lived, were asked to","geleef het, is gevra om"
NL-UtHUA_A363596_1036,14,"unterſuchen, wie es mit der Liebe zu Gott u.","untersuchen, wie es mit der Liebe zu Gott und",investigate how things stand with the love for God and,ondersoek hoe dinge staan met die liefde vir God en
NL-UtHUA_A363596_1037,14,zu ihren Mitmenſchen bey ihnen ſtünde; das ſey,zu ihren Mitmenschen bei ihnen stünde; das sei,that they would stand by their fellow human beings; that would be,dat hulle by hul medemens sou staan; dit sou wees
NL-UtHUA_A363596_1038,14,ihm wie ein Donnerſchlag in das Herz geweſen;,ihm wie ein Donnerschlag in das Herz gewesen;,It was like a thunderbolt to his heart;,Dit was soos 'n weerligstraal in sy hart;
NL-UtHUA_A363596_1039,14,"er habe dadurch zu weinen angefangen, und von dieſer",er habe dadurch zu weinen angefangen und von dieser,He started crying because of this and from this,Hy het begin huil as gevolg hiervan en hiervan
NL-UtHUA_A363596_1040,14,"Stunde an, gefragt: ""Ich bin verloren, ich gehe in","Stunde an gefragt: ""Ich bin verloren, ich gehe in","Hour asked: ""I am lost, I am going into","Uur het gevra: ""Ek is verlore, ek gaan in"
NL-UtHUA_A363596_1041,14,"die Hölle"" u.s.w. Ich zeigte ihm die Sünderliebe","die Hölle"" usw. Ich zeigte ihm die Sünderliebe","""Hell,"" etc. I showed him the love of sinners.","""Hel,"" ens. Ek het hom die liefde van sondaars getoon."
NL-UtHUA_A363596_1042,14,"Jeſu an, worauf er zum Abſchied ſagte: Ich","Jesu an, worauf er zum Abschied sagte: Ich","Jesus, whereupon he said in farewell: I","Jesus, waarop Hy afskeid geneem het: Ek"
NL-UtHUA_A363596_1043,14,"danke, u. bete Du für mich. D. 14ten war","danke, und bete Du für mich. Am 14. war","Thank you, and please pray for me. It was on the 14th.","Dankie, en bid asseblief vir my. Dit was op die 14de."
NL-UtHUA_A363596_1044,14,ich ſpäte in der Nacht zu einem von unſern Tauf=,ich spät in der Nacht zu einem von unseren Taufkandidaten,I went late at night to one of our baptismal candidates,Ek het laat in die nag na een van ons doopkandidate gegaan
NL-UtHUA_A363596_1045,14,"Candidaten gerufen, die ſehr krank war, ich fand","gerufen, die sehr krank war. Ich fand",I called someone who was very ill. I found,Ek het iemand gebel wat baie siek was. Ek het gevind
NL-UtHUA_A363596_1047,14,ſie in einem erfreulichen Gang. d. 15ten las ich,sie in einem erfreulichen Gang. Am 15. las ich,She was in a pleasing way. On the 15th I read,Sy was op 'n aangename manier. Op die 15de het ek gelees
NL-UtHUA_A363596_1048,14,in der Verſammlung das 11te u 12te Cap. Der,in der Versammlung das 11. und 12. Kapitel der,"in the assembly, chapters 11 and 12 of the","in die vergadering, hoofstukke 11 en 12 van die"
NL-UtHUA_A363596_1049,14,"Apoſtel Geſchichte. Nachher kamen viele u. fragten,","Apostelgeschichte. Nachher kamen viele und fragten,","Acts of the Apostles. Afterwards many came and asked,","Handelinge van die Apostels. Daarna het baie gekom en gevra,"
NL-UtHUA_A363596_1050,14,"was das für ein Tuch geweſen, das mit allerley","was das für ein Tuch gewesen, das mit allerlei","what kind of cloth was it, covered in all sorts of things","watter soort lap was dit, bedek met allerhande dinge"
NL-UtHUA_A363596_1051,14,Thieren vom Himmel zu Petrus kam? Ich,Tieren vom Himmel zu Petrus kam? Ich,Did animals from heaven come to Peter? I,Het diere uit die hemel na Petrus gekom?
NL-UtHUA_A363596_1052,14,hatte dabey Gelegenheit die Wunderliebe Jeſu,"hatte dabei Gelegenheit, die Wunderliebe Jesu",had the opportunity to witness the miraculous love of Jesus,die geleentheid gehad om die wonderbaarlike liefde van Jesus te aanskou
NL-UtHUA_A363596_1053,14,"auch zu den Heiden, anzu preiſen, wobey viele","auch zu den Heiden anzupreisen, wobei viele","also to be promoted to the pagans, with many","ook om bevorder te word aan die heidene, met baie"
NL-UtHUA_A363596_1054,14,Thränen vergoſſen wurden. d. 16te Abends,Tränen vergossen wurden. Am 16. abends,Tears were shed. On the evening of the 16th.,Trane is gestort. Op die aand van die 16de.
NL-UtHUA_A363596_1055,14,ſpät kamen meine l. Brr. Marsveld und,spät kamen meine lieben Brüder Marsveld und,My dear brothers Marsveld and I arrived late.,My liewe broers Marsveld en ek het laat opgedaag.
NL-UtHUA_A363596_1056,14,Kühnel,Kühnel,Kühnel,Kühnel
NL-UtHUA_A363596_1057,14,"<pb n=""21a"" source=""NL-UtHUA_A363596_000021.jpg"" />","<pb n=""21a"" source=""NL-UtHUA_A363596_000021.jpg"" />","<pb n=""21a"" source=""NL-UtHUA_A363596_000021.jpg"" />","<pb n=""21a"" bron=""NL-UtHUA_A363596_000021.jpg"" />"
NL-UtHUA_A363596_1058,14,Kühnel von ihrer Reiſe zurück. Sie ſchreiben da=,Kühnel von ihrer Reise zurück. Sie schreiben davon,Kühnel returned from her trip. They write about it.,Kühnel het van haar reis teruggekeer. Hulle skryf daaroor.
NL-UtHUA_A363596_1059,14,von folgendes: Vor unſerer Abreiſe kamen ver=,Folgendes: Vor unserer Abreise kamen verschiedene,"The following happened: Before our departure, various things happened",Die volgende het gebeur: Voor ons vertrek het verskeie dinge gebeur
NL-UtHUA_A363596_1060,14,"ſchiedene unſrer Schweſtern, welche dieſelben in","unserer Schwestern, welche die Neuigkeit","our sisters, who heard the news","ons susters, wat die nuus gehoor het"
NL-UtHUA_A363596_1061,14,"der Geſchwindigkeit wußten von Güttern, wünſchten","von den Gütern schnell wussten, wünschten","knew quickly about the goods, wished","het vinnig van die goedere geweet, gewens"
NL-UtHUA_A363596_1062,14,"uns eine gute Reiſe, u. bezeugten, wie ſehr","uns eine gute Reise und bezeugten, wie sehr",wishing us a good journey and testifying to how much,wens ons 'n goeie reis toe en getuig van hoeveel
NL-UtHUA_A363596_1063,14,"ſie ſich freuen würden, die an der Cap angekom=","sie sich freuen würden, die an der Kap angekommenen",they would be pleased to welcome those who have arrived at the Cape,hulle sal met graagte diegene verwelkom wat in die Kaap aangekom het
NL-UtHUA_A363596_1064,14,"menen Geſchwiſter hier zu ſehen, ließen ſie","Geschwister hier zu sehen, ließen sie","To see siblings here, they let","Om sibbe hier te sien, laat hulle"
NL-UtHUA_A363596_1065,14,auch herzlich grüßen. Es war gleich Anfangs,auch herzlich grüßen. Es war gleich anfangs,Greetings as well. It was right at the beginning.,Groete ook. Dit was heel aan die begin.
NL-UtHUA_A363596_1066,14,ein rechtes Bewegen darüber unter dem Volke,ein rechtes Bewegen darüber unter dem Volke,a real movement about it among the people,'n werklike beweging daaroor onder die mense
NL-UtHUA_A363596_1067,14,"u. alle wünſchten, daß ſie doch hieher kommen","und alle wünschten, dass sie doch hierher kommen",and everyone wished that they would come here.,en almal het gewens dat hulle hierheen sou kom.
NL-UtHUA_A363596_1068,14,möchten. d. 11ten ritten wir mit unſerm,möchten. Am 11. ritten wir mit unserem,"would like to. On the 11th, we rode with our",graag wil. Op die 11de het ons saam met ons gery
NL-UtHUA_A363596_1069,14,"Jacob weiter, u. hatten allerley Mühselig=",Jacob weiter und hatten allerlei Mühseligkeiten,Jacob continued on and had all sorts of troubles.,Jakob het aangehou en allerhande probleme gehad.
NL-UtHUA_A363596_1070,14,"keiten auszuhalten, unter andern bekamen","auszuhalten, unter anderem bekamen","to endure, among other things, received","om onder andere te verduur, ontvang"
NL-UtHUA_A363596_1071,15,wir den ganzen Tag nichts zu eſſen. Dazu,wir den ganzen Tag nichts zu essen. Dazu,We didn't eat anything all day.,Ons het die hele dag niks geëet nie.
NL-UtHUA_A363596_1072,15,"kam noch, daß gegen Abend uns jemand","kam noch, dass gegen Abend uns jemand",It also happened that someone told us towards evening,Dit het ook gebeur dat iemand ons teen die aand vertel het
NL-UtHUA_A363596_1073,15,"unterwegs meldete, daß die Geſchwiſter ſchon","unterwegs meldete, dass die Geschwister schon",reported on the way that the siblings had already,berig onderweg dat die broers en susters reeds
NL-UtHUA_A363596_1074,15,"in der Stadt Abſchied genommen hätten, um","in der Stadt Abschied genommen hätten, um",in the city to say goodbye,in die stad om totsiens te sê
NL-UtHUA_A363596_1075,15,morgen unter Segel zu gehen. Welcher Schmerz,morgen unter Segel zu gehen. Welcher Schmerz,Setting sail tomorrow. What a pain.,Seil môre uit. Wat 'n pyn.
NL-UtHUA_A363596_1076,15,"das uns war, gehen ſo müde, daß wir nicht erwarten","das uns war, gingen wir so müde, dass wir nicht erwarten","That was us, we left so tired that we didn't expect","Dit was ons, ons het so moeg vertrek dat ons dit nie verwag het nie"
NL-UtHUA_A363596_1077,15,"konnten, Heute noch auf der Cap einzukehren.","konnten, heute noch an der Kap einzukehren.",were able to stop at the Cape today.,kon vandag by die Kaap stop.
NL-UtHUA_A363596_1079,15,"Wir baten aber den Heiland uns zu helfen,","Wir baten aber den Heiland, uns zu helfen,","But we asked the Savior to help us,","Maar ons het die Verlosser gevra om ons te help,"
NL-UtHUA_A363596_1080,15,"und es ging auch beſſer als wir gedacht hatten,","und es ging auch besser, als wir gedacht hatten,",And it went better than we had expected.,En dit het beter gegaan as wat ons verwag het.
NL-UtHUA_A363596_1081,15,ſo daß wir um 1/2 10 Uhr bey unſerm Freund,sodass wir um 9:30 Uhr bei unserem Freund,so that we can be at our friend's place at 9:30 am,sodat ons om 9:30 vm. by ons vriend se plek kan wees
NL-UtHUA_A363596_1082,15,Schmidt u. unſern l. Geſchwistern ankammen.,Schmidt und unseren lieben Geschwistern ankamen.,Schmidt and our dear siblings arrived.,Schmidt en ons liewe broers en susters het aangekom.
NL-UtHUA_A363596_1083,15,Die ſaßen noch beym Abendeſſen. Welche,Die saßen noch beim Abendessen. Welche,They were still sitting at dinner. Which,Hulle was nog steeds besig om aandete te eet. Watter
NL-UtHUA_A363596_1084,15,Freude,Freude,Joy,Vreugde
NL-UtHUA_A363596_1085,15,"<pb n=""21b"" source=""NL-UtHUA_A363596_000021.jpg"" />","<pb n=""21b"" source=""NL-UtHUA_A363596_000021.jpg"" />","<pb n=""21b"" source=""NL-UtHUA_A363596_000021.jpg"" />","<pb n=""21b"" bron=""NL-UtHUA_A363596_000021.jpg"" />"
NL-UtHUA_A363596_1086,15,"Freude dieſes auf beiden Seiten war, können","Freude dieses auf beiden Seiten war, können",The joy this was on both sides can,"Die vreugde wat dit aan beide kante was, kan"
NL-UtHUA_A363596_1087,15,"wir nicht beſchreiben. So müde wir auch waren,","wir nicht beschreiben. So müde wir auch waren,","we cannot describe. As tired as we were,","ons kan nie beskryf nie. So moeg as wat ons was,"
NL-UtHUA_A363596_1088,15,ſo wurde dennoch dieſe Nacht wenig geſchlafen.,so wurde dennoch diese Nacht wenig geschlafen.,"Despite this, little sleep was achieved that night.","Ten spyte hiervan, is daar daardie nag min slaap gekry."
NL-UtHUA_A363596_1089,15,Zu allerſeitigem Vergnügen konnten ſie noch,Zu allerseitigem Vergnügen konnten sie noch,"To everyone's delight, they were also able to",Tot almal se vreugde kon hulle ook
NL-UtHUA_A363596_1090,15,"einen Tag verbleiben, in dem ſie erſt d. 13ten","einen Tag verbleiben, indem sie erst am 13.","to remain for one day, by only arriving on the 13th.","om vir een dag te bly, deur eers op die 13de aan te kom."
NL-UtHUA_A363596_1091,15,früh ans Bord gehen ſollten. Wir verbrachten,früh an Bord gehen sollten. Wir verbrachten,We should board early. We spent,Ons moet vroeg aan boord gaan. Ons het spandeer
NL-UtHUA_A363596_1092,15,den morg. d. 12ten ſehr vergnügt mit einander.,den Morgen des 12. sehr vergnügt miteinander.,We spent the morning of the 12th very happily together.,Ons het die oggend van die 12de baie gelukkig saam deurgebring.
NL-UtHUA_A363596_1093,15,Weil ſie ſeit langer Zeit das Heil. Amahl,Weil sie seit langer Zeit das Heilige Abendmahl,Because they have been celebrating Holy Communion for a long time,Omdat hulle al lank die Heilige Nagmaal vier
NL-UtHUA_A363596_1094,15,"nicht gehabt hatten, ſo baten ſie uns, es mit","nicht gehabt hatten, so baten sie uns, es mit","Since they didn't have it, they asked us to do it with","Aangesien hulle dit nie gehad het nie, het hulle ons gevra om dit te doen met"
NL-UtHUA_A363596_1095,15,ihnen zu halten. Wir hielten demnach mit,ihnen zu halten. Wir hielten demnach mit,to keep up with them.,om tred te hou met hulle.
NL-UtHUA_A363596_1096,15,"Br. Metz, der Schw. Woltersdorfin, u den 2","Bruder Metz, der Schwester Woltersdorfin und den zwei","Brother Metz, the sister Woltersdorfin and the two","Broer Metz, die suster Woltersdorfin en die twee"
NL-UtHUA_A363596_1097,15,älteſten Töchtern der leztern einen ſeligen,ältesten Töchtern der Letzteren einen seligen,"eldest daughters of the latter, a blessed","oudste dogters van laasgenoemde, 'n geseënde"
NL-UtHUA_A363596_1098,15,"Genuß des Leibes u. Blutes Jeſu im H. Amahl,","Genuss des Leibes und Blutes Jesu im Heiligen Abendmahl,","Enjoyment of the body and blood of Jesus in the Holy Communion,","Genieting van die liggaam en bloed van Jesus in die Heilige Nagmaal,"
NL-UtHUA_A363596_1099,15,wobey er ſich recht gnädig zu uns bekennte.,wobei er sich recht gnädig zu uns bekannte.,whereupon he was quite gracious towards us.,waarop hy baie genadig teenoor ons was.
NL-UtHUA_A363596_1100,15,"d. 13ten früh gingen ſie, nach einem rührenden","Am 13. früh gingen sie, nach einem rührenden","Early on the 13th, after a touching","Vroeg op die 13de, na 'n roerende"
NL-UtHUA_A363596_1101,15,"Abſchied, aufs Schiff, wohin ſie Br. Kühnel","Abschied, aufs Schiff, wohin sie Bruder Kühnel","Farewell, onto the ship, where they were going to Brother Kühnel","Vaarwel, op die skip, waarheen hulle na Broeder Kühnel op pad was."
NL-UtHUA_A363596_1102,15,begleitete. Vater Schmidt u. ſeine Kinder,begleitete. Vater Schmidt und seine Kinder,accompanied. Father Schmidt and his children,vergesel. Vader Schmidt en sy kinders
NL-UtHUA_A363596_1103,15,"ſagten, daß ſie einen ſolchen Abſchied noch","sagten, dass sie einen solchen Abschied noch",said that they had never experienced such a farewell before,het gesê dat hulle nog nooit tevore so 'n afskeid beleef het nie
NL-UtHUA_A363596_1104,15,"nicht gehabt hätten, denn er koſtete ihnen","nicht gehabt hätten, denn er kostete ihnen","would not have had, because it cost them","sou nie gehad het nie, want dit het hulle gekos"
NL-UtHUA_A363596_1105,15,viele Thränen. Dieſen Tag verbrachten,viele Tränen. Diesen Tag verbrachten,Many tears. We spent this day together.,Baie trane. Ons het hierdie dag saam deurgebring.
NL-UtHUA_A363596_1106,15,wir mit Beſuchen guter Freunde unter andern,"wir mit Besuchen guter Freunde, unter anderem","we with visits from good friends, among others","ons met besoeke van goeie vriende, onder andere"
NL-UtHUA_A363596_1107,15,des Lutheriſchen u. Reformierten Geiſtlichen.,des lutherischen und reformierten Geistlichen.,of the Lutheran and Reformed clergyman.,van die Lutherse en Gereformeerde geestelike.
NL-UtHUA_A363596_1108,15,Die Geſchwiſter konnten Heute noch nicht unter,Die Geschwister konnten heute noch nicht unter,The siblings were still unable to go under today,Die broers en susters kon vandag steeds nie ondergaan nie
NL-UtHUA_A363596_1109,15,"Segel gehen, aber am 14ten früh, da wir","Segel gehen, aber am 14. früh, als wir","Sailing, but early on the 14th, when we","Seil, maar vroeg op die 14de, toe ons"
NL-UtHUA_A363596_1111,15,"auf ſtanden, waren ſie ſchon fort. Heute","aufstanden, waren sie schon fort. Heute","By the time they got up, they were already gone. Today","Teen die tyd dat hulle opgestaan het, was hulle reeds weg. Vandag"
NL-UtHUA_A363596_1112,15,beſuchten,besuchten,visited,besoek
NL-UtHUA_A363596_1113,15,,,,
NL-UtHUA_A363596_1114,15,"<pb n=""22a"" source=""NL-UtHUA_A363596_000022.jpg"" />","<pb n=""22a"" source=""NL-UtHUA_A363596_000022.jpg"" />","<pb n=""22a"" source=""NL-UtHUA_A363596_000022.jpg"" />","<pb n=""22a"" bron=""NL-UtHUA_A363596_000022.jpg"" />"
NL-UtHUA_A363596_1115,15,"besuchten wir den H. Comiſsarius, den Befehl=","besuchten wir den Herrn Kommissar, den Befehlshaber","We visited the Commissioner, the commander","Ons het die Kommissaris, die bevelvoerder, besoek"
NL-UtHUA_A363596_1116,15,"haber Reenius, u. den Comandanten H. Gordon,","Reenius und den Kommandanten Herrn Gordon,","Reenius and the commander, Mr. Gordon,","Reenius en die bevelvoerder, mnr. Gordon,"
NL-UtHUA_A363596_1117,15,wie auch andere von der Regierung. Wir wurden,sowie andere von der Regierung. Wir wurden,as well as others from the government. We were,sowel as ander van die regering. Ons was
NL-UtHUA_A363596_1118,15,überall freundlich empfangen; aber die Herren,überall freundlich empfangen; aber die Herren,Everywhere they were warmly received; but the gentlemen,Oral is hulle hartlik ontvang; maar die here
NL-UtHUA_A363596_1119,15,"waren so mit Arbeit überhäuft, daß wir","waren so mit Arbeit überhäuft, dass wir",were so overwhelmed with work that we,was so oorweldig met werk dat ons
NL-UtHUA_A363596_1120,15,nicht viel mit ihnen sprechen konnten. Am 18t_,nicht viel mit ihnen sprechen konnten. Am 18.,We couldn't talk to them much. On the 18th.,Ons kon nie veel met hulle praat nie. Op die 18de.
NL-UtHUA_A363596_1121,15,solten viele Schiffe nach Holland abgehen.,sollten viele Schiffe nach Holland abgehen.,Many ships should depart for Holland.,Baie skepe behoort na Holland te vertrek.
NL-UtHUA_A363596_1122,15,Von da her waren 2 Schiffe am 12ten in Fals=,Von dort her waren zwei Schiffe am 12. in False,Two ships from there arrived in False on the 12th.,Twee skepe van daar het op die 12de in False aangekom.
NL-UtHUA_A363596_1123,15,"bay angekommen, da wir so kundig taten uns","Bay angekommen, da wir sogleich kundtaten, ob","Having arrived in Bay, we immediately announced whether","Nadat ons in die Baai aangekom het, het ons dadelik aangekondig of"
NL-UtHUA_A363596_1124,15,"gleich, ob Briefe u. Nachrichten für uns mit=",Briefe und Nachrichten für uns mitgekommen,Letters and messages came with us,Briewe en boodskappe het saam met ons gekom
NL-UtHUA_A363596_1125,15,gekomen wären; es war aber nichts da.,wären; es war aber nichts da.,would have been; but there was nothing there.,sou gewees het; maar daar was niks daar nie.
NL-UtHUA_A363596_1126,15,Wir dachten wegen den Umständen auch,"Wir dachten, wegen der Umstände auch","We thought, because of the circumstances, also","Ons het gedink, as gevolg van die omstandighede, ook"
NL-UtHUA_A363596_1127,15,unsern Platz mit den Herrn von der Regie=,unseren Platz mit den Herren von der Regierung,our place with the gentlemen from the government,ons plek by die here van die regering
NL-UtHUA_A363596_1128,15,rung ein mehrers zu sprechen; trafen aber,eingehender zu besprechen; trafen aber,to discuss in more detail; but they met,om in meer besonderhede te bespreek; maar hulle het ontmoet
NL-UtHUA_A363596_1129,15,jezt nicht die rechte Zeit dazu. Wir beschloßen,jetzt nicht die rechte Zeit dazu. Wir beschlossen,Now is not the right time for that. We decided,Nou is nie die regte tyd daarvoor nie. Ons het besluit
NL-UtHUA_A363596_1130,15,"daher, diesen Nachmittag die Reise anzutreten.","daher, diesen Nachmittag die Reise anzutreten.","Therefore, to begin the journey this afternoon.","Daarom, om die reis vanmiddag te begin."
NL-UtHUA_A363596_1131,15,Kurz vorher erzehlte uns ein Sohn des Vater,Kurz vorher erzählte uns ein Sohn des Vaters,"Shortly before, a son of the father told us",Kort tevore het 'n seun van die vader vir ons gesê
NL-UtHUA_A363596_1132,15,"Schmiet, daß unser Jacob mit verschiedenen","Schmiet, dass unser Jacob mit verschiedenen","Schmiet, that our Jacob with various","Schmiet, dat ons Jakob met verskeie"
NL-UtHUA_A363596_1133,15,"Hottentotten, welche auf der Wache sind,","Hottentotten, welche auf der Wache sind,","Hottentots who are on guard duty,","Hottentotte wat wagdiens doen,"
NL-UtHUA_A363596_1134,15,"gesprochen, u. ihnen solche Ermahnungen gegeben",gesprochen und ihnen solche Ermahnungen gegeben,spoke and gave them such admonitions,het gepraat en hulle sulke vermanings gegee
NL-UtHUA_A363596_1135,15,"hätte, daß er darüber erstaunt wäre. Er","hätte, dass er darüber erstaunt wäre. Er",He would have been surprised by that.,Hy sou daardeur verbaas gewees het.
NL-UtHUA_A363596_1136,15,"sagte ihnen, sie mögten Jeſum Chriſtum ſuchen,","sagte ihnen, sie möchten Jesus Christus suchen,","told them they wanted to seek Jesus Christ,","het vir hulle gesê dat hulle Jesus Christus wou soek,"
NL-UtHUA_A363596_1137,15,weil Er noch zu finden sey. Die bezeugten ihren,weil Er noch zu finden sei. Die bezeugten ihren,because he could still be found. They testified to their,omdat hy steeds gevind kon word. Hulle het getuig van hul
NL-UtHUA_A363596_1138,15,"Wünsch, bald von der Wache weg zu seyn, um","Wunsch, bald von der Wache weg zu sein, um","Desire to be away from the guard post soon, in order to","Verlang om binnekort van die wagpos weg te wees, om"
NL-UtHUA_A363596_1139,15,"nach Bavianskloof zu kommen, u. Gottes Wort",nach Bavianskloof zu kommen und Gottes Wort,to come to Bavianskloof and hear God's word,om na Bavianskloof te kom en God se woord te hoor
NL-UtHUA_A363596_1140,15,wieder,wieder,again,weer
NL-UtHUA_A363596_1142,15,"<pb n=""22b"" source=""NL-UtHUA_A363596_000022.jpg"" />","<pb n=""22b"" source=""NL-UtHUA_A363596_000022.jpg"" />","<pb n=""22b"" source=""NL-UtHUA_A363596_000022.jpg"" />","<pb n=""22b"" bron=""NL-UtHUA_A363596_000022.jpg"" />"
NL-UtHUA_A363596_1143,15,wieder zu hören. Jacob sagte ihnen: Sie sollten nicht,wieder zu hören. Jacob sagte ihnen: Sie sollten nicht,to hear them again. Jacob told them: They shouldn't,om hulle weer te hoor. Jakob het vir hulle gesê: Hulle moenie
NL-UtHUA_A363596_1144,15,"der Woche nur das sagen, sie könnten den l.","nur der Woche das sagen, sie könnten den lieben","just to say that this week, they could tell the dear",net om te sê dat hulle hierdie week die liewe kon vertel
NL-UtHUA_A363596_1145,15,Heiland auch da haben; denn Er sey überall gegen=,"Heiland auch da haben; denn Er sei überall gegenwärtig,","Have the Savior there too; for He is present everywhere,","Hê die Verlosser ook daar; want Hy is oral teenwoordig,"
NL-UtHUA_A363596_1146,15,"wärtig, wo man nach Ihm verlangt. Es thue",wo man nach Ihm verlangt. Es tue,where they ask for Him. Do it.,waar hulle na Hom vra. Doen dit.
NL-UtHUA_A363596_1147,15,"nur Thren wehe, welche ihn fragten, ob es bey","nur denen weh, welche ihn fragten, ob es bei",He only hurt those who asked him if it was at,Hy het net diegene seergemaak wat hom gevra het of dit by was
NL-UtHUA_A363596_1148,15,"ihm so aussähe, wie er sagte. Er antwortete:","ihm so aussähe, wie er sagte. Er antwortete:",He looked like he said he did. He replied:,Hy het gelyk asof hy gesê het hy het. Hy het geantwoord:
NL-UtHUA_A363596_1149,16,"Wenn Juffrow in mein Herz sehen könnte,","Wenn Juffrouw in mein Herz sehen könnte,","If Juffrouw could see into my heart,","As Juffrouw in my hart kon sien,"
NL-UtHUA_A363596_1150,16,"so würde Juffrow sehen, daß es so aussieht,","so würde Juffrouw sehen, dass es so aussieht,",Juffrouw would see that it looks like this.,Juffrouw sou sien dat dit so lyk.
NL-UtHUA_A363596_1151,16,wie ich sage. Wir reisten nun mit zwey guten,"wie ich sage."" Wir reisten nun mit zwei guten","as I say."" We now traveled with two good","soos ek sê."" Ons het nou saam met twee goeies gereis"
NL-UtHUA_A363596_1152,16,"Freunden von der Cap, zu unserm Freund Licken,","Freunden von der Kap, zu unserem Freund Licken,","Friends from the Cape, to our friend Licken,","Vriende van die Kaap, aan ons vriend Licken,"
NL-UtHUA_A363596_1153,16,"welcher sehr schwach war. Er war sehr erfreut,","welcher sehr schwach war. Er war sehr erfreut,","which was very weak. He was very pleased,","wat baie swak was. Hy was baie tevrede,"
NL-UtHUA_A363596_1154,16,"daß wir ihn diese Liebe erwiesen, u. sagte, er","dass wir ihm diese Liebe erwiesen, und sagte, er","that we showed him this love, and said he","dat ons hom hierdie liefde getoon het, en gesê het hy"
NL-UtHUA_A363596_1155,16,fühlte sich dadurch gestärkt. Er nahm von uns,fühlte sich dadurch gestärkt. Er nahm von uns,He felt strengthened by this. He took from us,Hy het hom hierdeur versterk gevoel. Hy het van ons geneem
NL-UtHUA_A363596_1156,16,"Abschied, weil er glaubte, daß wir uns in diesem","Abschied, weil er glaubte, dass wir uns in diesem","Farewell, because he believed that we were in this","Vaarwel, want hy het geglo dat ons hierin was"
NL-UtHUA_A363596_1157,16,Leben nicht mehr sehen würden. Es geht als ein,Leben nicht mehr sehen würden. Es geht als ein,would never see life again. It goes as a,sou nooit weer die lewe sien nie. Dit gaan as 'n
NL-UtHUA_A363596_1158,16,"armer Sünder, der nichts als Jeſu Gnade auch","armer Sünder, der nichts als Jesu Gnade auch","poor sinner, who had nothing but Jesus' grace","arme sondaar, wat niks anders as Jesus se genade gehad het nie"
NL-UtHUA_A363596_1159,16,"gewießen hat, aus dieser Zeit. Am andern Morgen","gewusst hat, aus dieser Zeit. Am anderen Morgen",knew from that time. The next morning,geweet van daardie tyd af. Die volgende oggend
NL-UtHUA_A363596_1160,16,"eilten wir von da weiter, u. trafen es Abends",eilten wir von da weiter und trafen es abends,We hurried on from there and met it in the evening.,Ons het daarvandaan haastig verder gegaan en dit in die aand teëgekom.
NL-UtHUA_A363596_1161,16,"so, daß wir nicht Eingezogen Morgen zu Bette","so, dass wir nicht eingezogen morgens zu Bette",so that we didn't move into bed in the morning,sodat ons nie soggens bed toe hoef te gaan nie
NL-UtHUA_A363596_1162,16,gehen mußten. Auch unterwegens besuchten,gehen mussten. Auch unterwegs besuchten,had to leave. They also visited other places along the way.,moes vertrek. Hulle het ook ander plekke langs die pad besoek.
NL-UtHUA_A363596_1163,16,Auch mancherley Beſchwerlich=,Auch mancherlei Beschwerlichkeiten,Also various difficulties,Ook verskeie moeilikhede
NL-UtHUA_A363596_1164,16,"keiten u. Verzögerung ungeachtet, trafen wir am 18ten","und Verzögerung ungeachtet, trafen wir am 18.","and despite the delay, we met on the 18th.","en ten spyte van die vertraging, het ons mekaar op die 18de ontmoet."
NL-UtHUA_A363596_1165,16,Abends bey unserem Bruder Schwinn an.,abends bei unserem Bruder Schwinn an.,in the evening at our brother Schwinn's house.,in die aand by ons broer Schwinn se huis.
NL-UtHUA_A363596_1166,16,d. 18ten wurden in unserer Conferenz 2 Personen,Am 18. wurden in unserer Konferenz zwei Personen,"On the 18th, two people were present at our conference.",Op die 18de was twee mense teenwoordig by ons konferensie.
NL-UtHUA_A363596_1167,16,zu Tauf=Candidaten ausgewählt. d. 19te in,zu Taufkandidaten ausgewählt. Am 19. in,selected as baptismal candidates. On the 19th in,gekies as doopkandidate. Op die 19de in
NL-UtHUA_A363596_1168,16,der Versammlung zur Litaney richteten,der Versammlung zur Litanei richteten,addressed the assembly to the litany,die vergadering tot die litanie toegespreek
NL-UtHUA_A363596_1169,16,wir,wir,we,ons
NL-UtHUA_A363596_1170,16,"<pb n=""23a"" source=""NL-UtHUA_A363596_000023.jpg"" />","<pb n=""23a"" source=""NL-UtHUA_A363596_000023.jpg"" />","<pb n=""23a"" source=""NL-UtHUA_A363596_000023.jpg"" />","<pb n=""23a"" source=""NL-UtHUA_A363596_000023.jpg"" />"
NL-UtHUA_A363596_1171,16,"wir Grüße von abwesenden Geschwistern aus, und",wir Grüße von abwesenden Geschwistern aus und,We send greetings from our absent siblings and,Ons stuur groete van ons afwesige broers en susters en
NL-UtHUA_A363596_1173,16,"sagten ihnen, daß wir ihrer zu ihrer Kirche eine","sagten ihnen, dass wir ihrer zu ihrer Kirche eine",told them that we would take them to their church,het vir hulle gesê dat ons hulle na hulle kerk sou neem
NL-UtHUA_A363596_1174,16,Zeitlang in der Litaney namentlich gedenken,Zeitlang in der Litanei namentlich gedenken,To remember by name in the litany for a time,Om vir 'n tyd by naam in die litanie te onthou
NL-UtHUA_A363596_1175,16,wolten. Alle unsere Leute wünschten mit auf,"wollten. Alle unsere Leute wünschten, mit auf",wanted to. All our people wanted to go with us.,wou. Al ons mense wou saam met ons gaan.
NL-UtHUA_A363596_1176,16,"das Cap gewesen zu seyn, um die Geschwister","das Kap gewesen zu sein, um die Geschwister",to have been to the cape to see the siblings,om na die kaap te gewees het om die broers en susters te sien
NL-UtHUA_A363596_1177,16,"zu sehen, u. sagten zu unserem Jacob, daß er","zu sehen, und sagten zu unserem Jacob, dass er","to see, and said to our Jacob that he","om te sien, en het vir ons Jakob gesê dat hy"
NL-UtHUA_A363596_1178,16,"den Heiland dafür zu danken hätte, daß er","dem Heiland dafür zu danken hätte, dass er",to thank the Savior for the fact that he,om die Verlosser te dank vir die feit dat hy
NL-UtHUA_A363596_1179,16,das Glück gehabt hätte. Dieser war auch so voll,das Glück gehabt hätte. Dieser war auch so voll,who would have been lucky. This one was also so full.,wie sou gelukkig gewees het. Hierdie een was ook so vol.
NL-UtHUA_A363596_1180,16,"von Erzählungen, und wurde so viel gefragt, daß","von Erzählungen und wurde so viel gefragt, dass",of stories and was asked so many questions that,van stories en is soveel vrae gevra dat
NL-UtHUA_A363596_1181,16,er gar nicht fertig werden konnte. Die Schw.,er gar nicht fertig werden konnte. Die Schwester,he couldn't finish at all. The sister,Hy kon glad nie klaarmaak nie. Die suster
NL-UtHUA_A363596_1182,16,"Woltersdorfs hatte uns eine Haube mitgegeben,","Woltersdorfs hatte uns eine Haube mitgegeben,","Woltersdorfs had given us a hood,","Woltersdorfs het ons 'n kap gegee,"
NL-UtHUA_A363596_1183,16,welche wir unserer Martha anprobiren ließen.,welche wir unserer Martha anprobieren ließen.,which we had our Martha try on.,wat ons Martha laat aanpas het.
NL-UtHUA_A363596_1184,16,"Sie fand allgemeinen Beyfall, u. die Schwestern","Sie fand allgemeinen Beifall, und die Schwestern","It was met with general acclaim, and the sisters","Dit is met algemene lof ontvang, en die susters"
NL-UtHUA_A363596_1185,16,"konnten sich nicht satt daran sehen. Ach, sagten","konnten sich nicht satt daran sehen. ""Ach"", sagten","They couldn't get enough of looking at it. ""Oh,"" they said.","Hulle kon nie genoeg kry om daarna te kyk nie. ""O,"" het hulle gesê."
NL-UtHUA_A363596_1186,16,"sie, kämen doch auch Schwestern zu uns! Auf","sie, ""kämen doch auch Schwestern zu uns!"" Auf","They said, ""Sisters would come to us too!""","Hulle het gesê: ""Susters sal ook na ons toe kom!"""
NL-UtHUA_A363596_1187,16,die Frage: was das Helfen könnte? sagten sie:,"die Frage: ""Was das helfen könnte?"", sagten sie:","When asked, ""How might that help?"", they said:","Toe hulle gevra is: ""Hoe kan dit help?"", het hulle gesê:"
NL-UtHUA_A363596_1188,16,"es wäre doch ganz was anders, mit ihres Gleichen","Es wäre doch ganz was anderes, mit ihresgleichen","It would be completely different, with their own kind.","Dit sou heeltemal anders wees, met hul eie soort."
NL-UtHUA_A363596_1189,16,"zu sprechen. Abends besuchte uns ein Mann, der","zu sprechen. Abends besuchte uns ein Mann, der","to talk. In the evening, a man visited us who",om te praat. In die aand het 'n man ons besoek wat
NL-UtHUA_A363596_1190,16,aus Lobenstein gebürtig u. 33 Jahre hier im,aus Lobenstein gebürtig und 33 Jahre hier im,Originally from Lobenstein and here for 33 years,Oorspronklik van Lobenstein en hier vir 33 jaar
NL-UtHUA_A363596_1191,16,Lande ist. Er hat eine 20 jährige Tochter von,Lande ist. Er hat eine 20-jährige Tochter von,Lande is. He has a 20-year-old daughter from,Lande is. Hy het 'n 20-jarige dogter van
NL-UtHUA_A363596_1192,16,"einer Hottentottin, die er gerne bey uns in die","einer Hottentottin, die er gerne bei uns in die",a Hottentot woman whom he would like to bring with us,'n Hottentot-vrou wat hy graag saam met ons wil bring
NL-UtHUA_A363596_1193,16,"Schule schicken möchte, um sie etwas Tüchtiges","Schule schicken möchte, um sie etwas Tüchtiges",I want to send her to school to learn something worthwhile.,Ek wil haar skool toe stuur om iets waardevols te leer.
NL-UtHUA_A363596_1194,16,"zu lernen. Er fragte, wie lange er sie zu","zu lernen. Er fragte, wie lange er sie zu",to learn. He asked how long he would need her to learn.,om te leer. Hy het gevra hoe lank hy haar sou nodig hê om te leer.
NL-UtHUA_A363596_1195,16,dem Zweck bey uns laßen müßte. Wir sagten,"dem Zweck bei uns lassen müsste. Wir sagten,","which would mean leaving it with us. We said,","wat sou beteken dat ons dit by ons moet los. Ons het gesê,"
NL-UtHUA_A363596_1196,16,"wir wären keine Schulmeister, wir nähmen","wir wären keine Schulmeister, wir nähmen","We wouldn't be schoolmasters, we would take","Ons sou nie skoolmeesters wees nie, ons sou neem"
NL-UtHUA_A363596_1197,16,niemand,niemand,no one,niemand
NL-UtHUA_A363596_1198,16,"<pb n=""23b"" source=""NL-UtHUA_A363596_000023.jpg"" />","<pb n=""23b"" source=""NL-UtHUA_A363596_000023.jpg"" />","<pb n=""23b"" source=""NL-UtHUA_A363596_000023.jpg"" />","<pb n=""23b"" source=""NL-UtHUA_A363596_000023.jpg"" />"
NL-UtHUA_A363596_1199,16,"niemand blos darum in die Schule, daß er etwas","niemand bloß darum in die Schule, dass er etwas",Nobody goes to school just to learn something.,Niemand gaan skool toe net om iets te leer nie.
NL-UtHUA_A363596_1200,16,"lernen sollte, sondern in der Hofnung, daß er","lernen sollte, sondern in der Hoffnung, dass er","should learn, but in the hope that he","moet leer, maar in die hoop dat hy"
NL-UtHUA_A363596_1201,16,sich zum Heiland bekehren werde. Solche die diesen,"sich zum Heiland bekehren werde. Solche, die diesen",will convert to the Savior. Those who do this,sal tot die Verlosser bekeer. Diegene wat dit doen
NL-UtHUA_A363596_1203,16,"Sinn nicht hätten, schickten wir wieder fort.","Sinn nicht hätten, schickten wir wieder fort.","If it didn't make sense, we sent them away again.","As dit nie sin gemaak het nie, het ons hulle weer weggestuur."
NL-UtHUA_A363596_1204,16,d. 23te war der Br. Schwinn zu einem kranken,Am 23. war der Bruder Schwinn zu einem kranken,"On the 23rd, Brother Schwinn went to visit a sick person.",Op die 23ste het Broer Schwinn 'n siek persoon gaan besoek.
NL-UtHUA_A363596_1205,16,"Mann gerufen, u. fand ihn in einem erfreulichen",Mann gerufen und fand ihn in einem erfreulichen,I called a man and found him in a pleasant state.,Ek het 'n man gebel en hom in 'n aangename toestand gevind.
NL-UtHUA_A363596_1206,16,Zustande. Auch ließ die Lena um einen Besuch,Zustande. Auch ließ die Lena um einen Besuch,It came about. Lena also asked for a visit.,Dit het gebeur. Lena het ook gevra vir 'n besoek.
NL-UtHUA_A363596_1207,16,"bitten, weil sie vor Alter so schwach ist, daß sie","bitten, weil sie vor Alter so schwach ist, dass sie","ask, because she is so weak from old age that she","vra, want sy is so swak van ouderdom dat sy"
NL-UtHUA_A363596_1208,16,nicht mehr gehen kann. Br. Marsveld konnte,nicht mehr gehen kann. Bruder Marsveld konnte,can no longer walk. Brother Marsveld could,kan nie meer loop nie. Broer Marsveld kon
NL-UtHUA_A363596_1209,16,"sich über sie freuen. d. 24te kam Andreas Otto,",sich über sie freuen. Am 24. kam Andreas Otto,"They were happy about it. On the 24th, Andreas Otto arrived.",Hulle was bly daaroor. Op die 24ste het Andreas Otto opgedaag.
NL-UtHUA_A363596_1210,16,"mit einem Sohn von H. Claude, um den in","mit einem Sohn von Herrn Claude, um den in","with a son of Mr. Claude, in order to in","met 'n seun van mnr. Claude, om in te"
NL-UtHUA_A363596_1211,16,der Nähe gekauften Platz zu besehen. d. 25te,der Nähe gekauften Platz zu besehen. Am 25.,to view the nearby property that was purchased. On the 25th.,"om die nabygeleë eiendom wat aangekoop is, te besigtig. Op die 25ste."
NL-UtHUA_A363596_1212,16,zogen etliche Frauen u. Kinder aufs neue hierher.,zogen etliche Frauen und Kinder aufs Neue hierher.,Several women and children moved here again.,Verskeie vroue en kinders het weer hierheen verhuis.
NL-UtHUA_A363596_1213,16,"d. 26te kamen nach der Versammlung zwei in Dank,",Am 26. kamen nach der Versammlung zwei in Dank,"On the 26th, after the meeting, two people came in thanks.","Op die 26ste, na die vergadering, het twee mense gekom om dankie te sê."
NL-UtHUA_A363596_1214,16,u. sprachen mit uns über die Erweckung ihres,und sprachen mit uns über die Erweckung ihres,and spoke with us about the awakening of their,en het met ons gepraat oor die ontwaking van hul
NL-UtHUA_A363596_1215,16,"Herzens. Unter diesen war ein Mann, von dem","Herzens. Unter diesen war ein Mann, von dem","Heart. Among these was a man, of whom","Hart. Onder hulle was 'n man, van wie"
NL-UtHUA_A363596_1216,16,"wir dachten, daß er die fallende Krankheit","wir dachten, dass er die fallende Krankheit",We thought he had the falling sickness,Ons het gedink hy het die valsiekte
NL-UtHUA_A363596_1217,16,"bekömmt; er war so angegriffen, daß er zitter=","bekommt; er war so angegriffen, dass er zitterte",received; he was so attacked that he was trembling.,ontvang; hy was so aangeval dat hy gebewe het.
NL-UtHUA_A363596_1218,16,"te u. bebte, u. kaum stehen konnte. Als wir",und bebte und kaum stehen konnte. Als wir,and trembled and could hardly stand. When we,en gebewe en kon skaars staan. Toe ons
NL-UtHUA_A363596_1219,16,"ihn fragten, was ihm fehle, konnte er lange","ihn fragten, was ihm fehle, konnte er lange","When asked what was wrong with him, he could speak for a long time.","Toe hy gevra is wat fout is met hom, kon hy lank praat."
NL-UtHUA_A363596_1220,16,nicht antworten. Endlich brach er in einen Strom,nicht antworten. Endlich brach er in einen Strom,"He didn't answer. Finally, he broke into a torrent.",Hy het nie geantwoord nie. Uiteindelik het hy in 'n stroom ingestorm.
NL-UtHUA_A363596_1221,16,"von Thränen aus, u. sagte: Ich höre die","von Tränen aus und sagte: ""Ich höre die","from tears and said: ""I hear the","uit trane en gesê: ""Ek hoor die"
NL-UtHUA_A363596_1222,16,großen Worte Gottes und ich habe nicht den,großen Worte Gottes und ich habe nicht den,great words of God and I have not the,groot woorde van God en ek het nie die
NL-UtHUA_A363596_1223,16,"Weg gelebt, so werde zum Freund der","Weg gelebt, so werde zum Freund der","A way of life lived, so become a friend of the","'n Lewenswyse wat geleef word, so word 'n vriend van die"
NL-UtHUA_A363596_1224,16,Sünder gewiesen. d. 27te wurde mit der,"Sünder gewiesen."" Am 27. wurde mit der","Sinners were shown."" On the 27th, the","Sondaars is gewys."" Op die 27ste, die"
NL-UtHUA_A363596_1225,16,Susanna,"Susanna,","Susanna,","Susanna,"
NL-UtHUA_A363596_1226,17,"<pb n=""24a"" source=""NL-UtHUA_A363596_000024.jpg"" />","<pb n=""24a"" source=""NL-UtHUA_A363596_000024.jpg"" />","<pb n=""24a"" source=""NL-UtHUA_A363596_000024.jpg"" />","<pb n=""24a"" bron=""NL-UtHUA_A363596_000024.jpg"" />"
NL-UtHUA_A363596_1227,17,"Susanna, welche vorstehend mit uns zum Heil","Susanna, welche vorstehend mit uns zum Heiligen","Susanna, who above joined us to the Holy","Susanna, wat hierbo by ons aangesluit het by die Heilige"
NL-UtHUA_A363596_1228,17,"A.Mahl gehen wird, nochmals gesprochen, u. am","Abendmahl gehen wird, nochmals gesprochen, und am","Communion will be said again, and at","Nagmaal sal weer gehou word, en om"
NL-UtHUA_A363596_1229,17,29te wurde sie Confirmirt. d. 30te kamen ver=,29. wurde sie konfirmiert. Am 30. kamen verschiedene,"She was confirmed on the 29th. On the 30th, various people came.",Sy is op die 29ste bevestig. Op die 30ste het verskeie mense gekom.
NL-UtHUA_A363596_1230,17,"schiedene von unseren Getauften zum sprechen, u.","von unseren Getauften zum Sprechen, und","from our baptized to speak, and","van ons gedooptes om te spreek, en"
NL-UtHUA_A363596_1231,17,wir konnten uns über ihre andern Äußerungen sehr,wir konnten uns über ihre anderen Äußerungen sehr,We were very pleased with her other statements.,Ons was baie tevrede met haar ander verklarings.
NL-UtHUA_A363596_1233,17,freuen. Eigentlich wurde das diesma=,freuen. Eigentlich wurde das diesmalige,"I'm looking forward to it. Actually, this time it was...","Ek sien daarna uit. Eintlik, hierdie keer was dit..."
NL-UtHUA_A363596_1234,17,"lige Sprechen ausgesetzt, jedoch so, daß sie, wenn","Sprechen ausgesetzt, jedoch so, dass sie, wenn","Speech is suspended, but in such a way that, if they","Spraak word opgeskort, maar op so 'n manier dat, indien hulle"
NL-UtHUA_A363596_1235,17,"willige dazu kommen, konnten. Im Äußerem hatten","willige dazu kommen, konnten. Im Äußeren hatten","Those willing to join could. Externally, they had","Diegene wat bereid was om aan te sluit, kon. Uitwendig het hulle"
NL-UtHUA_A363596_1236,17,wir um diese Zeit viel Noth mit unseren 4,wir um diese Zeit viel Not mit unseren vier,We had a lot of trouble with our four at this time,Ons het baie probleme met ons vier gehad op hierdie tydstip
NL-UtHUA_A363596_1237,17,"Ochsen, die so mager sind, daß wir sie nicht","Ochsen, die so mager sind, dass wir sie nicht",Oxen so thin that we can't,Osse so maer dat ons nie kan nie
NL-UtHUA_A363596_1238,17,brauchen können; u. da wir nothwendig mit,brauchen können; und da wir notwendig mit,may need; and since we need to,mag nodig hê; en aangesien ons moet
NL-UtHUA_A363596_1239,17,"unserem Wagen zu thun hatten, mußten wir","unserem Wagen zu tun hatten, mussten wir","to deal with our car, we had to","om met ons motor te werk, moes ons"
NL-UtHUA_A363596_1240,17,Ochsen von den Hottentotten borgen.,Ochsen von den Hottentotten borgen.,Borrowing oxen from the Hottentots.,Osse van die Hottentotte leen.
NL-UtHUA_A363596_1241,17,d. 2te May hatten wir das heil. A.Mahl; die,Am 2. Mai hatten wir das Heilige Abendmahl; die,We had Holy Communion on May 2nd; the,Ons het op 2 Mei Nagmaal gehad; die
NL-UtHUA_A363596_1242,17,Susanna genoß es zum ersten mal u. die Anna,Susanna genoss es zum ersten Mal und die Anna,"Susanna enjoyed it for the first time, and Anna","Susanna het dit vir die eerste keer geniet, en Anna"
NL-UtHUA_A363596_1243,17,sahe als Confirmandin zu. d. 3te wurde nach,sah als Konfirmandin zu. Am 3. wurde nach,"I watched as a confirmand. On the 3rd, after","Ek het as 'n bevestiger gekyk. Op die 3de, na"
NL-UtHUA_A363596_1244,17,"der Versammlung bekannt gemacht, daß die bis=","der Versammlung bekannt gemacht, dass die bisherige,","The assembly was informed that the previous,","Die vergadering is meegedeel dat die vorige,"
NL-UtHUA_A363596_1245,17,herige uns sehr beschwerlich gewordene Gewohnheit,"uns sehr beschwerlich gewordene Gewohnheit,","a habit that has become very burdensome for us,","'n gewoonte wat vir ons baie lastig geword het,"
NL-UtHUA_A363596_1246,17,einen jeden von uns vor und nach der Versam=,einen jeden von uns vor und nach der Versammlung,each of us before and after the meeting,elkeen van ons voor en na die vergadering
NL-UtHUA_A363596_1247,17,"mlung einzeln zu grüßen, von nun an aufhören","einzeln zu grüßen, von nun an aufhören","to greet each other individually, stop from now on.","om mekaar individueel te groet, hou van nou af op."
NL-UtHUA_A363596_1248,17,"solle. Sie hatten es bisher, aus ihrer Schuldigkeit",solle. Sie hatten es bisher aus ihrer Schuldigkeit,They should. They had done so far out of their duty.,Hulle moes. Hulle het so ver buite hul plig gebly.
NL-UtHUA_A363596_1249,17,"gehalten, u. keines wollte darine zurück bleiben;","gehalten, und keines wollte darin zurückbleiben;","held on, and none wanted to stay behind;","het vasgehou, en niemand wou agterbly nie;"
NL-UtHUA_A363596_1250,17,"wir sagten ihr aber, wir würden es jedes mal","wir sagten ihr aber, wir würden es jedes Mal",But we told her we would do it every time,Maar ons het vir haar gesê ons sal dit elke keer doen
NL-UtHUA_A363596_1251,17,als geschehen annehmen. Heute kamen viele,als geschehen annehmen. Heute kamen viele,Assume it has happened. Many came today.,Neem aan dit het gebeur. Baie het vandag gekom.
NL-UtHUA_A363596_1252,17,"einzeln mit uns zu sprechen, unter andern","einzeln mit uns zu sprechen, unter anderen","to speak with us individually, among other things","om individueel met ons te praat, onder andere"
NL-UtHUA_A363596_1253,17,die,die,the,die
NL-UtHUA_A363596_1254,17,"<pb n=""24b"" source=""NL-UtHUA_A363596_000024.jpg"" />","<pb n=""24b"" source=""NL-UtHUA_A363596_000024.jpg"" />","<pb n=""24b"" source=""NL-UtHUA_A363596_000024.jpg"" />","<pb n=""24b"" bron=""NL-UtHUA_A363596_000024.jpg"" />"
NL-UtHUA_A363596_1255,17,"die Mutter unserer Louise, welche 2 Stunden von","die Mutter unserer Louise, welche zwei Stunden von","the mother of our Louise, who lived two hours away","die moeder van ons Louise, wat twee ure weg gewoon het"
NL-UtHUA_A363596_1256,17,"hier wohnt, u. gewöhnlich alle Sonntage hierher",hier wohnt und gewöhnlich alle Sonntage hierher,lives here and usually comes here every Sunday,woon hier en kom gewoonlik elke Sondag hierheen
NL-UtHUA_A363596_1257,17,"kommt. Sie sagte: ""Ich bin seit einiger Zeit sehr","kommt. Sie sagte: ""Ich bin seit einiger Zeit sehr","comes. She said: ""I've been very","kom. Sy het gesê: ""Ek was baie"
NL-UtHUA_A363596_1258,17,"unruhig, daß ich es zu Hause kaum aushalten kann.","unruhig, dass ich es zu Hause kaum aushalten kann.",I'm so restless that I can hardly stand being at home.,Ek is so rusteloos dat ek dit skaars kan verdra om by die huis te wees.
NL-UtHUA_A363596_1259,17,"So oft ich hierher denke, wird mir wohl, besonders","So oft ich hierher denke, wird mir wohl, besonders,","As often as I think of this place, I feel, especially,","So gereeld as ek aan hierdie plek dink, voel ek veral,"
NL-UtHUA_A363596_1260,17,"wenn der Sonntag nahe ist, da ich zu der Versammlung","wenn der Sonntag nahe ist, da ich zu der Versammlung","when Sunday is near, when I go to the meeting","wanneer Sondag naby is, wanneer ek na die vergadering gaan"
NL-UtHUA_A363596_1262,17,"gehen kann; u. wann ich hier bin, ist mir sehr","gehen kann; und wann ich hier bin, ist mir sehr",can go; and when I am here is very important to me.,"kan gaan; en wanneer ek hier is, is baie belangrik vir my."
NL-UtHUA_A363596_1263,17,"wohl; so bald ich aber nach Hause gehen muß, ist","wohl; sobald ich aber nach Hause gehen muss, ist","well; but as soon as I have to go home, it's","wel; maar sodra ek huis toe moet gaan, is dit"
NL-UtHUA_A363596_1264,17,"es mir so, als solte ich ins Feuer gehen."" Sie hat","es mir so, als sollte ich ins Feuer gehen."" Sie hat","""It feels like I'm going into the fire."" She has","""Dit voel asof ek in die vuur gaan."" Sy het"
NL-UtHUA_A363596_1265,17,"einen Sclaven zum Manne, u. kann daher nicht so",einen Sklaven zum Manne und kann daher nicht so,a slave to become a man and therefore cannot so,'n slaaf om 'n man te word en daarom nie so kan nie
NL-UtHUA_A363596_1266,17,oft kommen als sie es wünschte. d. 4te gedachten,"oft kommen, als sie es wünschte. Am 4. gedachten","They often came when she wished. On the 4th, they commemorated...",Hulle het dikwels gekom wanneer sy wou. Op die 4de het hulle herdenk...
NL-UtHUA_A363596_1267,17,wir der ledigen Schwestern in unserem Morgen=,wir der ledigen Schwestern in unserem Morgensegen,"we, the unmarried sisters, in our morning blessing","ons, die ongetroude susters, in ons oggendseën"
NL-UtHUA_A363596_1268,17,"segen, u. sangen ihnen zu ihrem Chor=Fest ein",und sangen ihnen zu ihrem Chorfest ein,and sang for them at their choir festival,en het vir hulle gesing by hul koorfees
NL-UtHUA_A363596_1269,17,"paar Verſe. Nachm. d. 5te schickte, ehe es Tag war,","paar Verse. Nachmittags am 5. schickte, ehe es Tag war,","A few verses. Sent in the afternoon of the 5th, before it was day.","'n Paar verse. Gestuur in die middag van die 5de, voor dit dag was."
NL-UtHUA_A363596_1270,17,"kam schon eine W. sagte, daß sie vor Unruhe ihres","kam schon eine Frau und sagte, dass sie vor Unruhe ihres",A woman came up and said that she was restless because of her,'n Vrou het nader gekom en gesê dat sy rusteloos was as gevolg van haar
NL-UtHUA_A363596_1271,17,Herzens nicht schlafen konnte. Ihr wurde geantw.,"Herzens nicht schlafen konnte. Ihr wurde geantwortet,","She couldn't sleep. She received a reply,","Sy kon nie slaap nie. Sy het 'n antwoord ontvang,"
NL-UtHUA_A363596_1272,17,daß der l. Heiland um unserer Sünden willen so,dass der liebe Heiland um unserer Sünden willen so,that the dear Savior would act for our sins,dat die liewe Verlosser vir ons sondes sou optree
NL-UtHUA_A363596_1273,17,viel hat ausstehen müssen. Da kämen heute,viel hat ausstehen müssen. Da kämen heute,"He has had to endure a lot. Today, that would be something.",Hy moes baie verduur. Vandag sou dit iets besonders wees.
NL-UtHUA_A363596_1274,17,noch viele. Es ist besonders mit der Menge hier,noch viele. Es ist besonders mit der Menge hier,Many more. It's especially noticeable with the quantity here.,Baie meer. Dis veral opmerklik met die hoeveelheid hier.
NL-UtHUA_A363596_1275,17,eine ganz besondere Regung. Viele kommen,eine ganz besondere Regung. Viele kommen,a very special feeling. Many come,'n baie spesiale gevoel. Baie kom
NL-UtHUA_A363596_1276,17,"u. sagen, daß sie auch selig zu werden wünschten,","und sagen, dass sie auch selig zu werden wünschten,","and say that they too wished to be blessed,","en sê dat hulle ook geseënd wou wees,"
NL-UtHUA_A363596_1277,17,welches allemal mit vielen Thränen begleitet,welches allemal mit vielen Tränen begleitet,which is always accompanied by many tears,wat altyd met baie trane gepaard gaan
NL-UtHUA_A363596_1278,17,"ist. d. 7te war ein Regentag, der unsere Gar=","ist. Am 7. war ein Regentag, der unseren Gärten","The 7th was a rainy day, which affected our gardens.","Die 7de was 'n reënerige dag, wat ons tuine beïnvloed het."
NL-UtHUA_A363596_1279,17,ten sehr zu statten kam. Das Ärgernis unge=,sehr zugutekam. Das Ärgernis ungeachtet,"This was very beneficial. The annoyance, however, remained.",Dit was baie voordelig. Die ergernis het egter gebly.
NL-UtHUA_A363596_1280,17,"achtet kamen doch die, welche eine Stunde von","kamen doch die, welche eine Stunde von",Those who came an hour from,Diegene wat 'n uur van
NL-UtHUA_A363596_1281,17,hier,hier,here,hier
NL-UtHUA_A363596_1282,17,"<pb n=""25a"" source=""NL-UtHUA_A363596_000025.jpg"" />","<pb n=""25a"" source=""NL-UtHUA_A363596_000025.jpg"" />","<pb n=""25a"" source=""NL-UtHUA_A363596_000025.jpg"" />","<pb n=""25a"" source=""NL-UtHUA_A363596_000025.jpg"" />"
NL-UtHUA_A363596_1283,17,"hier wohnen, pünktlich zur Versammlung u. zur","hier wohnen, pünktlich zur Versammlung und zur","live here, punctual for the meeting and the","woon hier, stiptelik vir die vergadering en die"
NL-UtHUA_A363596_1284,17,Schule. d. 8te regnete es wieder sehr stark.,Schule. Am 8. regnete es wieder sehr stark.,School. On the 8th it rained very heavily again.,Skool. Op die 8ste het dit weer baie hard gereën.
NL-UtHUA_A363596_1285,17,Diese Witterung ist unsern Ziegen nicht zuträg=,Diese Witterung ist unseren Ziegen nicht zuträglich;,This weather is not good for our goats;,Hierdie weer is nie goed vir ons bokke nie;
NL-UtHUA_A363596_1286,17,"lich; in voriger Nacht gingen 9 Stück drauf,","in voriger Nacht gingen neun Stück drauf,",Nine of them were destroyed last night.,Nege van hulle is gisteraand vernietig.
NL-UtHUA_A363596_1287,17,"u. überhaupt haben wir von 100 Stück, die","und überhaupt haben wir von 100 Stück, die","And anyway, out of 100 pieces, we have...","En in elk geval, uit 100 stukke, het ons..."
NL-UtHUA_A363596_1288,17,"wir gekauft hatten, nur noch 36 übrig. Es","wir gekauft hatten, nur noch 36 übrig. Es","We had bought, only 36 left.","Ons het gekoop, net 36 oor."
NL-UtHUA_A363596_1289,17,"wird uns versichert, daß sie in der Regenzeit","wird uns versichert, dass sie in der Regenzeit",We are assured that they will be open during the rainy season.,Ons is verseker dat hulle oop sal wees gedurende die reënseisoen.
NL-UtHUA_A363596_1290,17,alle drauf gehen würden. d. 13te war das Sprechen,alle draufgehen würden. Am 13. war das Sprechen,"They would all die. On the 13th, the speaking began.",Hulle sou almal sterf. Op die 13de het die praatwerk begin.
NL-UtHUA_A363596_1292,17,der Tauf=Candidaten u. wir konnten uns über,"der Taufkandidaten, und wir konnten uns über","of the baptismal candidates, and we were able to talk about","van die doopkandidate, en ons kon gesels oor"
NL-UtHUA_A363596_1293,17,die meisten freuen. Dem Himmelfahrtstag d. 14te,"die meisten freuen. Am Himmelfahrtstag, dem 14.,","Most people are happy. On Ascension Day, the 14th,","Die meeste mense is gelukkig. Op Hemelvaartsdag, die 14de,"
NL-UtHUA_A363596_1294,17,waltete in der Versammlung ein seliges Gefühl.,waltete in der Versammlung ein seliges Gefühl.,A blissful feeling prevailed in the assembly.,'n Salige gevoel het in die vergadering geheers.
NL-UtHUA_A363596_1295,17,"Von den 6 Personen, die neulich von der Schule aus=","Von den sechs Personen, die neulich von der Schule ausgeschlossen",Of the six people who were recently expelled from school,Van die ses mense wat onlangs uit die skool geskors is
NL-UtHUA_A363596_1296,17,"geschloßen worden waren, wurden 4 wieder an=","worden waren, wurden vier wieder angenommen.",Four of those who had been rejected were accepted again.,"Vier van diegene wat verwerp is, is weer aanvaar."
NL-UtHUA_A363596_1297,17,"genommen. Die eine, eine Tauf=Candidatin,","Die eine, eine Taufkandidatin,","One of them, a baptismal candidate,","Een van hulle, 'n doopkandidaat,"
NL-UtHUA_A363596_1298,17,"sagte, daß sie den Heiland Tag u. Nacht um","sagte, dass sie den Heiland Tag und Nacht um",said that they prayed to the Savior day and night.,het gesê dat hulle dag en nag tot die Verlosser gebid het.
NL-UtHUA_A363596_1299,17,"Vergebung bittet, u. vor Unruhe nicht schlafen",Vergebung bittet und vor Unruhe nicht schlafen,He asks for forgiveness and cannot sleep due to restlessness.,Hy vra om vergifnis en kan nie slaap nie as gevolg van rusteloosheid.
NL-UtHUA_A363596_1300,17,"könne, u. sie wünsche gar sehr wieder in die","könne, und sie wünsche gar sehr, wieder in die","could, and she very much wished to, return to the","kon, en sy wou baie graag, terugkeer na die"
NL-UtHUA_A363596_1301,17,"Claſſe zu kommen. Die Hannah, welche schon","Klasse zu kommen. Die Hannah, welche schon","To come in class. Hannah, who already","Om in die klas te kom. Hannah, wat reeds"
NL-UtHUA_A363596_1302,17,"vor geraumer Zeit ausgeschloßen worden war,","vor geraumer Zeit ausgeschlossen worden war,","had been excluded some time ago,","was 'n rukkie gelede uitgesluit,"
NL-UtHUA_A363596_1303,17,"hatte öfters um die Wiederannahme gebeten,","hatte öfters um die Wiederannahme gebeten,","had repeatedly requested to be readmitted,","herhaaldelik versoek het om hertoegelaat te word,"
NL-UtHUA_A363596_1304,18,wolte jedoch ihre Vergehen gar nie recht ge=,wollte jedoch ihre Vergehen gar nie recht gestehen.,"However, she never really wanted to admit her crimes.",Sy wou egter nooit regtig haar misdade erken nie.
NL-UtHUA_A363596_1305,18,"stehen. Heute aber geschah solches, u. wir","Heute aber geschah solches, und wir","But today something like this happened, and we","Maar vandag het so iets gebeur, en ons"
NL-UtHUA_A363596_1306,18,"konnten nicht umhin, sie wieder anzunehmen,","konnten nicht umhin, sie wieder anzunehmen,","could not help but accept them again,","kon nie anders as om hulle weer te aanvaar nie,"
NL-UtHUA_A363596_1307,18,"u. so auch einen Tauf=Candidaten, den wir","und so auch einen Taufkandidaten, den wir",and so also a baptismal candidate whom we,en so ook 'n doopkandidaat wat ons
NL-UtHUA_A363596_1308,18,hatten ausschließen müßen. Beide drückten,hatten ausschließen müssen. Beide drückten,had to rule them out. Both pressed,moes hulle uitsluit. Beide het gedruk
NL-UtHUA_A363596_1309,18,ihren,ihre,her,haar
NL-UtHUA_A363596_1310,18,"<pb n=""25b"" source=""NL-UtHUA_A363596_000025.jpg"" />","<pb n=""25b"" source=""NL-UtHUA_A363596_000025.jpg"" />","<pb n=""25b"" source=""NL-UtHUA_A363596_000025.jpg"" />","<pb n=""25b"" bron=""NL-UtHUA_A363596_000025.jpg"" />"
NL-UtHUA_A363596_1311,18,ihren Dankbarkeit mit vielen Thränen aus. In,ihre Dankbarkeit mit vielen Tränen aus. In,They expressed their gratitude with many tears.,Hulle het hul dankbaarheid met baie trane betuig.
NL-UtHUA_A363596_1312,18,unserer Conferenz am 16te sprachen wir viel über,unserer Konferenz am 16. sprachen wir viel über,"At our conference on the 16th, we talked a lot about",By ons konferensie op die 16de het ons baie gepraat oor
NL-UtHUA_A363596_1313,18,unser Volk u. konten dem lieben Heiland nicht,unser Volk und konnten dem lieben Heiland nicht,our people and could not see the dear Savior,ons mense en kon nie die liewe Verlosser sien nie
NL-UtHUA_A363596_1314,18,"genug danken, für alles was Er an denselben","genug danken für alles, was Er an denselben",Thank enough for everything He has done for them,Dank genoeg vir alles wat Hy vir hulle gedoen het
NL-UtHUA_A363596_1315,18,thut. 2 Männer u. 4 Frauen wurden zur Taufe,tut. Zwei Männer und vier Frauen wurden zur Taufe,Two men and four women were baptized.,Twee mans en vier vroue is gedoop.
NL-UtHUA_A363596_1316,18,"auserwählt. Abends ließen wir sie kommen, und",auserwählt. Abends ließen wir sie kommen und,chosen. In the evening we let them come and,gekies. In die aand laat ons hulle kom en
NL-UtHUA_A363596_1317,18,fragten sie nochmals um ihren Sinn u. legten ihnen,fragten sie nochmals um ihren Sinn und legten ihnen,They asked again about its meaning and laid it on them,Hulle het weer gevra oor die betekenis daarvan en dit op hulle gelê
NL-UtHUA_A363596_1318,18,"folgende Fragen vor: ""Wir begehren nichts als im Frieden","folgende Fragen vor: ""Wir begehren nichts, als im Frieden","The following questions are posed: ""We desire nothing but peace","Die volgende vrae word gestel: ""Ons begeer niks anders as vrede nie"
NL-UtHUA_A363596_1319,18,"dem l. Heiland in der Welt zu leben, durch Seine","dem lieben Heiland in der Welt zu leben, durch Seine","to live in the world with the dear Savior, through His","om in die wêreld te lewe met die geliefde Verlosser, deur Sy"
NL-UtHUA_A363596_1320,18,"Gnade"". Es waltete ein unbeschreiblich seliges Gefühl.","Gnade."" Es waltete ein unbeschreiblich seliges Gefühl.","""Grace."" An indescribably blissful feeling prevailed.","""Genade."" 'n Onbeskryflik salige gevoel het oorheers."
NL-UtHUA_A363596_1322,18,d. 17te wurde in der Versammlung zur Litaney,Am 17. wurde in der Versammlung zur Litanei,"On the 17th, the Litany was recited at the assembly.",Op die 17de is die Litanie by die byeenkoms voorgelees.
NL-UtHUA_A363596_1323,18,"bekannt gemacht, daß die Hannah ihre Vergehen","bekannt gemacht, dass die Hannah ihre Vergehen",announced that Hannah had committed her crimes,het aangekondig dat Hannah haar misdade gepleeg het
NL-UtHUA_A363596_1324,18,"bereuet, u. den Heiland u. die Gemeine um Verge=",bereut und den Heiland und die Gemeinde um Vergebung,repented and asked the Savior and the community for forgiveness,het berou getoon en die Verlosser en die gemeenskap om vergifnis gevra
NL-UtHUA_A363596_1325,18,"bung bitte, wobey viele Thränen vergoßen","bitte, wobei viele Tränen vergossen","Please, with many tears shed","Asseblief, met baie trane wat gestort word"
NL-UtHUA_A363596_1326,18,"wurden. Um 10 Uhr war die Taufhandlung, welche","wurden. Um 10 Uhr war die Taufhandlung, welche",were. The baptism ceremony took place at 10 a.m.,was. Die doopseremonie het om 10:00 vm. plaasgevind.
NL-UtHUA_A363596_1327,18,jeder von uns an 2 Personen verrichtete. Sie,jeder von uns an zwei Personen verrichtete. Sie,Each of us performed it on two people. They,Elkeen van ons het dit op twee mense uitgevoer. Hulle
NL-UtHUA_A363596_1328,18,"bekamen die Namen David, Abraham, Juliana","bekamen die Namen David, Abraham, Juliana","They were given the names David, Abraham, Juliana","Hulle is die name Dawid, Abraham, Juliana gegee."
NL-UtHUA_A363596_1329,18,"Rosina, Johana u. Carolina. Eine Taufe von","Rosina, Johanna und Carolina. Eine Taufe von","Rosina, Johanna, and Carolina. A baptism of","Rosina, Johanna en Carolina. 'n Doop van"
NL-UtHUA_A363596_1330,18,so vielen auf einmal hatten wir noch nicht ge=,"so vielen auf einmal hatten wir noch nicht gehabt,",We've never had so many at once before.,Ons het nog nooit tevore so baie op een slag gehad nie.
NL-UtHUA_A363596_1331,18,"habt, u. der Friede Gottes ließ sich dabey kräftig",und der Friede Gottes ließ sich dabei kräftig,and the peace of God was powerfully felt in that moment,en die vrede van God is kragtig in daardie oomblik gevoel
NL-UtHUA_A363596_1332,18,fühlen. Nachmittags hatten wir die 4 neuen,fühlen. Nachmittags hatten wir die vier neuen,feel. In the afternoon we had the four new,voel. In die middag het ons die vier nuwe
NL-UtHUA_A363596_1333,18,Getauften. Liebesmahl mit dem größten Theil,Getauften. Liebesmahl mit dem größten Teil,Baptized. Love feast with the majority,Gedoop. Liefdesfees met die meerderheid
NL-UtHUA_A363596_1334,18,"der andern Schwestern Hierzu gaben, welches","der anderen Schwestern Hierzu gaben, welches","the other sisters added to this, which","die ander susters het hierby gevoeg, wat"
NL-UtHUA_A363596_1335,18,"ohngefähr so aussah, wie wenn in der Gemeine","ungefähr so aussah, wie wenn in der Gemeinde",It looked roughly like when things were happening in the community,Dit het rofweg gelyk soos toe dinge in die gemeenskap gebeur het
NL-UtHUA_A363596_1336,18,die led. Schwestern an ihrem Chor fest in,die ledigen Schwestern an ihrem Chorfest in,the unmarried sisters at their choir festival in,die ongetroude susters by hul koorfees in
NL-UtHUA_A363596_1337,18,geweſten,gewesenen,former,voormalige
NL-UtHUA_A363596_1338,18,"<pb n=""26a"" source=""NL-UtHUA_A363596_000026.jpg"" />","<pb n=""26a"" source=""NL-UtHUA_A363596_000026.jpg"" />","<pb n=""26a"" source=""NL-UtHUA_A363596_000026.jpg"" />","<pb n=""26a"" source=""NL-UtHUA_A363596_000026.jpg"" />"
NL-UtHUA_A363596_1339,18,geweſten Gesellschaften mit einander ausgehen.,gewesenen Gesellschaften miteinander ausgehen.,former societies meet with each other.,vorige gemeenskappe ontmoet mekaar.
NL-UtHUA_A363596_1340,18,"Denn sie waren auch alle weiß, oder beynahe",Denn sie waren auch alle weiß oder beinahe,Because they were all white or almost white,Omdat hulle almal wit of amper wit was
NL-UtHUA_A363596_1341,18,weiß angezogen. Daß sie dieses zu thun im Stan=,weiß angezogen. Dass sie dieses zu tun im Stande,dressed in white. That she was able to do this.,in wit geklee. Dat sy dit kon doen.
NL-UtHUA_A363596_1342,18,"de sind, kommt daher, weil sie öfters von den","sind, kommt daher, weil sie öfters von den","are, because they are more often from the","is, want hulle is meer dikwels van die"
NL-UtHUA_A363596_1343,18,Bauerweibern statt Bezahlung abgelegte,Bauernweibern statt Bezahlung abgelegte,Farm women were given money instead of payment.,Plaasvroue het geld in plaas van betaling gekry.
NL-UtHUA_A363596_1344,18,"Kleidungsstücke, die manchmal noch recht gut","Kleidungsstücke, die manchmal noch recht gut",Clothing items that are sometimes still in quite good condition,Kledingstukke wat soms nog in 'n redelik goeie toestand is
NL-UtHUA_A363596_1345,18,"sind, bekommen. In der Woche gehen einige","sind, bekommen. In der Woche gehen einige","are, get. During the week, some go","is, kry. Gedurende die week gaan sommige"
NL-UtHUA_A363596_1346,18,"wohl in Fellen, Sonntags aber sind alle recht","wohl in Fellen, sonntags aber sind alle recht","Probably in furs, but on Sundays everyone is welcome.","Waarskynlik in pelse, maar op Sondae is almal welkom."
NL-UtHUA_A363596_1347,18,"hübsch gekleidet; u. wenn eine getauft wird,","hübsch gekleidet; und wenn eine getauft wird,","nicely dressed; and when one is baptized,","netjies geklee; en wanneer iemand gedoop word,"
NL-UtHUA_A363596_1348,18,"helfen ihr die andern, daß sie dabey weiß","helfen ihr die anderen, dass sie dabei weiß",The others help her so that she knows how to do it.,Die ander help haar sodat sy weet hoe om dit te doen.
NL-UtHUA_A363596_1349,18,erscheint. d. 18te u. 19te mietheten wir 4,erscheint. Am 18. und 19. mieteten wir vier,"appears. On the 18th and 19th, we rented four",verskyn. Op die 18de en 19de het ons vier gehuur
NL-UtHUA_A363596_1350,18,"Hottentotten, um Brennholz für uns zu kappen.","Hottentotten, um Brennholz für uns zu kappen.","Hottentots, to cut firewood for us.","Hottentotte, om brandhout vir ons te kap."
NL-UtHUA_A363596_1351,18,Am ersten Pfingsttage d. 24te besuchte uns,"Am ersten Pfingsttag, dem 24., besuchte uns","On the first day of Pentecost, the 24th, we were visited","Op die eerste dag van Pinkster, die 24ste, is ons besoek"
NL-UtHUA_A363596_1353,18,der Bauer Harme mit seiner Frau. Wir,der Bauer Harme mit seiner Frau. Wir,Farmer Harme and his wife. We,Boer Harme en sy vrou. Ons
NL-UtHUA_A363596_1354,18,hatten viel Besuch auf diesen Feyertagen.,"hatten viel Besuch an diesen Feiertagen,",We had many visitors during these holidays.,Ons het baie besoekers gedurende hierdie vakansiedae gehad.
NL-UtHUA_A363596_1355,18,und zwar; denn verschiedene Gesellschaften,und zwar; denn verschiedene Gesellschaften,and that is; because different companies,en dit is; omdat verskillende maatskappye
NL-UtHUA_A363596_1356,18,hatten sich melden laßen... Leider es regnete,hatten sich melden lassen... Leider regnete,"They had contacted us... Unfortunately, it rained.",Hulle het ons gekontak... Ongelukkig het dit gereën.
NL-UtHUA_A363596_1357,18,"so stark, daß es immer bey obigen blieb, welches","es so stark, dass es immer bei Obigem blieb, welches","it was so strong that it always remained as above, which","dit was so sterk dat dit altyd soos hierbo gebly het, wat"
NL-UtHUA_A363596_1358,18,uns auch recht lieb war. Der Besuch der Bauern,uns auch recht lieb war. Der Besuch der Bauern,We also really liked it. The farmers' visit,Ons het dit ook baie geniet. Die boere se besoek
NL-UtHUA_A363596_1359,18,an Sonntagen ist uns sehr beschwerlich; denn,an Sonntagen ist uns sehr beschwerlich; denn,Sundays are very difficult for us; because,Sondae is baie moeilik vir ons; want
NL-UtHUA_A363596_1360,18,"sie nehmen allen Platz ein, u. die armen Hotten=","sie nehmen allen Platz ein, und die armen Hottentotten,","They take up all the space, and the poor Hottentots,","Hulle neem al die spasie op, en die arme Hottentotte,"
NL-UtHUA_A363596_1361,18,"totten, um derentwillen wir doch hier sind,","um derentwillen wir doch hier sind,","for whose sake we are here,","ter wille van wie ons hier is,"
NL-UtHUA_A363596_1362,18,müßen vor der Thüre stehen. Die meisten,müssen vor der Türe stehen. Die meisten,They have to be standing at the door. Most of them,Hulle moet by die deur staan. Meeste van hulle
NL-UtHUA_A363596_1363,18,"kommen auch nur aus Neugierde, um sagen","kommen auch nur aus Neugierde, um sagen","They only come out of curiosity, to say","Hulle kom net uit nuuskierigheid, om te sê"
NL-UtHUA_A363596_1364,18,"zu können, daß sie in der Hottentotten","zu können, dass sie in der HottentottenKirche",to be able to do that they are in the Hottentot Church,"om dit te kan doen, is hulle in die Hottentotkerk"
NL-UtHUA_A363596_1365,18,Kirche,,,
NL-UtHUA_A363596_1366,18,"<pb n=""26b"" source=""NL-UtHUA_A363596_000026.jpg"" />","<pb n=""26b"" source=""NL-UtHUA_A363596_000026.jpg"" />","<pb n=""26b"" source=""NL-UtHUA_A363596_000026.jpg"" />","<pb n=""26b"" bron=""NL-UtHUA_A363596_000026.jpg"" />"
NL-UtHUA_A363596_1367,18,Kirche gewiesen sind. Nachmittags hielten wir,Kirche gewesen sind. Nachmittags hielten wir,We had been to church. In the afternoon we stopped,Ons was kerk toe. In die middag het ons gestop
NL-UtHUA_A363596_1368,18,Anbeten mit den Getauften u. Tauf=Candida=,Anbetung mit den Getauften und Taufkandidaten.,Worship with the baptized and those preparing for baptism.,Aanbid saam met die gedooptes en diegene wat voorberei vir die doop.
NL-UtHUA_A363596_1369,18,ten. Am 2te Feyertage wurde ein Mann getauft,Am zweiten Feiertag wurde ein Mann getauft,A man was baptized on the second day of the holiday.,'n Man is op die tweede dag van die vakansie gedoop.
NL-UtHUA_A363596_1370,18,mit Namen Isaac. Heute sahen wir unser Volk,mit Namen Isaac. Heute sahen wir unser Volk,named Isaac. Today we saw our people.,met die naam Isak. Vandag het ons ons mense gesien.
NL-UtHUA_A363596_1371,18,mit ganz besonderen Mitleiden an. Es regnete,mit ganz besonderem Mitleid an. Es regnete,with particular pity. It was raining.,met besondere jammerte. Dit het gereën.
NL-UtHUA_A363596_1372,18,stark; u. die Leute waren schon naß als sie,"stark; und die Leute waren schon nass, als sie",strong; and the people were already wet when they,sterk; en die mense was reeds nat toe hulle
NL-UtHUA_A363596_1373,18,"kamen, u. nun mußte der größte Theil","kamen, und nun musste der größte Teil","came, and now most of it had to","gekom, en nou moes die meeste daarvan"
NL-UtHUA_A363596_1374,18,"draußen im Regen sitzen, so daß das Wasser","draußen im Regen sitzen, sodass das Wasser","sitting outside in the rain, so that the water","buite in die reën sit, sodat die water"
NL-UtHUA_A363596_1375,18,Strom weise von ihren Fellen herab lief.,stromweise von ihren Fellen herablief.,streams of water ran down their furs.,waterstrome het oor hul pelse geloop.
NL-UtHUA_A363596_1376,18,"Gleichwol hörten sie mit einer Andacht zu,","Gleichwohl hörten sie mit einer Andacht zu,","Nevertheless, they listened with reverence.",Nietemin het hulle met eerbied geluister.
NL-UtHUA_A363596_1377,18,die nicht größer seyn könnte. Wir sehr wünschten,die nicht größer sein könnte. Wir wünschten,which couldn't be bigger. We wish,wat nie groter kon wees nie. Ons wens
NL-UtHUA_A363596_1378,18,ewig eine ordentliche Kirche für diese armen,"sehr, ewig eine ordentliche Kirche für diese armen","very, forever a proper church for these poor people","baie, vir altyd 'n behoorlike kerk vir hierdie arme mense"
NL-UtHUA_A363596_1379,18,Leute zu haben! Doch haben wir keine Aussicht,Leute zu haben! Doch haben wir keine Aussicht,To have people! But we have no prospect,Om mense te hê! Maar ons het geen vooruitsig nie.
NL-UtHUA_A363596_1380,18,"dazu; der Heiland ist aber mächtig, u. kann",dazu; der Heiland ist aber mächtig und kann,to that; but the Savior is powerful and can,daaraan; maar die Verlosser is magtig en kan
NL-UtHUA_A363596_1381,19,"helfen. d. 27te hörten wir, daß ein Mann,","helfen. Am 27. hörten wir, dass ein Mann,","help. On the 27th we heard that a man,","hulp. Op die 27ste het ons gehoor dat 'n man,"
NL-UtHUA_A363596_1382,19,"von denen, die nicht lange hier sind, zu Mitter=","von denen, die nicht lange hier sind, um Mitternacht","of those who haven't been here long, at midnight","van diegene wat nie lank hier was nie, om middernag"
NL-UtHUA_A363596_1384,19,"nacht einen Tauf=Candidaten geweckt hätte,","einen Taufkandidaten geweckt hätte,","would have awakened a baptismal candidate,","sou 'n doopkandidaat wakker gemaak het,"
NL-UtHUA_A363596_1385,19,"um ihm zu sagen, er könne vor Unruhe seines","um ihm zu sagen, er könne vor Unruhe seines",to tell him he could feel his anxiety,om hom te sê dat hy sy angs kon voel
NL-UtHUA_A363596_1386,19,Herzens nicht schlafen; er möchte ihm doch etwas,Herzens nicht schlafen; er möchte ihm doch etwas,He couldn't sleep; he wanted to give him something.,Hy kon nie slaap nie; hy wou hom iets gee.
NL-UtHUA_A363596_1387,19,"davon erzählen, was Jesus für die Sünden","davon erzählen, was Jesus für die Sünden",to tell about what Jesus did for sins,om te vertel van wat Jesus vir sondes gedoen het
NL-UtHUA_A363596_1388,19,der Menschen ausgestanden habe; welches dann,der Menschen ausgestanden habe; welches dann,the people have endured; which then,die mense het verduur; wat dan
NL-UtHUA_A363596_1389,19,"dieser auch that, so gut er konnte. Viele","dieser auch tat, so gut er konnte. Viele",who did as best he could. Many,wat so goed as moontlik gedoen het. Baie
NL-UtHUA_A363596_1390,19,"kamen in diesen Tagen einzeln zu uns, und",kamen in diesen Tagen einzeln zu uns und,They came to us individually these days and,Hulle het deesdae individueel na ons toe gekom en
NL-UtHUA_A363596_1391,19,bezeugten ihren Kummer ums selig werden.,bezeugten ihren Kummer ums Seligwerden.,testified to their sorrow for salvation.,getuig van hulle droefheid oor verlossing.
NL-UtHUA_A363596_1392,19,"d. 30te hielten wir das H. Amahl, welches","Am 30. hielten wir das Heilige Abendmahl, welches","On the 30th we held Holy Communion, which","Op die 30ste het ons die Heilige Nagmaal gehou, wat"
NL-UtHUA_A363596_1393,19,die,die,the,die
NL-UtHUA_A363596_1394,19,"<pb n=""27a"" source=""NL-UtHUA_A363596_000027.jpg"" />","<pb n=""27a"" source=""NL-UtHUA_A363596_000027.jpg"" />","<pb n=""27a"" source=""NL-UtHUA_A363596_000027.jpg"" />","<pb n=""27a"" source=""NL-UtHUA_A363596_000027.jpg"" />"
NL-UtHUA_A363596_1395,19,die Anna zum ersten mal mit genoß. Heute,die Anna zum ersten Mal mit genoss. Heute,which Anna enjoyed for the first time. Today,wat Anna vir die eerste keer geniet het. Vandag
NL-UtHUA_A363596_1396,19,erhielten wir zu unserer großen Freude,erhielten wir zu unserer großen Freude,We received this to our great delight,Ons het dit tot ons groot vreugde ontvang
NL-UtHUA_A363596_1397,19,Briefe von unseren lieben Brüdern der,Briefe von unseren lieben Brüdern der,Letters from our dear brothers of the,Briewe van ons liewe broers van die
NL-UtHUA_A363596_1398,19,"Unit. Aelt. Conferenz, u. zwar vom April","Unitätischen Ältestenkonferenz, und zwar vom April","Unity elders' conference, specifically from April","Eenheidsouderlinge se konferensie, spesifiek vanaf April"
NL-UtHUA_A363596_1399,19,u. August des vorigen Jahres. Zum Schluß,und August des vorigen Jahres. Zum Schluss,and August of last year. In conclusion,en Augustus van verlede jaar. Ten slotte
NL-UtHUA_A363596_1400,19,dieses Monats bestand unsere Hottentotten,dieses Monats bestand unsere HottentottenGemeinde,This month our Hottentot community existed,Hierdie maand het ons Hottentot-gemeenskap bestaan
NL-UtHUA_A363596_1401,19,Gemeinlein aus 9 Amahl=Genossen,"aus neun Abendmahlsgenossen,","from nine fellow communicants,","van nege mede-kommunikante,"
NL-UtHUA_A363596_1402,19,1 Confirmandin,"einer Konfirmandin,","a confirmand,","'n bevestigde,"
NL-UtHUA_A363596_1403,19,1 Candidatin zum H. Amahl,"einer Kandidatin zum Heiligen Abendmahl,","a candidate for Holy Communion,","'n kandidaat vir die Heilige Nagmaal,"
NL-UtHUA_A363596_1404,19,17 erwachsenen Getauften,"17 erwachsenen Getauften,","17 baptized adults,","17 gedoopte volwassenes,"
NL-UtHUA_A363596_1405,19,1 getauften Kinde,"einem getauften Kind,","a baptized child,","'n gedoopte kind,"
NL-UtHUA_A363596_1406,19,14 Tauf=Candidaten.,14 Taufkandidaten.,14 baptismal candidates.,14 doopkandidate.
NL-UtHUA_A363596_1407,19,Sa 43 Personen.,Zusammen 43 Personen.,A total of 43 people.,'n Totaal van 43 mense.
NL-UtHUA_A363596_1408,19,"Unse Martha hatte uns oft gebeten, ihr zu=","Unsere Martha hatte uns oft gebeten, ihr zuzusagen,","Our Martha had often asked us to promise her,","Ons Martha het ons dikwels gevra om haar te belowe,"
NL-UtHUA_A363596_1409,19,"sagen, wenn wir ins Vaterland schreiben",wenn wir ins Vaterland schreiben,when we write to the fatherland,wanneer ons aan die vaderland skryf
NL-UtHUA_A363596_1410,19,"würden, damit sie auch einen Bericht mit schicken","würden, damit sie auch einen Bericht mitschicken",would so that they would also send a report.,sou sodat hulle ook 'n verslag sou stuur.
NL-UtHUA_A363596_1411,19,könnte. Folgendes hat sie uns dictirt:,könnte. Folgendes hat sie uns diktiert:,could. She dictated the following to us:,kon. Sy het die volgende vir ons gedikteer:
NL-UtHUA_A363596_1412,19,Als neulich die lieben Schwestern auf der Cap,Als neulich die lieben Schwestern am Kap,When the dear sisters recently visited the Cape,Toe die liewe susters onlangs die Kaap besoek het
NL-UtHUA_A363596_1414,19,"waren, habe ich gar sehr verlangt sie zu sehen;","waren, habe ich gar sehr verlangt, sie zu sehen;",I was very eager to see them;,Ek was baie gretig om hulle te sien;
NL-UtHUA_A363596_1415,19,"doch noch viel lieber hätte ich es gehabt, wenn","doch noch viel lieber hätte ich es gehabt, wenn",But I would have much preferred it if,Maar ek sou dit baie verkies het as
NL-UtHUA_A363596_1416,19,"sie hergekommen, u. hier geblieben wären.",sie hergekommen und hier geblieben wären.,they came here and stayed.,hulle het hierheen gekom en gebly.
NL-UtHUA_A363596_1417,19,"Ach, wann werden wir das Glück haben, Schwestern","Ach, wann werden wir das Glück haben, Schwestern","Oh, when will we have the good fortune, sisters?","O, wanneer sal ons die geluk hê, susters?"
NL-UtHUA_A363596_1418,19,bey uns zu haben; wenn doch die Zeit bald käm!,bei uns zu haben; wenn doch die Zeit bald käme!,Available from us; if only the time would come soon!,Beskikbaar by ons; as die tyd net gou sou aanbreek!
NL-UtHUA_A363596_1419,19,"Ich laße auch sagen, daß ich dem lieben Heiland","Ich lasse auch sagen, dass ich dem lieben Heiland",I would also like to say that I thank the dear Savior,Ek wil ook sê dat ek die liewe Verlosser dank
NL-UtHUA_A363596_1420,19,"nicht gnug danken kann, daß Er mich hierher","nicht genug danken kann, dass Er mich hierher",I cannot thank Him enough for bringing me here.,Ek kan Hom nie genoeg bedank dat Hy my hierheen gebring het nie.
NL-UtHUA_A363596_1421,19,gebracht,gebracht,brought,gebring
NL-UtHUA_A363596_1422,19,"<pb n=27b"" source=""NL-UtHUA_A363596_000027.jpg"" />","<pb n=""27b"" source=""NL-UtHUA_A363596_000027.jpg"" />","<pb n=""27b"" source=""NL-UtHUA_A363596_000027.jpg"" />","<pb n=""27b"" source=""NL-UtHUA_A363596_000027.jpg"" />"
NL-UtHUA_A363596_1423,19,"gebracht hat. Wo würde, sonst meine arme Seele",gebracht hat. Wo würde sonst meine arme Seele,has brought me where else would my poor soul go.,het my gebring waarheen anders sou my arme siel gaan.
NL-UtHUA_A363596_1424,19,hingekommen seyn! Nun bin ich etwa 2 Jahr hier.,hingekommen sein! Nun bin ich etwa zwei Jahre hier.,I've finally arrived! I've been here for about two years now.,Ek het uiteindelik aangekom! Ek is nou al omtrent twee jaar hier.
NL-UtHUA_A363596_1425,19,"Wenn ich bedenke, wie ich vor meiner Taufe war","Wenn ich bedenke, wie ich vor meiner Taufe war",When I think about how I was before my baptism,As ek dink aan hoe ek was voor my doop
NL-UtHUA_A363596_1426,19,"(denn ich habe alle Sünden gethan), u. was ich nun","(denn ich habe alle Sünden getan), und was ich nun","(for I have committed all sins), and what I now","(want ek het al my sondes gepleeg), en wat ek nou"
NL-UtHUA_A363596_1427,19,fühle! Auch hat mir der l. Heiland die große Gnade,fühle! Auch hat mir der liebe Heiland die große Gnade,I feel! The dear Savior has also granted me great grace.,Ek voel! Die liewe Verlosser het my ook groot genade geskenk.
NL-UtHUA_A363596_1428,19,"geschenkt, Seinen Leib u. Sein Blut im H. Amahl","geschenkt, Seinen Leib und Sein Blut im Heiligen Abendmahl","gifted, His Body and His Blood in the Holy Communion","begaaf, Sy Liggaam en Sy Bloed in die Heilige Nagmaal"
NL-UtHUA_A363596_1429,19,zu genießen. Ich fühle mich wol sehr arm und,zu genießen. Ich fühle mich wohl sehr arm und,to enjoy. I feel very poor and,om te geniet. Ek voel baie arm en
NL-UtHUA_A363596_1430,19,"schlecht, aber doch Seinen Frieden im Herzen; u.","schlecht, aber doch Seinen Frieden im Herzen; und","bad, but still His peace in his heart; and","sleg, maar steeds Sy vrede in sy hart; en"
NL-UtHUA_A363596_1431,19,"meine Bitte ist, daß Er mich bey sich erhalten","meine Bitte ist, dass Er mich bei sich erhalten",My request is that He keep me with Him.,My versoek is dat Hy my by Hom sal hou.
NL-UtHUA_A363596_1432,19,"wolle, bis ich zu Ihm komme. Da will ich Ihm","wolle, bis ich zu Ihm komme. Da will ich Ihm",I want to wait until I come to Him. Then I want to give Him,Ek wil wag totdat ek na Hom toe kom. Dan wil ek Hom gee
NL-UtHUA_A363596_1433,19,"recht viel für Seine Liebe, die Er an mir gethan,","recht viel für Seine Liebe, die Er an mir getan,","a great deal for the love He has shown me,","baie vir die liefde wat Hy aan my bewys het,"
NL-UtHUA_A363596_1434,19,"danken. Grüßt doch alle ihr Brüder u. Schwestern,","danken. Grüßt doch alle, ihr Brüder und Schwestern,","Thank you. Please greet everyone, brothers and sisters,","Dankie. Groet almal, broers en susters,"
NL-UtHUA_A363596_1435,19,"recht vielen Dank, daß ihr uns Lehrer geschickt","recht vielen Dank, dass ihr uns Lehrer geschickt",Thank you very much for sending us teachers.,Baie dankie dat julle vir ons onderwysers gestuur het.
NL-UtHUA_A363596_1436,19,"habt, u. daß ihr sie auch unterhaltet, denn wir","habt und dass ihr sie auch unterhaltet, denn wir","have and that you also entertain them, because we","het en dat julle hulle ook vermaak, want ons"
NL-UtHUA_A363596_1437,19,können ihnen nichts geben wir sind ein armes,"können ihnen nichts geben, wir sind ein armes","We can't give them anything, we are poor.","Ons kan hulle niks gee nie, ons is arm."
NL-UtHUA_A363596_1438,19,"Volk. Auch danke ich dem Heiland, daß Er","Volk. Auch danke ich dem Heiland, dass Er",People. I also thank the Savior that He,Mense. Ek dank ook die Verlosser dat Hy
NL-UtHUA_A363596_1439,19,mir so viele Schwestern u. Brüder aus,mir so viele Schwestern und Brüder aus,I have so many sisters and brothers from,Ek het so baie susters en broers van
NL-UtHUA_A363596_1440,19,meiner Nation geschenkt hat. Ach mögten,"meiner Nation geschenkt hat. Ach, möchten","has given to my nation. Oh, would you like","het aan my nasie gegee. O, sou jy wou hê"
NL-UtHUA_A363596_1441,19,wir doch alle ganz für Ihn leben! Hiermit grüße,wir doch alle ganz für Ihn leben! Hiermit grüße,We all live entirely for Him! Greetings from Him.,Ons leef almal geheel en al vir Hom! Groete van Hom.
NL-UtHUA_A363596_1442,19,ich alle Brüder u. Schwestern im Vaterland.,ich alle Brüder und Schwestern im Vaterland.,I am all brothers and sisters in the fatherland.,Ek is almal broers en susters in die vaderland.
NL-UtHUA_A363596_1444,19,"Martha.""","Martha.""","Martha.""","Martha."""
NL-UtHUA_A363596_1445,19,"d. 3te Juny zog eine Familie, etwa 20 Meilen","Am 3. Juni zog eine Familie, etwa 20 Meilen","On June 3rd, a family moved about 20 miles away.",Op 3 Junie het 'n gesin sowat 20 myl weg getrek.
NL-UtHUA_A363596_1446,19,"von hier, hierher, um Gottes Wort zu hören.","von hier, hierher, um Gottes Wort zu hören.","from here, here, to hear God's word.","van hier, hier, om God se woord te hoor."
NL-UtHUA_A363596_1447,19,Auch hörten wir von einem in einer andern,Auch hörten wir von einem in einer anderen,We also heard about one in another,Ons het ook van een in 'n ander gehoor
NL-UtHUA_A363596_1448,19,"Gegend, der gern herziehen möchte, den aber","Gegend, der gern herziehen möchte, den aber","Area, which would like to move here, but","Gebied, wat graag hierheen wil trek, maar"
NL-UtHUA_A363596_1449,19,der,der,the,die
NL-UtHUA_A363596_1450,19,"<pb n=""28a"" source=""NL-UtHUA_A363596_000028.jpg"" />","<pb n=""28a"" source=""NL-UtHUA_A363596_000028.jpg"" />","<pb n=""28a"" source=""NL-UtHUA_A363596_000028.jpg"" />","<pb n=""28a"" bron=""NL-UtHUA_A363596_000028.jpg"" />"
NL-UtHUA_A363596_1451,19,der Freund nicht fort laßen will. In dortiger,der Freund nicht fortlassen will. In dortiger,the friend doesn't want to leave. In that place,Die vriend wil nie weggaan nie. Op daardie plek
NL-UtHUA_A363596_1452,19,Gegend sollen die Bauern sehr dafür besorgt,Gegend sollen die Bauern sehr dafür besorgt,The farmers in the area are said to be very concerned.,Daar word gesê dat die boere in die omgewing baie bekommerd is.
NL-UtHUA_A363596_1453,19,"seyn, daß die Hottentotten unterrichtet werden.","sein, dass die Hottentotten unterrichtet werden.",It is that the Hottentots are being taught.,Dit is dat die Hottentotte geleer word.
NL-UtHUA_A363596_1454,19,"Es wurde uns für Wahrheit berichtet, daß ein","Es wurde uns für Wahrheit berichtet, dass ein","We were told, and it is true, that a","Ons is meegedeel, en dit is waar, dat 'n"
NL-UtHUA_A363596_1455,19,Comando Bauern von Strandfeld hieher komen,Kommando Bauern von Strandfeld hierher kommen,Command farmers from Strandfeld come here,Bevelboere van Strandfeld kom hierheen
NL-UtHUA_A363596_1456,19,"würde, um uns wegzuholen u. nach Batavia","würde, um uns wegzuholen und nach Batavia","would, to take us away and to Batavia","sou, om ons weg te neem en na Batavia"
NL-UtHUA_A363596_1457,19,"zu schicken, wodurch man mit den Hottentotten","zu schicken, wodurch man mit den Hottentotten","to send, which would mean dealing with the Hottentots","om te stuur, wat sou beteken dat hulle met die Hottentotte te doen gehad het"
NL-UtHUA_A363596_1458,19,bald fertig zu werden gedächte. Die Hottentotten,bald fertig zu werden gedachte. Die Hottentotten,intended to be finished soon. The Hottentots,bedoel om binnekort klaar te wees. Die Hottentotte
NL-UtHUA_A363596_1459,20,"wurden sich, wenn solche Gerüchte komen, daß","wurden sich, wenn solche Gerüchte kommen, dass","They would think that if such rumors were to arise, that","Hulle sou dink dat as sulke gerugte sou ontstaan, dat"
NL-UtHUA_A363596_1460,20,"wir uns nicht fürchten; wir sagen ihnen aber,","wir uns nicht fürchten; wir sagen ihnen aber,","we are not afraid; but we tell them,","ons is nie bang nie; maar ons sê vir hulle,"
NL-UtHUA_A363596_1461,20,"es könne uns ohne Gottes Willen nichts geschehen,","es könne uns ohne Gottes Willen nichts geschehen,",Nothing can happen to us without God's will.,Niks kan met ons gebeur sonder God se wil nie.
NL-UtHUA_A363596_1462,20,u. darum wären wir nicht bange. Die Hottentotten,und darum wären wir nicht bange. Die Hottentotten,And that's why we wouldn't be afraid. The Hottentots,En daarom sou ons nie bang wees nie. Die Hottentotte
NL-UtHUA_A363596_1463,20,"sind jedoch auch nicht mehr ganz so fürchtsam,","sind jedoch auch nicht mehr ganz so furchtsam,","However, they are also not quite as fearful anymore.",Hulle is egter ook nie meer heeltemal so vreesagtig nie.
NL-UtHUA_A363596_1464,20,wie im Anfang. d. 8te kam Jacob auf den,wie am Anfang. Am 8. kam Jacob auf den,"Just like at the beginning. On the 8th, Jacob came across the",Net soos aan die begin. Op die 8ste het Jakob die
NL-UtHUA_A363596_1465,20,Hof. Baas Teunis stellte ihn darüber zur,Hof. Baas Teunis stellte ihn darüber zur,Court. Baas Teunis put him there for,Hof. Baas Teunis het hom daar gesit vir
NL-UtHUA_A363596_1466,20,"Rede, daß er den Hottentotten es nicht unter=","Rede, dass er den Hottentotten es nicht untersagt",He said that he did not forbid the Hottentots from doing so.,Hy het gesê dat hy die Hottentotte nie verbied het om dit te doen nie.
NL-UtHUA_A363596_1467,20,"sagt hätte, dem H. Claude zu sagen, daß","hätte, dem Herrn Claude zu sagen, dass",would have to tell Mr. Claude that,sou vir mnr. Claude dit moes sê
NL-UtHUA_A363596_1468,20,sein Sohn ihn Vieh gepfändet hätte; nun müßte,sein Sohn ihm Vieh gepfändet hätte; nun müsste,his son had seized his cattle; now he would have to,sy seun het sy beeste gekonfiskeer; nou sou hy moes
NL-UtHUA_A363596_1469,20,er den Platz verlaßen. Jacob antwortete:,er den Platz verlassen. Jacob antwortete:,he left the square. Jacob replied:,Hy het die plein verlaat. Jakob het geantwoord:
NL-UtHUA_A363596_1470,20,"wir werden gelehrt, daß wir nicht lügen sollen","Wir werden gelehrt, dass wir nicht lügen sollen,","We are taught not to lie,","Ons word geleer om nie te lieg nie,"
NL-UtHUA_A363596_1471,20,sondern die Wahrheit reden. Baas Teunis,sondern die Wahrheit reden. Baas Teunis,but speak the truth.,maar praat die waarheid.
NL-UtHUA_A363596_1472,20,"erwiderte: ""Das weiß ich wohl, daß ihr gelehrt","erwiderte: ""Das weiß ich wohl, dass ihr gelehrt","replied: ""I know that you are taught","het geantwoord: ""Ek weet dat jy geleer is"
NL-UtHUA_A363596_1474,20,"werdet, die Wahrheit zu reden; ihr hättet dieses","werdet, die Wahrheit zu reden; ihr hättet dieses",will speak the truth; you would have this,sal die waarheid praat; jy sou dit hê
NL-UtHUA_A363596_1475,20,"aber doch nicht sagen sollen, denn nun muß ich","aber doch nicht sagen sollen, denn nun muss ich","but I shouldn't say that, because now I have to","maar ek moenie dit sê nie, want nou moet ek"
NL-UtHUA_A363596_1476,20,"den Platz verlaßen, u. bin bey der Obrigkeit",den Platz verlassen und bin bei der Obrigkeit,I left the square and went to the authorities.,Ek het die plein verlaat en na die owerhede gegaan.
NL-UtHUA_A363596_1477,20,übel,übel,bad,sleg
NL-UtHUA_A363596_1478,20,"<pb n=""28b"" source=""NL-UtHUA_A363596_000028.jpg"" />","<pb n=""28b"" source=""NL-UtHUA_A363596_000028.jpg"" />","<pb n=""28b"" source=""NL-UtHUA_A363596_000028.jpg"" />","<pb n=""28b"" bron=""NL-UtHUA_A363596_000028.jpg"" />"
NL-UtHUA_A363596_1479,20,übel angekommen u.s.w. d. 9te wurde das kleinste,"übel angekommen usw."" Am 9. wurde das kleinste","arrived badly, etc."" On the 9th, the smallest","sleg aangekom, ens."" Op die 9de, die kleinste"
NL-UtHUA_A363596_1480,20,Kind unserer Martha auf vieles Bitten der Mutter,Kind unserer Martha auf vieles Bitten der Mutter,"Our Martha's child, at the mother's much request","Ons Martha se kind, op die moeder se dringende versoek"
NL-UtHUA_A363596_1481,20,mit Namen Maria getauft. d. 13te hörten wir,mit Namen Maria getauft. Am 13. hörten wir,Baptized with the name Maria. On the 13th we heard,Gedoop met die naam Maria. Op die 13de het ons gehoor
NL-UtHUA_A363596_1482,20,"4 Canonen Schüße, welche wir für Signal Schüße","vier Kanonenschüsse, welche wir für Signalschüsse","four cannon shots, which we used for signal shots","vier kanonskote, wat ons vir seinskote gebruik het"
NL-UtHUA_A363596_1483,20,"hielten, wie es sich auch am folgenden Tag bestä=","hielten, wie es sich auch am folgenden Tag bestätigte.","held true, as was confirmed the following day.","waar gebly, soos die volgende dag bevestig is."
NL-UtHUA_A363596_1484,20,"tigte. Ein solches Schüß bedeutet, daß alle Hotten=","Ein solcher Schuss bedeutet, dass alle Hottentotten,","Such a shot means that all Hottentots,","So 'n skoot beteken dat alle Hottentotte,"
NL-UtHUA_A363596_1485,20,"totten, welche die Waffen tragen können,","welche die Waffen tragen können,",who can carry weapons,wie kan wapens dra
NL-UtHUA_A363596_1486,20,sich unverzüglich nach der Cap begeben müßten.,sich unverzüglich nach dem Kap begeben müssten.,They would have to proceed immediately to the Cape.,Hulle sou dadelik na die Kaap moes voortgaan.
NL-UtHUA_A363596_1487,20,Die unsrigen schienen keine Lust dazu zu haben;,Die Unsrigen schienen keine Lust dazu zu haben;,Ours didn't seem to have any desire to do so;,Dit het gelyk of ons s’n geen begeerte daartoe gehad het nie;
NL-UtHUA_A363596_1488,20,"wir hielten daher für nöthig, in der Ver=","wir hielten es daher für nötig, in der Versammlung",We therefore considered it necessary to hold the meeting,Ons het dit dus nodig geag om die vergadering te hou
NL-UtHUA_A363596_1489,20,"sammlung zu erinnern, daß es ihre Schuldig=","zu erinnern, dass es ihre Schuldigkeit",to remember that it is their duty,om te onthou dat dit hul plig is
NL-UtHUA_A363596_1490,20,"keit sey, dem Obrigkeitlichen Befehl zu gehorchen.","sei, dem obrigkeitlichen Befehl zu gehorchen.",to obey the official order.,om die amptelike bevel te gehoorsaam.
NL-UtHUA_A363596_1491,20,Gleich nach der Versammlung zogen Jacob und,Gleich nach der Versammlung zogen Jacob und,"Immediately after the meeting, Jacob and","Onmiddellik na die vergadering, Jacob en"
NL-UtHUA_A363596_1492,20,"Isaac ab, denen die anderen bald folgten. Abra=","Isaac ab, denen die anderen bald folgten. Abraham","Isaac left, and the others soon followed. Abraham","Isak het vertrek, en die ander het kort daarna gevolg."
NL-UtHUA_A363596_1493,20,"ham u. David waren krank, u. blieben zu Hause.",und David waren krank und blieben zu Hause.,David and I were sick and stayed home.,Ek en Dawid was siek en het by die huis gebly.
NL-UtHUA_A363596_1494,20,"Isaac fragte, wann er nun vor den Feind käme,","Isaac fragte, wann er nun vor den Feind käme,",Isaac asked when he would finally face the enemy.,Isak het gevra wanneer hy uiteindelik die vyand sou trotseer.
NL-UtHUA_A363596_1495,20,ob er ihn Todt schießen solte? Wir konnten,ob er ihn totschießen sollte? Wir konnten,Should he shoot him dead? We could,Moet hy hom doodskiet? Ons kan
NL-UtHUA_A363596_1496,20,"nichts andres antworten, als daß er thun","nichts anderes antworten, als dass er tun",He can answer nothing other than that he does.,Hy kan niks anders antwoord as dat hy dit doen nie.
NL-UtHUA_A363596_1497,20,"müßte, wozu er commandirt würde. Wir","müsste, wozu er kommandiert würde. Wir",he would have to do what he was ordered to do. We,hy sou moes doen wat hy beveel is om te doen. Ons
NL-UtHUA_A363596_1498,20,"ermahnten sie noch, sich fleißig dem l. Heiland","ermahnten sie noch, sich fleißig dem lieben Heiland",They further exhorted him to devote himself diligently to the dear Savior.,Hulle het hom verder aangespoor om homself ywerig aan die geliefde Verlosser te wy.
NL-UtHUA_A363596_1499,20,nach Leib und Seele zu empfehlen. Wir bekamen,nach Leib und Seele zu empfehlen. Wir bekamen,"Highly recommended, body and soul. We received","Sterk aanbeveel, liggaam en siel. Ons het ontvang"
NL-UtHUA_A363596_1500,20,"einen Brief von Baas Teunis, daß alle Hotten=","einen Brief von Baas Teunis, dass alle Hottentotten",a letter from Baas Teunis stating that all Hottentots,'n brief van Baas Teunis wat verklaar dat alle Hottentotte
NL-UtHUA_A363596_1502,20,totten an die Cap müßten; sie waren aber,an das Kap müssten; sie waren aber,to the cape; but they were,na die kaap; maar hulle was
NL-UtHUA_A363596_1503,20,"schon alle fort. Wir sind sehr begierig zu hören,","schon alle fort. Wir sind sehr begierig zu hören,","They're all gone already. We're very eager to hear,","Hulle is almal reeds weg. Ons is baie gretig om te hoor,"
NL-UtHUA_A363596_1504,20,wie es auf der Cap aussieht. Man glaubt all=,"wie es am Kap aussieht. Man glaubt allgemein,",what it looks like at the Cape. It is generally believed that...,hoe dit by die Kaap lyk. Daar word algemeen geglo dat...
NL-UtHUA_A363596_1505,20,"gemein, daß die Franzosen im Anzuge sind.",dass die Franzosen im Anzug sind.,that the French are in suits.,dat die Franse in pakke is.
NL-UtHUA_A363596_1506,20,₰,₰,₰,₰
NL-UtHUA_A363596_1507,20,,,,
NL-UtHUA_A363596_1508,20,"<pb n=""29a"" source=""NL-UtHUA_A363596_000029.jpg"" />","<pb n=""29a"" source=""NL-UtHUA_A363596_000029.jpg"" />","<pb n=""29a"" source=""NL-UtHUA_A363596_000029.jpg"" />","<pb n=""29a"" source=""NL-UtHUA_A363596_000029.jpg"" />"
NL-UtHUA_A363596_1509,20,"d. 17te schickte uns die Frau Teunis einen Brief,","Am 17. schickte uns Frau Teunis einen Brief,","On the 17th, Mrs. Teunis sent us a letter,","Op die 17de het mev. Teunis vir ons 'n brief gestuur,"
NL-UtHUA_A363596_1510,20,"worin sie sich erkundigte, ob wir nicht neues von","worin sie sich erkundigte, ob wir nichts Neues von",in which she inquired whether we had any news from,waarin sy gevra het of ons enige nuus gehad het van
NL-UtHUA_A363596_1511,20,"der Cap wüßten? Wir wüßten aber nichts, denn","der Kap wüssten? Wir wussten aber nichts, denn","Did they know about the Cape? But we didn't know anything, because","Het hulle van die Kaap geweet? Maar ons het niks geweet nie, want"
NL-UtHUA_A363596_1512,20,es kommt jezt weder ein Wagen noch sonst eine,es kommt jetzt weder ein Wagen noch sonst eine,Neither a car nor anything else is coming now.,Nie 'n motor of enigiets anders kom nou nie.
NL-UtHUA_A363596_1513,20,"Gelegenheit von daher. d. 19te wurde ein Tiger,","Gelegenheit von dort. Am 19. wurde ein Tiger,","Opportunity from there. On the 19th, a tiger was",Geleentheid van daar af. Op die 19de was 'n tier
NL-UtHUA_A363596_1514,20,"nicht weit von uns bemerkt, welcher 5 Jungen,","nicht weit von uns bemerkt, welcher fünf Jungen,","not far from us noticed which five boys,","nie ver van ons af opgemerk watter vyf seuns,"
NL-UtHUA_A363596_1515,20,"die den Hottentotten gehörten, todtgeschlagen hatte","die den Hottentotten gehörten, totgeschlagen hatte.","who belonged to the Hottentots, had been beaten to death.","wat aan die Hottentotte behoort het, is doodgeslaan."
NL-UtHUA_A363596_1516,20,einige suchten ihn mit unsern Flinten auf; er,Einige suchten ihn mit unseren Flinten auf; er,Some sought him out with our shotguns; he,Party het hom met ons haelgewere opgesoek; hy
NL-UtHUA_A363596_1517,20,hatte sich aber schon davon gemacht. d 20te erfuh⸗,hatte sich aber schon davongemacht. Am 20. erfuh⸗,But he had already left. On the 20th...,Maar hy was reeds weg. Op die 20ste...
NL-UtHUA_A363596_1518,20,"ren endlich, daß nicht Franzosen, sondern Eng⸗","ren wir endlich, dass nicht Franzosen, sondern Eng⸗","Let's finally realize that it's not the French, but the English.","Laat ons uiteindelik besef dat dit nie die Franse is nie, maar die Engelse."
NL-UtHUA_A363596_1519,20,"länder, vor der Cap wären. d. 21ten hörten wir,","länder vor der Kap wären. Am 21. hörten wir,","countries before the Cape. On the 21st we heard,","lande voor die Kaap. Op die 21ste het ons gehoor,"
NL-UtHUA_A363596_1520,20,"daß ein Hottentotte von Stellenbosch, der","dass ein Hottentotte von Stellenbosch, der","that a Hottentot from Stellenbosch, who","dat 'n Hottentot van Stellenbosch, wat"
NL-UtHUA_A363596_1521,20,"nach der Cap solte, sich hieher begeben hätte,","nach der Kap sollte, sich hierher begeben hätte,","After the Cape, one should have gone here,","Na die Kaap moes mens hierheen gegaan het,"
NL-UtHUA_A363596_1522,20,um was zu sagen; wir erinnerten daher in,um etwas zu sagen; wir erinnerten daher in,to say something; we therefore recalled in,om iets te sê; ons het dus daaraan herinner
NL-UtHUA_A363596_1523,20,"der Versammlung, daß niemand einen solchen be⸗","der Versammlung, dass niemand einen solchen be⸗","the assembly, that no one should be like that⸗","die vergadering, dat niemand so moet wees nie⸗"
NL-UtHUA_A363596_1524,20,herbergen solte. Bald darauf kam Baas Teu⸗,herbergen sollte. Bald darauf kam Baas Teu⸗,"was to be housed. Soon after, Baas Teu arrived.",sou gehuisves word. Kort daarna het Baas Teu opgedaag.
NL-UtHUA_A363596_1525,20,"nis hieher, u. war recht freundschaftlich. Er",nis hierher und war recht freundschaftlich. Er,I came here and it was quite friendly. He,Ek het hierheen gekom en dit was nogal vriendelik. Hy
NL-UtHUA_A363596_1526,20,"hatte Befehl erhalten, alle Hottentotten,","hatte Befehl erhalten, alle Hottentotten,","had received orders to remove all Hottentots,","het bevele ontvang om alle Hottentotte te verwyder,"
NL-UtHUA_A363596_1527,20,"die er auftreiben könnte, nach der Cap zu","die er auftreiben könnte, nach der Kap zu","which he could raise, after the Cape","wat hy kon oprig, na die Kaap"
NL-UtHUA_A363596_1528,20,"Comandiren. Es wurden daher Krüppel, Kran⸗","kommandieren. Es wurden daher Krüppel, Kran⸗","command. Therefore, cripples, crane⸗","bevel. Daarom, kreupeles, kraan⸗"
NL-UtHUA_A363596_1529,20,ke u. Alte vor unser Haus zusam̅en gerufen.,ke und Alte vor unser Haus zusammengerufen.,We called the old folks and the elderly together in front of our house.,Ons het die ou mense en die bejaardes voor ons huis bymekaargeroep.
NL-UtHUA_A363596_1530,20,"Wir hatten selbst nicht gedacht, daß noch so","Wir hatten selbst nicht gedacht, dass noch so",We ourselves hadn't thought that there would still be so much,Ons het self nie gedink dat daar nog soveel sou wees nie
NL-UtHUA_A363596_1532,20,viele da wären; wovon so viele weg waren. Es,"viele da wären, obwohl so viele weg waren. Es","There were many there, even though so many were gone.","Daar was baie daar, al was so baie weg."
NL-UtHUA_A363596_1533,20,"kamen 35 Männer zusam̅en, von denen er 18","kamen 35 Männer zusammen, von denen er 18","Thirty-five men gathered, of whom he was 18.","Vyf-en-dertig mans het bymekaargekom, van wie hy 18 was."
NL-UtHUA_A363596_1534,20,"ausmusterte u. ihnen sagte, daß sie morgen","ausmusterte und ihnen sagte, dass sie morgen",dismissed them and told them that tomorrow,hulle ontslaan en vir hulle gesê dat môre
NL-UtHUA_A363596_1535,20,in,in,in,in
NL-UtHUA_A363596_1536,20,"<pb n=""29b"" source=""NL-UtHUA_A363596_000029.jpg"" />","<pb n=""29b"" source=""NL-UtHUA_A363596_000029.jpg"" />","<pb n=""29b"" source=""NL-UtHUA_A363596_000029.jpg"" />","<pb n=""29b"" source=""NL-UtHUA_A363596_000029.jpg"" />"
NL-UtHUA_A363596_1537,21,"in aller Frühe fort müßten. Dann erzehlte er uns,","in aller Frühe fort müssten. Dann erzählte er uns,","We had to leave very early in the morning. Then he told us,","Ons moes baie vroeg die oggend vertrek. Toe sê hy vir ons,"
NL-UtHUA_A363596_1538,21,"daß wir uns jezt in einer Lage befänden, die","dass wir uns jetzt in einer Lage befänden, die",that we now find ourselves in a situation which,dat ons onsself nou in 'n situasie bevind wat
NL-UtHUA_A363596_1539,21,nicht schlechter seyn könnte; vor der Cap läge der,nicht schlechter sein könnte; vor der Kap läge der,It couldn't be worse; the Cape would be off the coast.,Dit kon nie erger wees nie; die Kaap sou langs die kus wees.
NL-UtHUA_A363596_1540,21,Feind; u. im Lande gegen die Bauren in völliger,Feind und im Lande gegen die Bauern in völliger,enemy and in the country against the peasants in complete,vyand en in die land teen die boere in geheel
NL-UtHUA_A363596_1541,21,"Empörung gegen die Obrigkeit, welche so weit","Empörung gegen die Obrigkeit, welche so weit","Outrage against the authorities, who had gone so far","Woede teen die owerhede, wat so ver gegaan het"
NL-UtHUA_A363596_1542,21,"gehe, daß sie Landdroste ab u. einsetzen. Zu","gehe, dass sie Landdroste ab- und einsetzen. Zu","Go ahead, that they remove and appoint district administrators. To","Gaan voort, dat hulle distriksadministrateurs verwyder en aanstel."
NL-UtHUA_A363596_1543,21,Schwellendam sind der Landdrost u. der Secre⸗,Schwellendam sind der Landdrost und der Secre⸗,Schwellendam are the Landdrost and the Secre⸗,Schwellendam is die Landdros en die Secre⸗
NL-UtHUA_A363596_1544,21,"tär schon abgesetzt worden. Die Bauren,","tär schon abgesetzt worden. Die Bauern,","They have already been deposed. The farmers,","Hulle is reeds afgesit. Die boere,"
NL-UtHUA_A363596_1545,21,"welche dieses thaten, waren an der Zahl 120.","welche dies taten, waren an der Zahl 120.",The number of those who did this was 120.,"Die aantal van diegene wat dit gedoen het, was 120."
NL-UtHUA_A363596_1546,21,d. 22te hörten wir wieder viele unangenehme,Am 22. hörten wir wieder viele unangenehme,"On the 22nd, we heard many unpleasant things again.",Op die 22ste het ons weer baie onaangename dinge gehoor.
NL-UtHUA_A363596_1547,21,"Gerüchte. Viele Bauren, die es mit den Eng⸗","Gerüchte. Viele Bauern, die es mit den Eng⸗",Rumors. Many farmers who deal with the Eng⸗,Gerugte. Baie boere wat met die Eng⸗ te doen het
NL-UtHUA_A363596_1548,21,"ländern nicht halten wollen, flüchten jezt nach","ländern nicht halten wollen, flüchten jetzt nach",countries that do not want to stop are now fleeing to,"lande wat nie wil stop nie, vlug nou na"
NL-UtHUA_A363596_1549,21,"der Cap, weil sie zu Hause nicht mehr sicher sind.","der Kap, weil sie zu Hause nicht mehr sicher sind.","the Cape, because they are no longer safe at home.","die Kaap, want hulle is nie meer veilig tuis nie."
NL-UtHUA_A363596_1550,21,"Denn es wird denen mit dem Tode gedrohet,","Denn es wird denen mit dem Tode gedroht,","For those are threatened with death,","Want diegene wat met die dood bedreig word,"
NL-UtHUA_A363596_1551,21,die nicht mit machen wollen. Uns war nicht,die nicht mitmachen wollen. Uns war nicht,those who don't want to participate. We weren't aware of this.,diegene wat nie wil deelneem nie. Ons was nie hiervan bewus nie.
NL-UtHUA_A363596_1552,21,"wohl zu Muthe, da wir die Gesinnungen der Bauren","wohl zumute, da wir die Gesinnungen der Bauern","feel good, since we understand the sentiments of the farmers","voel goed, aangesien ons die boere se sentimente verstaan"
NL-UtHUA_A363596_1553,21,gegen uns und unsere Arbeit unter den Hotten⸗,gegen uns und unsere Arbeit unter den Hotten⸗,against us and our work among the Hotten⸗,teen ons en ons werk onder die Hotten⸗
NL-UtHUA_A363596_1554,21,totten sehr wohl wußten. Einige von unsern,totten sehr wohl wussten. Einige von unseren,dead knew very well. Some of our,dooies het dit baie goed geweet. Sommige van ons
NL-UtHUA_A363596_1555,21,Leuten hatten eine Bauren⸗Frau sagen hören:,Leuten hatten eine Bauernfrau sagen hören:,People had heard a farmer's wife say:,Mense het al 'n boer se vrou hoor sê:
NL-UtHUA_A363596_1556,21,„Bald wird man es in Bavians Cloof brennen,„Bald wird man es in Bavianskloof brennen,"""Soon it will be burned in Bavianskloof.""","""Binnekort sal dit in Bavianskloof verbrand word."""
NL-UtHUA_A363596_1557,21,"sehen.“ d. 23ten hörten wir, daß die Empörer","sehen.“ Am 23. hörten wir, dass die Empörer","""See."" On the 23rd, we heard that the rebels","""Sien."" Op die 23ste het ons gehoor dat die rebelle"
NL-UtHUA_A363596_1558,21,"schon dießseits Schwellendam wären, u. ver⸗",schon diesseits Schwellendam wären und ver⸗,already on this side of Schwellendam would be and ver⸗,reeds aan hierdie kant van Schwellendam sou wees en ver⸗
NL-UtHUA_A363596_1559,21,"muthlich nach Bavians Kloof kom̅en, u. dann",mutlich nach Bavianskloof kommen und dann,probably come to Bavianskloof and then,waarskynlik na Bavianskloof kom en dan
NL-UtHUA_A363596_1560,21,nach der Cap gehen wollten. Am 24te würden,nach der Kap gehen wollten. Am 24. wurden,"They wanted to go to the Cape. On the 24th,","Hulle wou na die Kaap gaan. Op die 24ste,"
NL-UtHUA_A363596_1562,21,"die Gerüchte noch bedenklicher, u. wir dachten","die Gerüchte noch bedenklicher, und wir dachten","The rumors became even more worrying, and we thought","Die gerugte het selfs meer kommerwekkend geword, en ons het gedink"
NL-UtHUA_A363596_1563,21,hin,hin,there,daar
NL-UtHUA_A363596_1564,21,"<pb n=""30a"" source=""NL-UtHUA_A363596_000030.jpg"" />","<pb n=""30a"" source=""NL-UtHUA_A363596_000030.jpg"" />","<pb n=""30a"" source=""NL-UtHUA_A363596_000030.jpg"" />","<pb n=""30a"" bron=""NL-UtHUA_A363596_000030.jpg"" />"
NL-UtHUA_A363596_1565,21,"hin u. her auf einen Freund, der uns einen","hin und her auf einen Freund, der uns einen",back and forth to a friend who gave us a,heen en weer na 'n vriend wat vir ons 'n
NL-UtHUA_A363596_1566,21,guten Rath geben mögte. Wir konnten aber,guten Rat geben möchte. Wir konnten aber,"I would like to give good advice. However, we were unable to",Ek wil graag goeie raad gee. Ons kon egter nie
NL-UtHUA_A363596_1567,21,"auf niemand denken, als auf Andreas Otto,","auf niemand denken als auf Andreas Otto,",think of no one but Andreas Otto,dink aan niemand anders as Andreas Otto nie
NL-UtHUA_A363596_1568,21,"einen Feld⸗Corporal, in dessen Gebiete wir","einen Feldkorporal, in dessen Gebiet wir","a field corporal, in whose area we","'n veldkorporaal, in wie se gebied ons"
NL-UtHUA_A363596_1569,21,auch eigentlich gehören. Er wohnt 3 Meilen von,auch eigentlich gehören. Er wohnt drei Meilen von,...which actually belong. He lives three miles from,...wat eintlik behoort. Hy woon drie myl van
NL-UtHUA_A363596_1570,21,"hier, u. die Brr. Marsveld u. Kühnel ritten","hier, und die Brüder Marsveld und Kühnel ritten","here, and the brothers Marsveld and Kühnel rode","hier, en die broers Marsveld en Kühnel het gery"
NL-UtHUA_A363596_1571,21,"zu ihm. Br. Schwinn, der nun allein hier war,","zu ihm. Bruder Schwinn, der nun allein hier war,","to him. Brother Schwinn, who was now alone here,","aan hom. Broer Schwinn, wat nou alleen hier was,"
NL-UtHUA_A363596_1572,21,"bezeugte, einen solchen Tag noch nie gehabt zu","bezeugte, einen solchen Tag noch nie gehabt zu",testified that he had never experienced such a day before.,het getuig dat hy nog nooit tevore so 'n dag beleef het nie.
NL-UtHUA_A363596_1573,21,"haben. Es kam ein Gerücht nach dem andern,","haben. Es kam ein Gerücht nach dem anderen,",One rumor after another surfaced.,Een gerug na die ander het opgeduik.
NL-UtHUA_A363596_1574,21,daß die Empörer ganz nahe wären. Die Ge⸗,dass die Empörer ganz nahe wären. Die Ge⸗,that the protesters were very close. The Ge⸗,dat die betogers baie naby was. Die Ge⸗
NL-UtHUA_A363596_1575,21,tauften fragten: ach wenn sie nun unsern Lehrern,"tauften fragten: „Ach, wenn sie nun unseren Lehrern","baptized, asked: “Oh, if they now our teachers","gedoop, gevra: “Ag, as hulle nou ons leermeesters is"
NL-UtHUA_A363596_1576,21,wegstießen! u. fragten ob wir flüchten würden?,"wegstießen!“ und fragten, ob wir flüchten würden?","""pushed away!"" and asked if we were fleeing?","""weggestoot!"" en gevra of ons vlug?"
NL-UtHUA_A363596_1577,21,"Br. Schwinn sagte, daß er das nicht wüßte; man","Bruder Schwinn sagte, dass er das nicht wüsste; man",Brother Schwinn said that he didn't know; one,Broer Schwinn het gesê dat hy nie weet nie; een
NL-UtHUA_A363596_1578,21,"müßte hören, was seine Brüder mit bringen","müsste hören, was seine Brüder mitbringen",I would need to hear what his brothers bring.,Ek sal moet hoor wat sy broers bring.
NL-UtHUA_A363596_1579,21,"würden, dann würden wir sehen, was wir zu thun","würden, dann würden wir sehen, was wir zu tun","If that were the case, then we would see what we could do.","As dit die geval was, sou ons kyk wat ons kon doen."
NL-UtHUA_A363596_1580,21,"hätten. Sie sagten, daß sie alle mit gingen","hätten. Sie sagten, dass sie alle mitgingen,","would have. They said that they were all going with them,","sou hê. Hulle het gesê dat hulle almal saam met hulle gaan,"
NL-UtHUA_A363596_1581,21,"wo wir hin hingingen; blieben wir, so wolten","wo wir hingingen; blieben wir, so wollten","where we went; if we stayed, that's what we wanted.","waarheen ons gegaan het; as ons gebly het, is dit wat ons wou hê."
NL-UtHUA_A363596_1582,21,"sie auch bleiben, u. wolten mit ihren Lehrern",sie auch bleiben und wollten mit ihren Lehrern,they also wanted to stay and be with their teachers,hulle wou ook bly en by hul onderwysers wees
NL-UtHUA_A363596_1583,21,"sterben. So sagten auch die Tauf⸗Candidaten,","sterben. So sagten auch die Taufkandidaten,","die. That's what the baptismal candidates said, too.",sterf. Dis wat die doopkandidate ook gesê het.
NL-UtHUA_A363596_1584,21,u. viele andere. Ein Tauf⸗Candidat sagte:,und viele andere. Ein Taufkandidat sagte:,and many others. One baptismal candidate said:,en vele ander. Een doopkandidaat het gesê:
NL-UtHUA_A363596_1585,21,"„Solte Gott, der ja mit einem Wort Himel u.","„Sollte Gott, der ja mit einem Wort Himmel und","“Should God, who can be summed up in one word as heaven and","“Moet God, wat in een woord as hemel en"
NL-UtHUA_A363596_1586,21,"Erde gemacht hat, den Empörern diese Macht","Erde gemacht hat, den Empörern diese Macht",Earth has made this power for the rebels,Die aarde het hierdie krag vir die rebelle gemaak
NL-UtHUA_A363596_1587,21,"geben? Das glaube ich nicht, Er ist ja mächtig",geben? Das glaube ich nicht. Er ist ja mächtig,"Give it? I don't think so. He's powerful, after all.",Gee dit? Ek dink nie so nie. Hy is immers magtig.
NL-UtHUA_A363596_1588,21,"genug, diese Leute von hier abzuhalten, wir","genug, diese Leute von hier abzuhalten; wir",enough to keep these people away from here; we,genoeg om hierdie mense hier weg te hou; ons
NL-UtHUA_A363596_1590,21,wollen Ihn nur recht fleißig darum bitten.“,wollen ihn nur recht fleißig darum bitten.“,"""We just want to ask him very diligently for it.""","""Ons wil hom net baie ywerig daarvoor vra."""
NL-UtHUA_A363596_1591,21,Gegen,Gegen,Against,Teen
NL-UtHUA_A363596_1592,21,"<pb n=""30b"" source=""NL-UtHUA_A363596_000030.jpg"" />","<pb n=""30b"" source=""NL-UtHUA_A363596_000030.jpg"" />","<pb n=""30b"" source=""NL-UtHUA_A363596_000030.jpg"" />","<pb n=""30b"" bron=""NL-UtHUA_A363596_000030.jpg"" />"
NL-UtHUA_A363596_1593,21,"Gegen Abend (schreibt Br. Schwinn), da es anfieng","Gegen Abend (schreibt Bruder Schwinn), da es anfing","Towards evening (Brother Schwinn writes), as it began","Teen die aand (skryf Broer Schwinn), soos dit begin het"
NL-UtHUA_A363596_1594,21,"dunkel zu werden, stund ich in der Kam̅er, u. dachte","dunkel zu werden, stand ich in der Kammer und dachte","As darkness fell, I stood in the room and thought","Terwyl die donkerte geval het, het ek in die kamer gestaan en gedink"
NL-UtHUA_A363596_1595,21,über unsere Umstände; da sehe ich auf einmal,über unsere Umstände; da sehe ich auf einmal,about our circumstances; then I suddenly see,oor ons omstandighede; dan sien ek skielik
NL-UtHUA_A363596_1596,21,"vor dem Fenster einen Haufen Menschen stehen,","vor dem Fenster einen Haufen Menschen stehen,",A crowd of people are standing in front of the window.,'n Skare mense staan voor die venster.
NL-UtHUA_A363596_1597,21,die mir bewafnet vorkamen. Ich erschrak nicht,die mir bewaffnet vorkamen. Ich erschrak nicht,who appeared armed to me. I wasn't frightened.,wat vir my gewapen voorgekom het. Ek was nie bang nie.
NL-UtHUA_A363596_1598,21,"wenig, u. dachte, es wären die Empörer; als ich","wenig und dachte, es wären die Empörer; als ich",little and thought it was the rebels; when I,klein en gedink dit was die rebelle; toe ek
NL-UtHUA_A363596_1599,21,"mich aber gefaßt hatte, sahe ich daß es Hotten⸗","mich aber gefasst hatte, sah ich, dass es Hotten⸗","But once I had composed myself, I saw that it was Hotten⸗","Maar toe ek myself eers kalmeer het, het ek gesien dat dit Hotten⸗ was"
NL-UtHUA_A363596_1600,21,"totten waren, 12 an der Zahl, von denen jeder","totten waren, zwölf an der Zahl, von denen jeder","There were twelve dead, each of whom","Daar was twaalf dood, elkeen van hulle"
NL-UtHUA_A363596_1601,21,"einen Stock auf der Achsel hatte, woran an","einen Stock auf der Achsel hatte, woran ein","had a stick on his armpit, which indicated a","het 'n stok op sy oksel gehad, wat aangedui het op 'n"
NL-UtHUA_A363596_1602,21,ein Bündel hieng. Sie waren von denen am,ein Bündel hing. Sie waren von denen am,a bundle hung there. They were from those at,'n bondel het daar gehang. Hulle was van diegene by
NL-UtHUA_A363596_1603,21,"Schlangen Revier, die gern zu uns ziehen","Schlangenrevier, die gern zu uns ziehen","Snake territory, which like to move to our area","Slanggebied, wat graag na ons gebied trek"
NL-UtHUA_A363596_1604,21,"wollen, um Gottes Wort zu hören. Sie waren","wollen, um Gottes Wort zu hören. Sie waren",They wanted to hear God's word.,Hulle wou God se woord hoor.
NL-UtHUA_A363596_1605,21,"schon ein paar Tage bey Baas Teunis gewesen,","schon ein paar Tage bei Baas Teunis gewesen,","I've already been with Baas Teunis for a few days,","Ek is al 'n paar dae by Baas Teunis,"
NL-UtHUA_A363596_1606,21,der sie von ihrem Vorhaben abzubringen suchte;,der sie von ihrem Vorhaben abzubringen suchte;,who tried to dissuade her from her plan;,wat haar van haar plan probeer afraai het;
NL-UtHUA_A363596_1607,21,"u. weil ihm dieses nicht gelang, wurde dieser","und weil ihm dies nicht gelang, wurden diese","And because he failed to do so, these","En omdat hy dit nie gedoen het nie, het hierdie"
NL-UtHUA_A363596_1608,21,12 nach der Cap comandirt wolte. Ihre Weiber,zwölf nach der Kap kommandiert. Ihre Weiber,"Twelve after the Cape, they were commanded. Their wives","Twaalf na die Kaap, is hulle beveel. Hul vrouens"
NL-UtHUA_A363596_1609,21,"u. Kinder sind noch bey Baas Teunis, u. er","und Kinder sind noch bei Baas Teunis, und er","and children are still with Baas Teunis, and he","en kinders is nog steeds by Baas Teunis, en hy"
NL-UtHUA_A363596_1610,21,"will sie durchaus nicht hieher laßen, sondern","will sie durchaus nicht hierher lassen, sondern","She definitely does not want to let her here, but","Sy wil haar beslis nie hier laat nie, maar"
NL-UtHUA_A363596_1611,21,sie sollen wieder nach Hause gehen. d. 25te,sie sollen wieder nach Hause gehen. Am 25.,They should go home again. On the 25th.,Hulle behoort weer huis toe te gaan. Op die 25ste.
NL-UtHUA_A363596_1612,21,zu Mittag kamen die Brr. Marsveld u.,zu Mittag kamen die Brüder Marsveld und,The Marsveld brothers arrived at noon and,Die Marsveld-broers het teen middagete aangekom en
NL-UtHUA_A363596_1613,21,Kühnel wieder nach Hause. Sie meldeten,Kühnel wieder nach Hause. Sie meldeten,Kühnel went home again. They reported,Kühnel het weer huis toe gegaan. Hulle het verslag gedoen
NL-UtHUA_A363596_1614,22,von ihrer Reise folgendes: Als wir zum,von ihrer Reise Folgendes: „Als wir zum,From her trip: “When we went to,Van haar reis: “Toe ons gegaan het na
NL-UtHUA_A363596_1615,22,"Bauren Mary kamen, hörten wir zu unserer","Bauern Mary kamen, hörten wir zu unserer","Farmer Mary came, we heard to our","Boer Mary het gekom, ons het na ons gehoor"
NL-UtHUA_A363596_1616,22,"größten Freude, daß die Empörer zurückge⸗","größten Freude, dass die Empörer zurückge⸗",greatest joy that the protesters have been rebuffed⸗,grootste vreugde dat die betogers afgewys is⸗
NL-UtHUA_A363596_1618,22,"gangen wären, u. dießmal nicht weiter",gangen wären und diesmal nicht weiter,would have gone and this time not further,sou gegaan het en hierdie keer nie verder nie
NL-UtHUA_A363596_1619,22,kämen,kämen,come,kom
NL-UtHUA_A363596_1620,22,"<pb n=""31a"" source=""NL-UtHUA_A363596_000031.jpg"" />","<pb n=""31a"" source=""NL-UtHUA_A363596_000031.jpg"" />","<pb n=""31a"" source=""NL-UtHUA_A363596_000031.jpg"" />","<pb n=""31a"" source=""NL-UtHUA_A363596_000031.jpg"" />"
NL-UtHUA_A363596_1621,22,kämen. Bey Gilderheis würde diese Nachricht,kämen.“ Bei Gilderheis wurde diese Nachricht,"would come.” At Gilderheis, this news was received",sou kom.” By Gilderheis is hierdie nuus ontvang
NL-UtHUA_A363596_1622,22,bestättiget; denn sie hatten Briefe aus der Gegend.,bestätigt; denn sie hatten Briefe aus der Gegend.,confirmed; because they had received letters from the area.,bevestig; omdat hulle briewe uit die gebied ontvang het.
NL-UtHUA_A363596_1623,22,"Bey Otto erfuhren wir nichts neues, als nur die","Bei Otto erfuhren wir nichts Neues, als nur die","We learned nothing new from Otto, except for the...","Ons het niks nuuts by Otto geleer nie, behalwe vir die..."
NL-UtHUA_A363596_1624,22,"Gewißheit davon, daß, so bald die Empörer zu","Gewissheit davon, dass, sobald die Empörer zu","Certainty that, as soon as the indignants to","Sekerheid dat, sodra die verontwaardigdes aan"
NL-UtHUA_A363596_1625,22,"uns kämen, unser Plaz zerstört werden soll;","uns kämen, unser Platz zerstört werden soll;",if our place were to be destroyed;,as ons plek vernietig sou word;
NL-UtHUA_A363596_1626,22,"denn sie selbst haben gesagt, das müße ihre","denn sie selbst haben gesagt, das müsse ihre",because they themselves have said that this must be their,omdat hulle self gesê het dat dit hulle s’n moet wees
NL-UtHUA_A363596_1627,22,erste seyn. Wir blieben bey ihm über Nacht.,erste sein. Wir blieben bei ihm über Nacht.,He was first. We stayed overnight at his place.,Hy was eerste. Ons het oornag by hom gebly.
NL-UtHUA_A363596_1628,22,Den andern Morgen ritten wir wieder nach Hause.,Am anderen Morgen ritten wir wieder nach Hause.,The next morning we rode back home.,Die volgende oggend het ons terug huis toe gery.
NL-UtHUA_A363596_1629,22,Bey Gilderheis sprachen wir wieder ein u. aber,"Bei Gilderheis sprachen wir wieder ein, aber","We spoke again at Gilderheis, but","Ons het weer by Gilderheis gepraat, maar"
NL-UtHUA_A363596_1630,22,"da wir fort wolten, riefen sie uns wieder zurück,","da wir fort wollten, riefen sie uns wieder zurück","Since we wanted to leave, they called us back.","Aangesien ons wou vertrek, het hulle ons teruggebel."
NL-UtHUA_A363596_1631,22,"u. sagten, daß von unten ein Bote, gänzlich","und sagten, dass von unten ein Bote, gänzlich","and said that from below a messenger, entirely","en gesê dat van onder af 'n boodskapper, geheel en al"
NL-UtHUA_A363596_1632,22,"von der Cap käme, wir solten noch ein wenig warten","von der Kap käme, wir sollten noch ein wenig warten,","from the Cape, we should wait a little longer.","van die Kaap af, moet ons nog 'n bietjie langer wag."
NL-UtHUA_A363596_1633,22,"um zu hören, was er brachte. Er kam von","um zu hören, was er brachte. Er kam von",to hear what he brought. He came from,om te hoor wat hy gebring het. Hy het vandaan gekom
NL-UtHUA_A363596_1634,22,der Cap mit Briefen an sie; worinnen gemeldet,der Kap mit Briefen an sie; worin gemeldet,the cape with letters to her; in which it was reported,die mantel met briewe aan haar; waarin dit berig is
NL-UtHUA_A363596_1635,22,"wurde, daß die Engländer sich zum Angriff der","wurde, dass die Engländer sich zum Angriff der",It was that the English were preparing to attack the,Dit was dat die Engelse voorberei het om aan te val die
NL-UtHUA_A363596_1636,22,"Cap anschickten, daß man sich jedoch bis auf den","Kap anschickten, dass man sich jedoch bis auf den","as they prepared to head for Cape Town, but that they were only able to get as far as the","terwyl hulle voorberei het om na Kaapstad te vertrek, maar dat hulle net so ver as die"
NL-UtHUA_A363596_1637,22,lezten Mann wehren wolle. Die Bay Fals aber,letzten Mann wehren wolle. Die Fals Bay aber,to defend himself against the last man. But False Bay,om homself teen die laaste man te verdedig. Maar Valsbaai
NL-UtHUA_A363596_1638,22,hätten die Engländer schon im Besiz. Hier,hätten die Engländer schon im Besitz. Hier,The English already possessed them. Here,Die Engelse het hulle reeds besit. Hier
NL-UtHUA_A363596_1639,22,"erzählten wir auch, die Empörer hätten gesagt,","erzählten wir auch, die Empörer hätten gesagt,","We also told them that the protesters had said,","Ons het hulle ook vertel dat die betogers gesê het,"
NL-UtHUA_A363596_1640,22,die getauften Hottentotten wolten sie nicht,die getauften Hottentotten wollten sie nicht,The baptized Hottentots didn't want them,Die gedoopte Hottentotte wou hulle nie hê nie
NL-UtHUA_A363596_1641,22,"tödten, sondern mit sich nehmen, u. dem ihre","töten, sondern mit sich nehmen und dem, der ihre","kill, but take with them and to the one who has their","doodmaak, maar neem saam met hulle en aan die een wat hulle het"
NL-UtHUA_A363596_1642,22,"mit ihnen streitig werden, u. vollends die Men⸗","mit ihnen streitig werden, und vollends die Men⸗","argue with them, and completely the men⸗","stry met hulle, en heeltemal die mans⸗"
NL-UtHUA_A363596_1643,22,schen wolten sie in Stücken schneiden. Die 12,schen wollten sie in Stücke schneiden. Die zwölf,They wanted to cut the swans into pieces. The twelve,Hulle wou die swane in stukke sny. Die twaalf
NL-UtHUA_A363596_1644,22,gestern gekom̅enen Männer bleiben Heute,gestern gekommenen Männer bleiben heute,The men who arrived yesterday are staying today,"Die manne wat gister aangekom het, bly vandag"
NL-UtHUA_A363596_1646,22,"noch hier, um doch wenigstens einmal das","noch hier, um doch wenigstens einmal das","still here, to at least once...","steeds hier, ten minste een keer..."
NL-UtHUA_A363596_1647,22,Wort,Wort,Word,Woord
NL-UtHUA_A363596_1648,22,"<pb n=""31b"" source=""NL-UtHUA_A363596_000031.jpg"" />","<pb n=""31b"" source=""NL-UtHUA_A363596_000031.jpg"" />","<pb n=""31b"" source=""NL-UtHUA_A363596_000031.jpg"" />","<pb n=""31b"" bron=""NL-UtHUA_A363596_000031.jpg"" />"
NL-UtHUA_A363596_1649,22,"Wort Gottes zu hören, u. kamen Abends in die",Wort Gottes zu hören und kamen abends in die,to hear the Word of God and came in the evenings,om die Woord van God te hoor en het in die aande gekom
NL-UtHUA_A363596_1650,22,"Versammlung. 8 Weiber, welche zu ihnen gehören,","Versammlung. Acht Weiber, welche zu ihnen gehören,","Assembly. Eight women who belong to them,","Vergadering. Agt vroue wat aan hulle behoort,"
NL-UtHUA_A363596_1651,22,waren am 26te hier. Baas Teunis hat ihnen,waren am 26. hier. Baas Teunis hat ihnen,They were here on the 26th. Baas Teunis told them,Hulle was hier op die 26ste. Baas Teunis het hulle vertel
NL-UtHUA_A363596_1652,22,"erlaubt, hier zu besuchen; aber nicht hier zu bleiben,","erlaubt, hier zu besuchen, aber nicht hier zu bleiben.","You are allowed to visit, but not to stay.","Jy mag kuier, maar nie bly nie."
NL-UtHUA_A363596_1653,22,"Werden, oder aus welcher Macht dieses geschiehet,","Wie dies geschieht oder aus welcher Macht, wissen","How this happens, or by what power, is unknown.","Hoe dit gebeur, of deur watter krag, is onbekend."
NL-UtHUA_A363596_1654,22,wißen wir nicht. Die 12 Männer begaben sich,wir nicht. Die zwölf Männer begaben sich,We didn't. The twelve men set out,Ons het nie. Die twaalf mans het vertrek
NL-UtHUA_A363596_1655,22,heute Morgen auf den Weg nach der Cap. Sie,heute Morgen auf den Weg nach der Kap. Sie,This morning I set off for the Cape. She,Vanoggend het ek na die Kaap vertrek. Sy
NL-UtHUA_A363596_1656,22,gingen sehr ungern weg; u. wären gern noch,gingen sehr ungern weg und wären gern noch,They were very reluctant to leave and would have liked to stay longer.,Hulle was baie huiwerig om te vertrek en sou graag langer wou bly.
NL-UtHUA_A363596_1657,22,"länger geblieben, um noch mehr Wort Gottes","länger geblieben, um noch mehr Wort Gottes",stayed longer to hear more of God's word,langer gebly om meer van God se woord te hoor
NL-UtHUA_A363596_1658,22,"zu hören. Wir redeten ihnen aber zu, wann","zu hören. Wir redeten ihnen aber zu, wann","to hear. But we talked them into it, when","om te hoor. Maar ons het hulle daaroor gepraat, toe"
NL-UtHUA_A363596_1659,22,"ihr Dienst an der Cap vorbey wäre, könnten","ihr Dienst an der Kap vorbei wäre, könnten","their service would pass the Cape, could","hul diens sou die Kaap verbysteek, kon"
NL-UtHUA_A363596_1660,22,sie wieder kom̅en. d. 27ten war Abendmahls⸗,sie wieder kommen. Am 27. war Abendmahls⸗,They will come again. The 27th was Holy Communion.,Hulle sal weer kom. Die 27ste was die Heilige Nagmaal.
NL-UtHUA_A363596_1661,22,"Tag; wir schieben es aber für jezt noch aus,","Tag; wir schieben es aber für jetzt noch auf,",Day; but we'll postpone it for now.,Dag; maar ons sal dit vir eers uitstel.
NL-UtHUA_A363596_1662,22,"weil so wol wir, als unsere Hottentottischen",weil sowohl wir als auch unsere Hottentottischen,because both we and our Hottentots,want beide ons en ons Hottentotte
NL-UtHUA_A363596_1663,22,Comunicanten durch die jäzigen Umstände,Kommunikanten durch die jetzigen Umstände,Communicants due to the current circumstances,Kommunikeerders weens die huidige omstandighede
NL-UtHUA_A363596_1664,22,allzusehr im Gemüthe zerstreuet sind. Die,allzu sehr im Gemüt zerstreut sind. Die,are too scattered in their thoughts.,is te verstrooi in hul gedagtes.
NL-UtHUA_A363596_1665,22,"unruhigen Zeiten daureten noch fort, man","unruhigen Zeiten dauerten noch fort, man","Troubled times continued, one","Moeilike tye het voortgeduur, een"
NL-UtHUA_A363596_1666,22,konnte sich aber auch nichts überlegen. d. 29ten,konnte sich aber auch nichts überlegen. Am 29.,But he couldn't think of anything either. On the 29th.,Maar hy kon ook aan niks dink nie. Op die 29ste.
NL-UtHUA_A363596_1667,22,war das Aufsehen gar ungemein Leute bey,war das Aufsehen gar ungemein. Leute bei,The reaction was immense. People at,Die reaksie was geweldig. Mense by
NL-UtHUA_A363596_1668,22,uns zum Besuch. Von Krieg hörten wir aber,uns zum Besuch. Von Krieg hörten wir aber,us for a visit. But we heard about the war.,ons vir 'n besoek. Maar ons het van die oorlog gehoor.
NL-UtHUA_A363596_1669,22,"er weiter nichts, als daß es an der Cap noch","weiter nichts, als dass es an der Kap noch",nothing more than that there is still something at the Cape,niks meer as dat daar nog iets aan die Kaap is nie
NL-UtHUA_A363596_1670,22,zu keiner Entscheidung gekommen sey. Er blieb,zu keiner Entscheidung gekommen sei. Er blieb,No decision was reached. He remained,Geen besluit is geneem nie. Hy het gebly
NL-UtHUA_A363596_1671,22,bey uns über Nacht. Das h. Abendmahl hielten,bei uns über Nacht. Das Heilige Abendmahl hielten,Stayed overnight with us. We celebrated Holy Communion.,Het oornag by ons gebly. Ons het Nagmaal gevier.
NL-UtHUA_A363596_1673,22,"wir am 30te July nach, u. die Schw. Bodgen","wir am 30. Juli nach, und Schwester Bodgen","we will be there on July 30th, and Sister Bogden","Ons sal daar wees op 30 Julie, en Suster Bogden"
NL-UtHUA_A363596_1674,22,war unsere nähmlige Mitgenossin. Heute,war unsere nämliche Mitgenossin. Heute,was our same fellow member. Today,was ons dieselfde mede-lid. Vandag
NL-UtHUA_A363596_1675,22,be⸗,be⸗,be⸗,wees⸗
NL-UtHUA_A363596_1676,22,"<pb n=""32a"" source=""NL-UtHUA_A363596_000032.jpg"" />","<pb n=""32a"" source=""NL-UtHUA_A363596_000032.jpg"" />","<pb n=""32a"" source=""NL-UtHUA_A363596_000032.jpg"" />","<pb n=""32a"" source=""NL-UtHUA_A363596_000032.jpg"" />"
NL-UtHUA_A363596_1677,22,bekamen wir einen Brief von H. Heuser auf,bekamen wir einen Brief von Herrn Heuser auf,We received a letter from Mr. Heuser on,Ons het 'n brief van mnr. Heuser ontvang oor
NL-UtHUA_A363596_1678,22,"der Cap. Er schrieb uns, daß die Engländer noch","der Kap. Er schrieb uns, dass die Engländer noch",the Cape. He wrote to us that the English still,die Kaap. Hy het aan ons geskryf dat die Engelse steeds
NL-UtHUA_A363596_1679,22,"davor wären, daß aber die Bürger sich aufs","davor wären, dass aber die Bürger sich aufs","Before that, the citizens would be focusing on...",Voor dit sou die burgers fokus op ...
NL-UtHUA_A363596_1680,22,"äußerste wehren wolten. Ferner, daß das Schiff,","Äußerste wehren wollten. Ferner, dass das Schiff,","They wanted to defend themselves at the utmost. Furthermore, that the ship,","Hulle wou hulself ten uiterste verdedig. Verder, dat die skip,"
NL-UtHUA_A363596_1681,22,"welches Sachen für uns hatte, von den Englän⸗","welches Sachen für uns hatte, von den Englän⸗",which had things for us from the English⸗,wat dinge vir ons van die Engelse gehad het⸗
NL-UtHUA_A363596_1682,22,dern in Beschlag genommen worden. Auch sagt man,dern in Beschlag genommen worden. Auch sagt man,which have been seized. It is also said that,wat in beslag geneem is. Daar word ook gesê dat
NL-UtHUA_A363596_1683,22,(schreibt er) daß ganz Holland in den Händen,"(schreibt er), dass ganz Holland in den Händen",(he writes) that all of Holland is in the hands,(skryf hy) dat die hele Holland in die hande is
NL-UtHUA_A363596_1684,22,"der Franzosen sey, u. der Prinz von Oranien",der Franzosen sei und der Prinz von Oranien,the Frenchman and the Prince of Orange,die Fransman en die Prins van Oranje
NL-UtHUA_A363596_1685,22,sich in England befinde. Nun sahen wir uns,sich in England befinde. Nun sahen wir uns,was in England. Now we saw each other,was in Engeland. Nou het ons mekaar gesien
NL-UtHUA_A363596_1686,22,auch einmal von allen Nachrichten abgeschnitten.,auch einmal von allen Nachrichten abgeschnitten.,I was also cut off from all news at one point.,Ek was ook op 'n stadium van alle nuus afgesny.
NL-UtHUA_A363596_1687,22,"Gern hätten wir gewußt, wie es unsern Ge⸗","Gern hätten wir gewusst, wie es unseren Ge⸗",We would have liked to know how our Ge⸗,Ons sou graag wou weet hoe ons Ge⸗
NL-UtHUA_A363596_1688,22,schwistern in Zeist u. Neuwied ergangen,schwistern in Zeist und Neuwied ergangen,sisters in Zeist and Neuwied,susters in Zeist en Neuwied
NL-UtHUA_A363596_1689,22,seyn mögte; sahen aber keine Möglichkeit,"sein mochte; sahen aber keine Möglichkeit,",might have been; but saw no possibility,kon gewees het; maar het geen moontlikheid gesien nie
NL-UtHUA_A363596_1690,22,etwas davon zu erfahren. d. 5te bekamen wir,etwas davon zu erfahren. Am 5. bekamen wir,to learn something about it. On the 5th we received,om iets daaroor te leer. Op die 5de het ons ontvang
NL-UtHUA_A363596_1691,22,"einen Boten von Baas Teunis. Er hätte gehört,","einen Boten von Baas Teunis. Er hatte gehört,","a messenger from Baas Teunis. He had heard,","'n boodskapper van Baas Teunis. Hy het gehoor,"
NL-UtHUA_A363596_1692,23,daß Hottentotten mit vielem Vieh hergezogen,dass Hottentotten mit vielem Vieh hergezogen,that Hottentots migrated here with many cattle,dat Hottentotte hierheen getrek het met baie beeste
NL-UtHUA_A363596_1693,23,"wären, jene solten nach der Cap comandirt,",wären; jene sollten nach der Kap kommandiert,would be; those should be commanded after the Cape,sou wees; dié behoort na die Kaap beveel te word
NL-UtHUA_A363596_1694,23,u. das Vieh wieder zurück getrieben werden.,und das Vieh wieder zurückgetrieben werden.,and the cattle are driven back.,en die beeste word teruggedryf.
NL-UtHUA_A363596_1695,23,"Er ließ uns sagen, daß wenn Hottentotten","Er ließ uns sagen, dass, wenn Hottentotten",He let us be told that if Hottentots,Hy het ons laat vertel dat as Hottentotte
NL-UtHUA_A363596_1696,23,"zu uns kämen, wir sie sogleich an die Cap schicken","zu uns kämen, wir sie sogleich an die Kap schicken","If they came to us, we would immediately send them to the Cape.","As hulle na ons toe kom, sou ons hulle dadelik na die Kaap stuur."
NL-UtHUA_A363596_1697,23,müßten. Es komt eine Ordre nach der an⸗,müssten. Es kommt eine Order nach der an⸗,would have to. One order arrives after the other.,sou moes. Een bestelling arriveer na die ander.
NL-UtHUA_A363596_1698,23,"dern, daß alles, was aufzutreiben ist, nach","deren, dass alles, was aufzutreiben ist, nach","whose, that everything that can be found, after","wie se, dat alles wat gevind kan word, na"
NL-UtHUA_A363596_1699,23,der Cap marschiren muß. Auch ist von der,der Kap marschieren muss. Auch ist von der,"who must march to the Cape. Also, it is from the",wat na die Kaap moet marsjeer. Ook is dit van die
NL-UtHUA_A363596_1700,23,Regierung botschaft an die Empörer ge⸗,Regierung Botschaft an die Empörer ge⸗,Government message to the protesters,Regeringsboodskap aan die betogers
NL-UtHUA_A363596_1701,23,"schickt worden, daß sie kom̅en u. ihre Klagen","schickt worden, dass sie kommen und ihre Klagen",They were sent to come and voice their complaints.,Hulle is gestuur om te kom en hul klagtes uit te spreek.
NL-UtHUA_A363596_1703,23,an⸗,an⸗,to⸗,tot⸗
NL-UtHUA_A363596_1704,23,"<pb n=""32b"" source=""NL-UtHUA_A363596_000032.jpg"" />","<pb n=""32b"" source=""NL-UtHUA_A363596_000032.jpg"" />","<pb n=""32b"" source=""NL-UtHUA_A363596_000032.jpg"" />","<pb n=""32b"" source=""NL-UtHUA_A363596_000032.jpg"" />"
NL-UtHUA_A363596_1705,23,"anbringen solten, man werde sie hören; u. übrigens","anbringen sollten, man werde sie hören; und übrigens","They should attach them, they will be heard; and by the way","Hulle moet hulle aanheg, hulle sal gehoor word; en terloops"
NL-UtHUA_A363596_1706,23,aber möchten sie das Land ver theidigen helfen.,aber möchten sie das Land verteidigen helfen.,but they want to help defend the country.,maar hulle wil help om die land te verdedig.
NL-UtHUA_A363596_1707,23,"Sie haben geantwortet, daß sie nicht kämen,","Sie haben geantwortet, dass sie nicht kämen,",They replied that they would not be coming.,Hulle het geantwoord dat hulle nie sou kom nie.
NL-UtHUA_A363596_1708,23,sondern bey ihrem Vorsatz blieben. Der Bote,sondern bei ihrem Vorsatz blieben. Der Bote,but remained true to their intention. The messenger,maar het getrou gebly aan hul voorneme. Die boodskapper
NL-UtHUA_A363596_1709,23,von Baas Teunis fand hier die Hottentotten,von Baas Teunis fand hier die Hottentotten,von Baas Teunis found the Hottentots here,von Baas Teunis het die Hottentotte hier gevind
NL-UtHUA_A363596_1710,23,"nicht, die er gesucht hatte; er ritt daher zu⸗","nicht, die er gesucht hatte; er ritt daher zu⸗",not the one he had been looking for; he therefore rode to⸗,nie die een waarna hy gesoek het nie; daarom het hy gery na⸗
NL-UtHUA_A363596_1711,23,"rück, u. nahm den Weg, auf dem sie hieher","rück und nahm den Weg, auf dem sie hierher",back and took the path they had taken to get here,terug en het die pad geneem wat hulle geneem het om hier te kom
NL-UtHUA_A363596_1712,23,kom̅en solten; ob er welche gefunden haben,kommen sollten; ob er welche gefunden haben,should come; whether he found any,moes kom; of hy enige gevind het
NL-UtHUA_A363596_1713,23,"mag, wißen wir nicht. Unter allen den ver⸗","mag, wissen wir nicht. Unter all den ver⸗",We don't know if he likes it. Among all the...,Ons weet nie of hy daarvan hou nie. Onder al die...
NL-UtHUA_A363596_1714,23,wirrten Umständen bemerkten wir eine mäch⸗,wirrten Umständen bemerkten wir eine mäch⸗,Under strange circumstances we noticed a,Onder vreemde omstandighede het ons opgemerk dat
NL-UtHUA_A363596_1715,23,tige Arbeit des heiligen Geistes unter unserm,tige Arbeit des Heiligen Geistes unter unserem,active work of the Holy Spirit under our,aktiewe werk van die Heilige Gees onder ons
NL-UtHUA_A363596_1716,23,"Volke, besonders unter den neuen Leuten. Da wir","Volke, besonders unter den neuen Leuten. Da wir","People, especially among the newcomers. Since we","Mense, veral onder die nuwelinge. Aangesien ons"
NL-UtHUA_A363596_1717,23,"aber nicht wüßten, was noch aus uns u. ihnen","aber nicht wüssten, was noch aus uns und ihnen",but didn't know what else could come of us and them,maar het nie geweet wat anders van ons en hulle kon kom nie
NL-UtHUA_A363596_1718,23,werden kann; so hatten wir keine Freudigkeit,"werden kann, so hatten wir keine Freudigkeit,","can be, so we had no joy,","kan wees, so ons het geen vreugde gehad nie,"
NL-UtHUA_A363596_1719,23,für jezt an eine Taufe zu denken. Die armen,für jetzt an eine Taufe zu denken. Die armen,To even think about a baptism now. The poor things.,Om nou selfs aan 'n doop te dink. Die arme goedjies.
NL-UtHUA_A363596_1720,23,"Leute sind dabey erstaunlich bange, u. die Bauren","Leute sind dabei erstaunlich bange, und die Bauern","People are surprisingly scared, and the farmers","Mense is verbasend bang, en die boere"
NL-UtHUA_A363596_1721,23,machen ihnen auch zehenmal mehr weiß als,machen ihnen auch zehnmal mehr weis als,They'll also make them believe ten times more than,Hulle sal hulle ook tien keer meer laat glo as
NL-UtHUA_A363596_1722,23,wahr ist. d. 9te kamen 7 von den Hottentotten,"wahr ist. Am 9. kamen sieben von den Hottentotten,","That's true. On the 9th, seven of the Hottentots arrived.",Dis waar. Op die 9de het sewe van die Hottentotte aangekom.
NL-UtHUA_A363596_1723,23,"die Baas Teunis hier hatte aufsuchen laßen,","die Baas Teunis hier hatte aufsuchen lassen,",who had sent Baas Teunis here to be visited,wat Baas Teunis hierheen gestuur het om besoek te word
NL-UtHUA_A363596_1724,23,wirklich hier an. Wir ließen sie zusammen,wirklich hier an. Wir ließen sie zusammen⸗,really here. We let them together⸗,regtig hier. Ons laat hulle bymekaar⸗
NL-UtHUA_A363596_1725,23,"kom̅en, u. fragten ob sie nicht wüßten,","kommen und fragten, ob sie nicht wüssten,","came and asked if they didn't know,","het gekom en gevra of hulle nie weet nie,"
NL-UtHUA_A363596_1726,23,was ihnen Baas Teunis gesagt hätte? Sie,was ihnen Baas Teunis gesagt hatte? Sie,What had Baas Teunis told them? They,Wat het Baas Teunis vir hulle gesê? Hulle
NL-UtHUA_A363596_1727,23,"sagten Ja. Wir bedeuteten sie dadrüber, daß","sagten: „Ja.“ Wir bedeuteten ihnen darüber, dass","They said, ""Yes."" We indicated to them that","Hulle het gesê: ""Ja."" Ons het dit vir hulle aangedui."
NL-UtHUA_A363596_1728,23,"sie nicht hier bleiben könnten, sondern müßten","sie nicht hier bleiben könnten, sondern müssten","they could not stay here, but had to","hulle kon nie hier bly nie, maar moes"
NL-UtHUA_A363596_1729,23,zu Baas Teunis gehen; u. wir wolten ihnen,zu Baas Teunis gehen; und wir wollten ihnen,to go to Baas Teunis; and we wanted to tell them,om na Baas Teunis te gaan; en ons wou hulle vertel
NL-UtHUA_A363596_1731,23,einen Brief mitgeben. d. 10te sezten uns,einen Brief mitgeben. Am 10. setzten uns,"to give a letter. On the 10th, we sat down.",om 'n brief te gee. Op die 10de het ons gaan sit.
NL-UtHUA_A363596_1732,23,einige,einige,some,sommige
NL-UtHUA_A363596_1733,23,"<pb n=""33a"" source=""NL-UtHUA_A363596_000033.jpg"" />","<pb n=""33a"" source=""NL-UtHUA_A363596_000033.jpg"" />","<pb n=""33a"" source=""NL-UtHUA_A363596_000033.jpg"" />","<pb n=""33a"" source=""NL-UtHUA_A363596_000033.jpg"" />"
NL-UtHUA_A363596_1734,23,"einige, die bey dem Baas vorn gewesen, daß noch","einige, die bei dem Baas vorn gewesen, dass noch","some who had been at the front with the boss, that still","sommige wat saam met die baas aan die voorkant was, wat steeds"
NL-UtHUA_A363596_1735,23,heute ein Commando von den Empörern,heute ein Kommando von den Empörern,today a command from the insurgents,vandag 'n bevel van die opstandelinge
NL-UtHUA_A363596_1736,23,"hieher kom̅en würde, um alle Männer auf","hierher kommen würde, um alle Männer auf",would come here to meet all the men on,sou hierheen kom om al die mans te ontmoet
NL-UtHUA_A363596_1737,23,"dem Weg nach der Cap, u. hätten 300 Wagen","dem Weg nach der Kap, und hätten 300 Wagen","the road to the Cape, and would have 300 cars","die pad na die Kaap, en sou 300 motors hê"
NL-UtHUA_A363596_1738,23,"bey sich. Wir ließen uns nicht stören, u. es","bei sich. Wir ließen uns nicht stören, und es","at their place. We didn't let ourselves be disturbed, and it","by hulle plek. Ons het onsself nie laat steur nie, en dit"
NL-UtHUA_A363596_1739,23,"zeigte sich auch, daß es nicht wahr war. d. 11te","zeigte sich auch, dass es nicht wahr war. Am 11.",It also turned out that it wasn't true. On the 11th.,Dit het ook geblyk dat dit nie waar was nie. Op die 11de.
NL-UtHUA_A363596_1740,23,"zeigte uns ein Hottentot, der vor kurzem an⸗","zeigte uns ein Hottentot, der vor Kurzem an⸗",showed us a Hottentot who recently visited⸗,het vir ons 'n Hottentot gewys wat onlangs besoek afgelê het⸗
NL-UtHUA_A363596_1741,23,"kom̅en war, daß er nicht stille seyn könne,","gekommen war, dass er nicht still sein könne,","It had come to him that he could not be silent,","Dit het tot hom gekom dat hy nie stil kon bly nie,"
NL-UtHUA_A363596_1742,23,sondern sagen müßte was was er gehört,"sondern sagen müsste, was er gehört",but would have to say what he heard,maar sou moes sê wat hy gehoor het
NL-UtHUA_A363596_1743,23,"hätte. Einer von den Bauren, die den Land⸗","hätte. Einer von den Bauern, die den Land⸗",would have. One of the farmers who own the land⸗,sou hê. Een van die boere wat die grond besit⸗
NL-UtHUA_A363596_1744,23,drost von Schwellendam abgesezt hätten,"drost von Schwellendam abgesetzt hatten,","had been deposed by the drost of Schwellendam,","is deur die drost van Schwellendam afgesit,"
NL-UtHUA_A363596_1745,23,"habe ihn gefragt, ob er auch in die Schule","habe ihn gefragt, ob er auch in die Schule",I asked him if he also went to school.,Ek het hom gevra of hy ook skool toe gaan.
NL-UtHUA_A363596_1746,23,"gehen wolle? Antw. Ja, Baas. Darauf habe","gehen wolle? Antwort: „Ja, Baas.“ Darauf habe","Did he want to leave? Answer: ""Yes, boss."" To which I replied","Wou hy loop? Antwoord: ""Ja, baas."" Waarop ek geantwoord het."
NL-UtHUA_A363596_1747,23,"der Bauer gesagt, er solle nur gehen, mit","der Bauer gesagt, er solle nur gehen, mit","The farmer told him to just go, with","Die boer het vir hom gesê om net te gaan, met"
NL-UtHUA_A363596_1748,23,der Schule soll es nun bald aus werden; die,der Schule soll es nun bald aus sein; die,The school is about to close;,Die skool gaan binnekort sluit;
NL-UtHUA_A363596_1749,23,Hottentotten solten nicht gescheid gemacht,Hottentotten sollten nicht gescheit gemacht,Hottentots should not be made to look good.,Hottentotte moenie gemaak word om goed te lyk nie.
NL-UtHUA_A363596_1750,23,"werden, sondern das bleiben, was sie wären;","werden, sondern das bleiben, was sie wären;","They will become what they are, but will remain what they were;","Hulle sal word wat hulle is, maar sal bly wat hulle was;"
NL-UtHUA_A363596_1751,23,"es ließen ja so viele Christenkinders heiden,","es ließen ja so viele Christenkinder heiden,","So many Christian children left their homes as heathens,","Soveel Christenkinders het hul huise as heidene verlaat,"
NL-UtHUA_A363596_1752,23,"die nichts lernten, warum solten die Hotten⸗","die nichts lernten, warum sollten die Hotten⸗","who learned nothing, why should the Hotten⸗","wat niks geleer het nie, hoekom sou die Hotten⸗"
NL-UtHUA_A363596_1753,23,"totten etwas lernen? Wir wollen, sagte er,","totten etwas lernen? „Wir wollen“, sagte er,","something to learn from dead people? “We want,” he said,","iets om van dooie mense te leer? “Ons wil hê,” het hy gesê,"
NL-UtHUA_A363596_1754,23,"die Schule bald aufheben, denn nun sind wir","die Schule bald aufheben, „denn nun sind wir","to close the school soon, ""because now we are","om die skool binnekort te sluit, ""want nou is ons"
NL-UtHUA_A363596_1755,23,"selbst Obrigkeit, wißt ihr das? Auf dem","selbst Obrigkeit, wisst ihr das?“ Auf dem","Even the authorities, do you know that?” On the","Selfs die owerhede, weet jy dit?” Op die"
NL-UtHUA_A363596_1756,23,Wege hieher hättet ihm ein anderer Bauer,Wege hierher hätte ihm ein anderer Bauer,Another farmer would have found a way here for him.,’n Ander boer sou vir hom ’n pad hierheen gevind het.
NL-UtHUA_A363596_1757,23,"eben das gesagt. Auch hörten wir, daß","eben das gesagt. Auch hörten wir, dass",That's exactly what I said. We also heard that,Dis presies wat ek gesê het. Ons het dit ook gehoor.
NL-UtHUA_A363596_1758,23,die Empörer am 3ten Aug. in Schwellendam,die Empörer am 3. August in Schwellendam,the protesters in Schwellendam on August 3rd,die betogers in Schwellendam op 3 Augustus
NL-UtHUA_A363596_1760,23,eine,eine,one,een
NL-UtHUA_A363596_1761,23,"<pb n=""33b"" source=""NL-UtHUA_A363596_000033.jpg"" />","<pb n=""33b"" source=""NL-UtHUA_A363596_000033.jpg"" />","<pb n=""33b"" source=""NL-UtHUA_A363596_000033.jpg"" />","<pb n=""33b"" source=""NL-UtHUA_A363596_000033.jpg"" />"
NL-UtHUA_A363596_1762,23,eine Zusammenkunft halten wolten. d. 12te er⸗,eine Zusammenkunft halten wollten. Am 12. er⸗,They wanted to hold a meeting. On the 12th...,Hulle wou 'n vergadering hou. Op die 12de...
NL-UtHUA_A363596_1763,23,hielten wir einen Brief von Vater Schmidt,hielten wir einen Brief von Vater Schmidt,We held a letter from Father Schmidt,Ons het 'n brief van Vader Schmidt gehou
NL-UtHUA_A363596_1764,23,aus der Cap. Er klagte sehr über die betrübten,aus der Kap. Er klagte sehr über die betrübten,from the Cape. He complained greatly about the distressed,van die Kaap af. Hy het baie gekla oor die benoude
NL-UtHUA_A363596_1765,23,"Umstände, u. wünschte, daß er auch eine Zeit","Umstände und wünschte, dass er auch eine Zeit",circumstances and wished that he too would have a time,omstandighede en het gewens dat hy ook 'n tyd sou hê
NL-UtHUA_A363596_1766,23,"bey uns wäre. Bey uns werden die Leute, auch","bei uns wäre. Bei uns werden die Leute, auch",It would be the case with us.,Dit sou die geval met ons wees.
NL-UtHUA_A363596_1767,23,"die noch standhafft gewesen waren, durch die","die noch standhaft gewesen waren, durch die","who had still stood firm, through the","wat steeds standvastig gestaan het, deur die"
NL-UtHUA_A363596_1768,23,vielen Gerüchte u. Drohungen im̅er schwach.,vielen Gerüchte und Drohungen immer schwach.,Always weak due to many rumors and threats.,Altyd swak as gevolg van baie gerugte en dreigemente.
NL-UtHUA_A363596_1769,23,"jemand, gedachte viel vom flüchten; fragten","Jemand dachte viel vom Flüchten; sie fragten,","Someone thought a lot about fleeing; they asked,","Iemand het baie daaraan gedink om te vlug; hulle het gevra,"
NL-UtHUA_A363596_1770,24,"was wir machen wolten, u. wolten sich darnach","was wir machen wollten, und wollten sich danach","what we wanted to do, and wanted to do afterwards","wat ons wou doen, en daarna wou doen"
NL-UtHUA_A363596_1771,24,"richten. Wir mußten selbst gestehen, daß uns","richten. Wir mussten selbst gestehen, dass uns",We had to admit ourselves that we,Ons moes onsself erken dat ons
NL-UtHUA_A363596_1772,24,nicht wohl dabey ist. Einen Rath wusten wir,nicht wohl dabei ist. Einen Rat wussten wir,who wasn't comfortable with it. We didn't know what to do.,wat nie gemaklik daarmee was nie. Ons het nie geweet wat om te doen nie.
NL-UtHUA_A363596_1773,24,"nicht zu geben; sondern sagen ihnen, wenn es","nicht zu geben, sondern sagten ihnen, wenn es","not to give them, but told them if it","nie om hulle te gee nie, maar het vir hulle gesê as dit"
NL-UtHUA_A363596_1774,24,"ihnen zum flüchten wäre, so mögten sie im̅er","ihnen zum Flüchten wäre, so mochten sie immer","If it were for them to flee, they always liked","As dit vir hulle was om te vlug, het hulle altyd daarvan gehou"
NL-UtHUA_A363596_1775,24,"gehen; wir flüchteten noch nicht. Wenn sie sagen,","gehen; wir flüchteten noch nicht. Wenn sie sagten,","go; we haven't fled yet. If they said,","gaan; ons het nog nie gevlug nie. As hulle gesê het,"
NL-UtHUA_A363596_1776,24,"daß sie auch noch warten, u. dann mit uns ge⸗",dass sie auch noch warten und dann mit uns ge⸗,that they will wait and then come with us⸗,dat hulle sal wag en dan saam met ons kom⸗
NL-UtHUA_A363596_1777,24,"hen wollten; so sagen wir ihnen, daß wir ihnen","hen wollten, so sagten wir ihnen, dass wir ihnen","If they wanted to, we told them that we would help them.","As hulle wou, het ons vir hulle gesê dat ons hulle sou help."
NL-UtHUA_A363596_1778,24,alsdann nichts helfen können. David war ein paar Tage,alsdann nichts helfen können. David war ein paar Tage,nothing could be done to help. David was gone for a few days.,niks kon gedoen word om te help nie. Dawid was vir 'n paar dae weg.
NL-UtHUA_A363596_1779,24,"aus, u. kam am 14te wieder nach Hause. Er",aus und kam am 14. wieder nach Hause. Er,He left and came home on the 14th.,Hy het vertrek en op die 14de huis toe gekom.
NL-UtHUA_A363596_1780,24,"hatte gehört, daß die Empörer wieder auf","hatte gehört, dass die Empörer wieder auf",I had heard that the protesters were back at it again.,Ek het gehoor dat die betogers weer terug is.
NL-UtHUA_A363596_1781,24,"Schwellendam wären, u. auf Verstärkung",Schwellendam wären und auf Verstärkung,Threshold dams would be and on reinforcement,Drempeldamme sou wees en op versterking
NL-UtHUA_A363596_1782,24,"warteten, u. daß sie auch 300 Hottentotten",warteten und dass sie auch 300 Hottentotten,waited and that they also had 300 Hottentots,gewag het en dat hulle ook 300 Hottentotte gehad het
NL-UtHUA_A363596_1783,24,bey sich hätten. Wenn die anderen bey ihnen seyn,bei sich hätten. Wenn die anderen bei ihnen sein,would be with them if the others were with them.,sou by hulle wees as die ander by hulle was.
NL-UtHUA_A363596_1784,24,"würden, dann wollten sie kom̅en, u. uns und","würden, dann wollten sie kommen und uns und","If they would, then they wanted to come and us and","As hulle wou, dan wou hulle kom en ons en"
NL-UtHUA_A363596_1785,24,die Hottentotten todschießen. Aehnliche Nach⸗,die Hottentotten totschießen. Ähnliche Nach⸗,Shoot the Hottentots to death. Similar to this:,Skiet die Hottentotte dood. Soortgelyk aan hierdie:
NL-UtHUA_A363596_1786,24,richten hörten wir von allen Seiten her.,richten hörten wir von allen Seiten her.,"We heard ""justify"" from all sides.","Ons het ""regverdig"" van alle kante gehoor."
NL-UtHUA_A363596_1787,24,und,und,and,en
NL-UtHUA_A363596_1788,24,"<pb n=""34a"" source=""NL-UtHUA_A363596_000034.jpg"" />","<pb n=""34a"" source=""NL-UtHUA_A363596_000034.jpg"" />","<pb n=""34a"" source=""NL-UtHUA_A363596_000034.jpg"" />","<pb n=""34a"" bron=""NL-UtHUA_A363596_000034.jpg"" />"
NL-UtHUA_A363596_1789,24,"u. waren sehr bedenklich, was wir thun solten. Wir","und waren sehr bedenklich, was wir tun sollten. Wir",and were very concerned about what we should do. We,en was baie bekommerd oor wat ons moes doen. Ons
NL-UtHUA_A363596_1790,24,"resolvirten, daß die Brüder Marsveld u. Kühnel","resolvierten, dass die Brüder Marsveld und Kühnel",resolved that the brothers Marsveld and Kühnel,besluit dat die broers Marsveld en Kühnel
NL-UtHUA_A363596_1792,24,"morgen ausreiten solten, erstens zu Pieter Dohi,","morgen ausreiten sollten, erstens zu Pieter Dohi,","We should go riding tomorrow, firstly to Pieter Dohi,","Ons behoort môre te gaan perdry, eers na Pieter Dohi,"
NL-UtHUA_A363596_1793,24,"u. letzteren zu Gildenheis u. Mary, um etwas","und Letzteren zu Gildenheis und Mary, um etwas","and the latter to Gildenheis and Mary, to do something","en laasgenoemde aan Gildenheis en Mary, om iets te doen"
NL-UtHUA_A363596_1794,24,gewißes zu erfahren. Dieses geschahe am 15te.,Gewisses zu erfahren. Dies geschah am 15.,To learn something certain. This happened on the 15th.,Om iets sekers te leer. Dit het op die 15de gebeur.
NL-UtHUA_A363596_1795,24,Gegen Abend kam Br. Kühnel wieder nach Hause.,Gegen Abend kam Bruder Kühnel wieder nach Hause.,Brother Kühnel returned home in the evening.,Broer Kühnel het die aand huis toe gekom.
NL-UtHUA_A363596_1796,24,Bey beiden Bauren hatte man keine andere als,Bei beiden Bauern hatte man keine anderen als,Both farmers had no other options.,Beide boere het geen ander opsies gehad nie.
NL-UtHUA_A363596_1797,24,"betrübte Nachrichten, so wol von der Cap, als von","betrübte Nachrichten, sowohl von der Kap als auch von","Sad news, both from the Cape and from","Hartseer nuus, beide uit die Kaap en van"
NL-UtHUA_A363596_1798,24,den Bauren im Lande. Gestern war der 4te Bote,den Bauern im Lande. Gestern war der vierte Bote,to the farmers in the country. Yesterday was the fourth messenger.,aan die boere in die land. Gister was die vierde boodskapper.
NL-UtHUA_A363596_1799,24,der Regierung an die Empörer unverrichteter,der Regierung an die Empörer unverrichteter,the government to the protesters without having accomplished anything,die regering aan die betogers sonder om enigiets bereik te het
NL-UtHUA_A363596_1800,24,Sache zurück gegangen. Sie wolten bis das,Sache zurückgegangen. Sie wollten bis zum,Things have gone back on track. They wanted to go until...,Dinge het weer op koers gekom. Hulle wou gaan totdat...
NL-UtHUA_A363596_1801,24,"Vernd. Kuylen kommen, 2 Stunden von der Cap, vor⸗","Vernd. Kuylen kommen, zwei Stunden von der Kap, vor⸗","Vernd. Kuylen come, two hours from the Cape, before⸗","Vernd. Kuylen kom, twee uur van die Kaap af, voor⸗"
NL-UtHUA_A363596_1802,24,"dringen, u. dort erst unterhandeln. d. 16te zu",dringen und dort erst unterhandeln. Am 16. zu,press ahead and negotiate there first. On the 16th.,druk voort en onderhandel eers daar. Op die 16de.
NL-UtHUA_A363596_1803,24,Mittag kam auch Br. Marsveld wieder nach,Mittag kam auch Bruder Marsveld wieder nach,Brother Marsveld also arrived at noon.,Broer Marsveld het ook teen die middaguur opgedaag.
NL-UtHUA_A363596_1804,24,Hause. Er hatte bey Pieter Dohi nicht viel,Hause. Er hatte bei Pieter Dohi nicht viel,Home. He didn't have much with Pieter Dohi.,Huis toe. Hy het nie veel met Pieter Dohi gehad nie.
NL-UtHUA_A363596_1805,24,erfahren können; doch versprach derselbe im,erfahren können; doch versprach derselbe im,could learn; but he promised in,kon leer; maar hy het belowe in
NL-UtHUA_A363596_1806,24,"Nothfall unser Vieh zu sich zu nehmen, uns auch","Notfall unser Vieh zu sich zu nehmen, uns auch","In case of emergency, we need to take in our livestock, and ourselves as well.","In geval van nood moet ons ons vee, en ook onsself, inneem."
NL-UtHUA_A363596_1807,24,zur Flucht nach der Cap Pfaarde zu borgen. Da,zur Flucht nach der Kap Pferde zu borgen. Da,To borrow horses for the escape to the Cape. There,Om perde te leen vir die ontsnapping na die Kaap. Daar
NL-UtHUA_A363596_1808,24,viele von unsern Hottentotten gern flüchten,viele von unseren Hottentotten gern flüchten,many of our Hottentots like to flee,baie van ons Hottentotte hou daarvan om te vlug
NL-UtHUA_A363596_1809,24,"wolten, niemand aber den Anfang machen mögte,","wollten, niemand aber den Anfang machen mochte,","wanted to, but nobody wanted to make the first move.","wou, maar niemand wou die eerste skuif maak nie."
NL-UtHUA_A363596_1810,24,"sie sich auch schämten uns zu verlaßen, da wir","sie sich auch schämten, uns zu verlassen, da wir","They were also ashamed to leave us, since we","Hulle was ook skaam om ons te verlaat, aangesien ons"
NL-UtHUA_A363596_1811,24,doch um ihrentwillen da wären; so sagten,doch um ihretwillen da wären; so sagten,but they were there for her sake; so they said,maar hulle was daar om haar onthalwe; daarom het hulle gesê
NL-UtHUA_A363596_1812,24,"wir ihnen in der Versammlung, daß sie hierin","wir ihnen in der Versammlung, dass sie hierin",we told them in the assembly that they should in this,ons het hulle in die vergadering gesê dat hulle hierin moet
NL-UtHUA_A363596_1813,24,"ganz nach ihrem Herzen handeln, u. sich nicht",ganz nach ihrem Herzen handeln und sich nicht,act entirely according to their hearts and not,heeltemal volgens hul harte optree en nie
NL-UtHUA_A363596_1814,24,"nach uns richten solten, es solte keinem übel","nach uns richten sollten, es sollte keinem übel",They should follow our lead; it shouldn't hurt anyone.,Hulle moet ons voorbeeld volg; dit behoort niemand seer te maak nie.
NL-UtHUA_A363596_1815,24,genom̅en,genom̅en,taken,geneem
NL-UtHUA_A363596_1816,24,"<pb n=""34b"" source=""NL-UtHUA_A363596_000034.jpg"" />","<pb n=""34b"" source=""NL-UtHUA_A363596_000034.jpg"" />","<pb n=""34b"" source=""NL-UtHUA_A363596_000034.jpg"" />","<pb n=""34b"" source=""NL-UtHUA_A363596_000034.jpg"" />"
NL-UtHUA_A363596_1817,24,"genommen werden, wenn er uns jezt verließ.","genommen werden, wenn er uns jetzt verließ.",would be taken if he left us now.,sou geneem word as hy ons nou verlaat.
NL-UtHUA_A363596_1818,24,"Unsers Magdlein, welche bey uns im Dienste ist,","Unserem Mägdelein, welches bei uns im Dienste ist,","To our maid, who is in our service,","Aan ons diensmeisie, wat in ons diens is,"
NL-UtHUA_A363596_1819,24,"hatten wir es schon etliche Tage angesagt, daß","hatten wir es schon etliche Tage angesagt, dass",We had already announced it several days ago that,Ons het dit reeds 'n paar dae gelede aangekondig dat
NL-UtHUA_A363596_1820,24,sie sehr bange besorgt war; u. wir sagten ihr,sie sehr bange besorgt war; und wir sagten ihr,she was very anxiously worried; and we told her,sy was baie angstig bekommerd; en ons het haar vertel
NL-UtHUA_A363596_1821,24,"daher besonders, daß sie thun könnte, wie es ihr","daher besonders, dass sie tun könnte, wie es ihr",therefore especially that she could do as she sees fit,daarom veral dat sy kon doen soos sy goeddink
NL-UtHUA_A363596_1823,24,ums Herz wäre. Spät Abends kamen die Aña,ums Herz wäre. Spät abends kamen die Anna,"It would be about my heart. Late in the evening, Anna arrived.",Dit sou oor my hart gaan. Laat in die aand het Anna opgedaag.
NL-UtHUA_A363596_1824,24,"Maria, Elisabeth, Rahel, u. Magdalena mit","Maria, Elisabeth, Rahel und Magdalena mit","Mary, Elizabeth, Rachel and Magdalene with","Maria, Elisabet, Ragel en Magdalena met"
NL-UtHUA_A363596_1825,24,"einem alten Hottentotten zu uns, welche sich in","einem alten Hottentotten zu uns, welche sich in","an old Hottentot to us, who are in","'n ou Hottentot vir ons, wat in is"
NL-UtHUA_A363596_1826,24,"die Berge verkriechen wolten, weil sie sich das","die Berge verkriechen wollten, weil sie sich nachts",the mountains wanted to hide because they were at night,die berge wou wegkruip omdat hulle in die nag was
NL-UtHUA_A363596_1827,24,Nachts sehr fürchten. Sie kamen um Abschied,"sehr fürchteten. Sie kamen, um Abschied",They were very afraid. They came to say goodbye.,Hulle was baie bang. Hulle het gekom om totsiens te sê.
NL-UtHUA_A363596_1828,24,"zu nehmen, welches sehr beweglich anzusehen","zu nehmen, was sehr bewegend anzusehen","to take, which is very moving to watch","om te neem, wat baie roerend is om te aanskou"
NL-UtHUA_A363596_1829,24,"war, denn es war so finster, daß man keine Hand","war, denn es war so finster, dass man keine Hand","was, because it was so dark that one couldn't see a hand","was, want dit was so donker dat mens nie 'n hand kon sien nie"
NL-UtHUA_A363596_1830,24,vor den Augen sehen konnte. d. 17te ritt Br.,vor den Augen sehen konnte. Am 17. ritt Bruder,"could see before his eyes. On the 17th, Brother rode",kon voor sy oë sien. Op die 17de het Broer gery
NL-UtHUA_A363596_1831,24,"Kühnel zu Baas Teunis, ihm um einen Rath","Kühnel zu Baas Teunis, um ihn um einen Rat",Kühnel to Baas Teunis to ask him for advice,Kühnel na Baas Teunis om hom om raad te vra
NL-UtHUA_A363596_1832,24,in der Sache zu ersuchen. Dieser sagte: sogleich:,in der Sache zu ersuchen. Dieser sagte sogleich:,to request in this matter. He immediately said:,om in hierdie saak te versoek. Hy het dadelik gesê:
NL-UtHUA_A363596_1833,24,"„Es kann nicht schlechter aussehen, als es aussieht.“","„Es kann nicht schlechter aussehen, als es aussieht.“","""It can't look worse than it does.""","""Dit kan nie slegter lyk as wat dit lyk nie."""
NL-UtHUA_A363596_1834,24,"Er erzehlte, er hätte mit verschiedenen von den","Er erzählte, er hatte mit verschiedenen von den",He said he had spoken with several of them,Hy het gesê hy het met verskeie van hulle gepraat
NL-UtHUA_A363596_1835,24,"Empörern, die sich nun die Nationalen nennen,","Empörern, die sich nun die „Nationalen“ nennen,","The outraged, who now call themselves the ""Nationalists"",","Die verontwaardigdes, wat hulself nou die ""Nasionaliste"" noem,"
NL-UtHUA_A363596_1836,24,"gesprochen, und gefunden, daß sie verstaunlich aufge⸗","gesprochen und gefunden, dass sie erstaunlich aufge⸗",spoken and found that they are amazingly up⸗,gepraat en gevind dat hulle ongelooflik op is⸗
NL-UtHUA_A363596_1837,24,"bracht über die Schule sind, u. das darum,","bracht über die Schule sind, und das darum,","They were brought about school, and that's why,","Hulle is op skool gebring, en daarom,"
NL-UtHUA_A363596_1838,24,weil die Hottentotten darüber von ihnen weg⸗,weil die Hottentotten darüber von ihnen weg⸗,because the Hottentots moved away from them⸗,omdat die Hottentotte van hulle weggetrek het⸗
NL-UtHUA_A363596_1839,24,gingen. Sie sagen: Von wem sollen wir unsere,gingen. Sie sagen: „Von wem sollen wir unsere,went. They say: “From whom should we ask our,gegaan. Hulle sê: “Van wie moet ons ons vra
NL-UtHUA_A363596_1840,24,Arbeit gemacht bekommen? Denn Sclaven haben,Arbeit gemacht bekommen? Denn Sklaven haben,Have work done for you? Because slaves have,Is daar werk vir jou gedoen? Omdat slawe
NL-UtHUA_A363596_1841,24,wir nicht; die Hottentotten sind so lange unter,wir nicht; die Hottentotten sind so lange unter,We don't; the Hottentots have been under for so long,Ons doen nie; die Hottentotte is al so lank onder
NL-UtHUA_A363596_1842,24,"den Bauren gewesen, u. wurden nie gelehrt!",den Bauern gewesen und wurden nie gelehrt!,They were farmers and were never taught!,Hulle was boere en is nooit geleer nie!
NL-UtHUA_A363596_1843,24,warum,warum,Why,Hoekom
NL-UtHUA_A363596_1844,24,"<pb n=""35a"" source=""NL-UtHUA_A363596_000035.jpg"" />","<pb n=""35a"" source=""NL-UtHUA_A363596_000035.jpg"" />","<pb n=""35a"" source=""NL-UtHUA_A363596_000035.jpg"" />","<pb n=""35a"" source=""NL-UtHUA_A363596_000035.jpg"" />"
NL-UtHUA_A363596_1845,24,"warum sollen sie jezt gelehrt werden? ihr, die ihr","warum sollen sie jetzt gelehrt werden? Ihr, die ihr","Why should they be taught now? You, who","Waarom moet hulle nou geleer word? Jy, wie"
NL-UtHUA_A363596_1846,24,"am Fluß Sonderend wohnt, könnt Hottentotten","am Fluss Sonderend wohnt, könnt Hottentotten",Hottentots live by the river Sonderend,Hottentotte woon by die Sonderend-rivier
NL-UtHUA_A363596_1847,25,"bekom̅en, so viel ihr wollt, was sollen wir aber thun?","bekommen, so viel ihr wollt, was sollen wir aber tun?","You can have as much as you want, but what are we supposed to do?","Jy kan soveel hê as wat jy wil, maar wat moet ons doen?"
NL-UtHUA_A363596_1848,25,Warum kommen die Leute nicht in unsere Gegend?,Warum kommen die Leute nicht in unsere Gegend?,Why don't people come to our area?,Waarom kom mense nie na ons area nie?
NL-UtHUA_A363596_1849,25,"sie sollen es bey uns eben so gut haben, als anders⸗",Sie sollen es bei uns ebenso gut haben als anders⸗,They should have just as good a time with us as anywhere else.,Hulle behoort net so lekker by ons te wees as enige plek anders.
NL-UtHUA_A363596_1850,25,"wo!“ Sein Rath war demnach, daß wir allen","wo!“ Sein Rat war demnach, dass wir allen","""Where!"" His advice was therefore that we all","""Waar!"" Sy raad was dus dat ons almal"
NL-UtHUA_A363596_1851,25,"Hottentotten, die aus der Gegend von Schwellendam","Hottentotten, die aus der Gegend von Schwellendam","Hottentots, who came from the area of Schwellendam","Hottentotte, wat uit die omgewing van Schwellendam gekom het"
NL-UtHUA_A363596_1852,25,"zu uns gezogen wären, anweisen solten, wieder","zu uns gezogen wären, anweisen sollten, wieder",those who had moved to us should instruct us to return,"Diegene wat na ons toe verhuis het, moet ons opdrag gee om terug te keer"
NL-UtHUA_A363596_1853,25,an ihre Orte zurück zugehen; damit würden,an ihre Orte zurückzugehen; damit würden,to return to their places; that would,om na hul plekke terug te keer; dit sou
NL-UtHUA_A363596_1855,25,sich die Bauren zufrieden geben; geschähe das,sich die Bauern zufrieden geben; geschähe das,the farmers would be satisfied; if that were to happen,die boere sou tevrede wees; as dit sou gebeur
NL-UtHUA_A363596_1856,25,"nicht, so könnte ein großes Unglück geschehen.","nicht, so könnte ein großes Unglück geschehen.","If not, a great disaster could occur.","Indien nie, kan 'n groot ramp plaasvind."
NL-UtHUA_A363596_1857,25,"Er sagte: „Ich habe die Zeit her so viel ich konnte,","Er sagte: „Ich habe die ganze Zeit, so viel ich konnte,","He said: “I did as much as I could the whole time,","Hy het gesê: “Ek het die hele tyd soveel gedoen as wat ek kon,"
NL-UtHUA_A363596_1858,25,die Leute von da her zurück gehalten u. noch,die Leute von daher zurückgehalten und noch,"Therefore, people were held back and still",Daarom is mense teruggehou en steeds
NL-UtHUA_A363596_1859,25,"liegen auf dieser Seite des Wassers 53 Personen,","liegen auf dieser Seite des Wassers 53 Personen,","There are 53 people lying on this side of the water,","Daar lê 53 mense aan hierdie kant van die water,"
NL-UtHUA_A363596_1860,25,"denen ich es verboten habe, zu euch zu begehren.","denen ich es verboten habe, zu euch zu begehren.",whom I have forbidden to desire you.,vir wie ek verbied het om jou te begeer.
NL-UtHUA_A363596_1861,25,Ich kann sie nicht wieder zurück bringen; wenn,Ich kann sie nicht wieder zurückbringen; wenn,I can't bring them back; if,Ek kan hulle nie terugbring nie; as
NL-UtHUA_A363596_1862,25,"ihr es ihnen aber sagt, so werden sie gehen; denn","ihr es ihnen aber sagt, so werden sie gehen; denn","But if you tell them, they will go; for","Maar as jy hulle vertel, sal hulle gaan; want"
NL-UtHUA_A363596_1863,25,"ein Wort von euch gilt mehr, als zehen von",ein Wort von euch gilt mehr als zehn von,One word from you is worth more than ten from,Een woord van jou is meer werd as tien van jou
NL-UtHUA_A363596_1864,25,"mir. Den andern, welche in dieser Gegend ge⸗","mir. Den anderen, welche in dieser Gegend ge⸗","me. The others, who are in this area⸗","ek. Die ander, wat in hierdie area is⸗"
NL-UtHUA_A363596_1865,25,"hören, werden sie, wie ich glaube, nichts thun,","hören, werden sie, wie ich glaube, nichts tun,",I believe they will do nothing if they hear it.,Ek glo hulle sal niks doen as hulle dit hoor nie.
NL-UtHUA_A363596_1866,25,euch auch werden sie vermuthlich als dann in,euch auch werden sie vermutlich alsdann in,They will probably do the same to you then.,Dan sal hulle waarskynlik dieselfde met jou doen.
NL-UtHUA_A363596_1867,25,Ruhe lassen.“ Abends kam Br. Kühnel wieder,Ruhe lassen.“ Abends kam Bruder Kühnel wieder,"""Leave it alone."" Brother Kühnel came again in the evening.",“Los dit maar.” Broer Kühnel het weer in die aand gekom.
NL-UtHUA_A363596_1868,25,nach Hause. Der Rath des Baas Teunis,nach Hause. Der Rat des Baas Teunis,Home. The Council of Baas Teunis,Tuis. Die Raad van Baas Teunis
NL-UtHUA_A363596_1869,25,sezte uns in große Verlegenheit; wir dachten,setzte uns in große Verlegenheit; wir dachten,It put us in a very awkward position; we thought,Dit het ons in 'n baie ongemaklike posisie geplaas; ons het gedink
NL-UtHUA_A363596_1870,25,"vor dem Heiland darüber hin u. her, u. glaubten",vor dem Heiland darüber hin und her und glaubten,"before the Savior, they talked back and forth about it and believed","voor die Verlosser, het hulle daaroor gepraat en geglo"
NL-UtHUA_A363596_1871,25,endlich,endlich,finally,uiteindelik
NL-UtHUA_A363596_1872,25,"<pb n=""35b"" source=""NL-UtHUA_A363596_000035.jpg"" />","<pb n=""35b"" source=""NL-UtHUA_A363596_000035.jpg"" />","<pb n=""35b"" source=""NL-UtHUA_A363596_000035.jpg"" />","<pb n=""35b"" bron=""NL-UtHUA_A363596_000035.jpg"" />"
NL-UtHUA_A363596_1873,25,"endlich, daß es für die Zeit hier das ware Rath u.","endlich, dass es für die Zeit hier der wahre Rat und","Finally, that there is true advice here for the time being and","Laastens, dat daar vir eers ware raad hier is en"
NL-UtHUA_A363596_1874,25,"uns wirklich das beste sey. Aber denckt, liebe Ge⸗","uns wirklich das Beste sei. Aber denkt, liebe Ge⸗","That's truly what's best for us. But think, dear Ge⸗","Dis werklik wat die beste vir ons is. Maar dink, liewe Ge⸗"
NL-UtHUA_A363596_1875,25,schwister! wie uns dabey zu Muthe seyn mußte!,schwister! Wie uns dabei zumute sein musste!,Siblings! How we must have felt!,Broers en susters! Hoe moes ons gevoel het!
NL-UtHUA_A363596_1876,25,"So vielen Heilsbegierigen Menschen, bey denen","So vielen heilsbegierigen Menschen, bei denen","So many people seeking salvation, in whom","Soveel mense soek verlossing, in wie"
NL-UtHUA_A363596_1877,25,man die Arbeit des heil. Geistes aufs das aller,man die Arbeit des Heiligen Geistes auf das aller⸗,one can attribute the work of the Holy Spirit to the most important thing⸗,'n Mens kan die werk van die Heilige Gees toeskryf aan die belangrikste ding⸗
NL-UtHUA_A363596_1878,25,"mächtigste u. kräftigste spürte, die nicht genug","mächtigste und kräftigste spürte, die nicht genug","felt the most powerful and strongest, which was not enough","het die kragtigste en sterkste gevoel, wat nie genoeg was nie"
NL-UtHUA_A363596_1879,25,"vom Jesu Marter u. Tod hören können, u. gegen",vom Jesus Marter und Tod hören können und gegen,to hear about Jesus's martyrdom and death and against,om te hoor van Jesus se marteldood en dood en teen
NL-UtHUA_A363596_1880,25,alle harten Drohungen standhaften u. sagen:,alle harten Drohungen standhaft sind und sagen:,all harsh threats are steadfast and say:,alle harde dreigemente is standvastig en sê:
NL-UtHUA_A363596_1881,25,"es gehe auch wie es wolle, vom Gottes Wort","„Es gehe auch, wie es wolle, vom Gottes Wort","""It can also be done however it may, according to the word of God.""","""Dit kan ook gedoen word hoe dit ook al mag, volgens die woord van God."""
NL-UtHUA_A363596_1882,25,"laßen wir nicht ab - solchen Menschen zu sagen,","lassen wir nicht ab“ – solchen Menschen zu sagen,",“We will not give up” – saying this to such people,“Ons sal nie moed opgee nie” – om dit vir sulke mense te sê
NL-UtHUA_A363596_1883,25,daß sie fortgehen sollen; war uns etwas sehr,"dass sie fortgehen sollen, war uns etwas sehr",That they were supposed to leave was something very much to us.,"Dat hulle veronderstel was om te vertrek, was iets baie belangrik vir ons."
NL-UtHUA_A363596_1884,25,"schweres, es blutete uns darüber das Herze.","Schweres, es blutete uns darüber das Herz.","It was a heavy thing, it broke our hearts.","Dit was 'n swaar ding, dit het ons harte gebreek."
NL-UtHUA_A363596_1885,25,Dennoch schien es bey den ihnen drohenden Gefahren,Dennoch schien es bei den ihnen drohenden Gefahren,"Nevertheless, it seemed that despite the dangers threatening them,","Nietemin het dit gelyk of ten spyte van die gevare wat hulle bedreig het,"
NL-UtHUA_A363596_1886,25,nothwendig zu seyn; wir mußten uns über winden,notwendig zu sein; wir mussten uns überwinden,necessary; we had to overcome,nodig; ons moes oorkom
NL-UtHUA_A363596_1887,25,u. sie der Erbarmung Gottes empfehlen. Er sitzt,und sie der Erbarmung Gottes empfehlen. Er sitzt,and commend them to God's mercy. He sits,en beveel hulle aan God se genade aan. Hy sit
NL-UtHUA_A363596_1888,25,"ja noch im Regiment, u. kann auch diese Umstän⸗",ja noch im Regiment und kann auch diese Umstän⸗,"yes, still in the regiment and can also handle these circumstances⸗","ja, steeds in die regiment en kan ook hierdie omstandighede hanteer⸗"
NL-UtHUA_A363596_1889,25,"de wieder ändern. Wir beschloßen, die Schulen","de wieder ändern. Wir beschlossen, die Schulen",We decided to change the schools again.,Ons het besluit om weer van skool te verander.
NL-UtHUA_A363596_1890,25,"für die Zeit ganz auszusetzen, u. die Leute",für die Zeit ganz auszusetzen und die Leute,to suspend completely for that period and the people,om heeltemal op te skort vir daardie tydperk en die mense
NL-UtHUA_A363596_1891,25,"morgen früh zusammen zu berufen, u. ihnen unsern",morgen früh zusammenzurufen und ihnen unseren,to call them together tomorrow morning and give them our,om hulle môreoggend bymekaar te roep en vir hulle ons s’n te gee
NL-UtHUA_A363596_1892,25,Sinn zu sagen. Dieße Nacht hatte sich der,Sinn zu sagen. Diese Nacht hatte sich der,Meaning to say. That night the,Bedoel om te sê. Daardie nag die
NL-UtHUA_A363596_1893,25,größte Theil von den Weibern u. Kindern in,größte Teil von den Weibern und Kindern in,most of the women and children in,die meeste van die vroue en kinders in
NL-UtHUA_A363596_1894,25,"die Berge verborgen, aus Furcht in der Nacht","die Berge verborgen, aus Furcht, in der Nacht","The mountains were hidden, out of fear, in the night","Die berge was versteek, uit vrees, in die nag"
NL-UtHUA_A363596_1895,25,überfallen zu werden. Des Morgens früh sahe,überfallen zu werden. Des Morgens früh sah,to be attacked. Early in the morning I saw,om aangeval te word. Vroegoggend het ek gesien
NL-UtHUA_A363596_1896,25,man sie auf allen Seiten aus den Bergen her⸗,man sie auf allen Seiten aus den Bergen her⸗,one sees them from all sides out of the mountains⸗,mens sien hulle van alle kante uit die berge⸗
NL-UtHUA_A363596_1897,25,"vorkommen. Wir ließen sie rufen, u. bald","vorkommen. Wir ließen sie rufen, und bald","They would occur. We had them called, and soon","Hulle sou voorkom. Ons het hulle laat ontbied, en binnekort"
NL-UtHUA_A363596_1898,25,waren,waren,were,was
NL-UtHUA_A363596_1899,25,,,,
NL-UtHUA_A363596_1900,25,"<pb n=""36a"" source=""NL-UtHUA_A363596_000036.jpg"" />","<pb n=""36a"" source=""NL-UtHUA_A363596_000036.jpg"" />","<pb n=""36a"" source=""NL-UtHUA_A363596_000036.jpg"" />","<pb n=""36a"" bron=""NL-UtHUA_A363596_000036.jpg"" />"
NL-UtHUA_A363596_1901,25,morgen alle beyſammen. So würde ihnen die Sache ge=,morgen alle beisammen. So wurde ihnen die Sache gesagt.,Everyone will be together tomorrow. That's what they were told.,Almal sal môre bymekaar wees. Dis wat hulle meegedeel is.
NL-UtHUA_A363596_1902,25,ſagt. Was das für eine Bewegung unter ihnen,Was das für eine Bewegung unter ihnen,What kind of movement is this among them?,Watter soort beweging is dit onder hulle?
NL-UtHUA_A363596_1903,25,"gab, läßt ſich nicht beſchreiben; alles brach in ein","gab, lässt sich nicht beschreiben; alles brach in ein",What happened is indescribable; everything collapsed into a,Wat gebeur het is onbeskryflik; alles het ineengestort
NL-UtHUA_A363596_1904,25,lautes Weinen aus. Ohne eine Stunde darauf,lautes Weinen aus. Keine Stunde darauf,loud crying. Not even an hour later,harde gehuil. Nie eers 'n uur later nie
NL-UtHUA_A363596_1905,25,"kamen auf einmal 15, um Abſchied zu nehmen.","kamen auf einmal 15, um Abschied zu nehmen.","Suddenly, 15 people showed up to say goodbye.",Skielik het 15 mense opgedaag om totsiens te sê.
NL-UtHUA_A363596_1906,25,Ein Herz von Stein hätte ſich erbarmen mögen.,Ein Herz von Stein hätte sich erbarmen mögen.,A heart of stone might have felt pity.,'n Hart van klip sou dalk jammerte gevoel het.
NL-UtHUA_A363596_1907,25,Weiber u. Kinder weinten. Jämmerlich war der,Frauen und Kinder weinten. Jämmerlich war der,Women and children wept. It was pitiful.,Vroue en kinders het gehuil. Dit was jammerlik.
NL-UtHUA_A363596_1908,25,"Anblick von kleinen Kindern, die ganz nackend","Anblick von kleinen Kindern, die ganz nackt",Sight of small children who are completely naked,Die gesig van klein kinders wat heeltemal naak is
NL-UtHUA_A363596_1909,25,"auf den Rücken ihrer Mütter gebunden waren,","auf den Rücken ihrer Mütter gebunden waren,","were tied to their mothers' backs,","was aan hul moeders se rûe vasgebind,"
NL-UtHUA_A363596_1910,25,"noch dazu bey größter Kälte u. Regenwetter, zu","noch dazu bei größter Kälte und Regenwetter, zu","especially in the coldest and rainiest weather, to","veral in die koudste en reënerigste weer, om"
NL-UtHUA_A363596_1911,25,"einer Zeit, da alle Flüſſe ſo angeſchwollen ſind,","einer Zeit, da alle Flüsse so angeschwollen sind,","a time when all rivers were so swollen,","'n tyd toe alle riviere so geswel was,"
NL-UtHUA_A363596_1912,25,daß z. E. hier bey uns das Waſſer bis an den,dass zum Beispiel hier bei uns das Wasser bis an den,"that, for example, here with us the water reaches right up to the","dat, byvoorbeeld, hier by ons die water tot by die"
NL-UtHUA_A363596_1913,25,"halben Leib geht, u. weiter hin ab die Flüſſe","halben Leib geht, und weiter hinab die Flüsse","half the body goes, and further down the rivers","die helfte van die liggaam gaan, en verder af met die riviere"
NL-UtHUA_A363596_1914,25,noch tiefer. Andere kamen u. ſagten: Wie ſoll,noch tiefer. Andere kamen und sagten: Wie soll,even deeper. Others came and said: How should,selfs dieper. Ander het gekom en gesê: Hoe moet
NL-UtHUA_A363596_1915,25,"ich fortkommen? ich bin nicht geſund, u. habe kleine",ich fortkommen? Ich bin nicht gesund und habe kleine,How can I move forward? I'm not healthy and have small problems.,Hoe kan ek vorentoe beweeg? Ek is nie gesond nie en het klein probleempies.
NL-UtHUA_A363596_1916,25,"Kinder, die noch nicht laufen können, ich kann kaum","Kinder, die noch nicht laufen können, ich kann kaum","Children who can't walk yet, I can hardly","Kinders wat nog nie kan loop nie, ek kan skaars"
NL-UtHUA_A363596_1917,25,"gehen, wie ſoll ich ſie tragen. Solche u. andere,","gehen, wie soll ich sie tragen. Solche und andere,",How should I carry them? These and others.,Hoe moet ek hulle dra? Hierdie en ander.
NL-UtHUA_A363596_1918,25,"die wieder andere Schwierigkeiten hatten, kamen","die wieder andere Schwierigkeiten hatten, kamen",who had other difficulties came,"wat ander probleme gehad het, het gekom"
NL-UtHUA_A363596_1919,25,"u. baten um einen Rath, den wir ihnen nicht zu","und baten um einen Rat, den wir ihnen nicht zu","and asked for advice, which we could not give them.","en het om raad gevra, wat ons hulle nie kon gee nie."
NL-UtHUA_A363596_1920,25,"geben wußten. Wir wolten zählen, wie viele","geben wussten. Wir wollten zählen, wie viele",We knew how many to give.,Ons het geweet hoeveel om te gee.
NL-UtHUA_A363596_1921,25,"gleichgingen, u. zählten bis gegen 30; dem ver=","gleich gingen, und zählten bis gegen 30; dann vergaßen",They went straight away and counted until about 30; then they forgot,Hulle het dadelik gegaan en getel tot omtrent 30; toe het hulle vergeet
NL-UtHUA_A363596_1923,25,gaßen wir über Weh u. Wehmuth u. Betrüb=,wir über Weh und Wehmut und Betrübnis,"we talk about woe, melancholy, and sorrow","ons praat oor wee, melancholie en hartseer"
NL-UtHUA_A363596_1924,26,niß das weitere zählen. Denn das Abſchied nehmen,das weitere Zählen. Denn das Abschiednehmen,The further counting. Because saying goodbye.,Die verdere tel. Want totsiens sê.
NL-UtHUA_A363596_1925,26,"ging bis gegen Abend fort, u. wir können nicht","ging bis gegen Abend fort, und wir können nicht","went on until evening, and we can't","het tot die aand aangehou, en ons kon nie"
NL-UtHUA_A363596_1926,26,"ſagen, wie viele weggezogen ſind. Was dieſes","sagen, wie viele weggezogen sind. Was dieses",They say how many have moved away. What this means,Hulle sê hoeveel weggetrek het. Wat dit beteken
NL-UtHUA_A363596_1927,26,für,für,for,vir
NL-UtHUA_A363596_1928,26,"<pb n=""36b"" source=""NL-UtHUA_A363596_000036.jpg"" />","<pb n=""36b"" source=""NL-UtHUA_A363596_000036.jpg"" />","<pb n=""36b"" source=""NL-UtHUA_A363596_000036.jpg"" />","<pb n=""36b"" bron=""NL-UtHUA_A363596_000036.jpg"" />"
NL-UtHUA_A363596_1929,26,"für ein Tag für uns war, können wir nicht be=","für ein Tag für uns war, können wir nicht beschreiben;",We cannot describe what a day it was for us;,Ons kan nie beskryf wat 'n dag dit vir ons was nie;
NL-UtHUA_A363596_1930,26,ſchreiben; in unſerm Leben werden wir ihn nicht,in unserem Leben werden wir ihn nicht,We will not find him in our lives,Ons sal Hom nie in ons lewens vind nie
NL-UtHUA_A363596_1931,26,vergeſſen. Wir waren alle den d. ganzen Abend eine,vergessen. Wir wollten den ganzen Abend eine,forgot. We wanted to have a [something] all evening.,vergeet. Ons wou die hele aand iets hê.
NL-UtHUA_A363596_1932,26,"Verſammlung zu halten, u. ſetzten ſie heute aus.",Versammlung halten und setzten sie heute aus.,They held a meeting and suspended it today.,Hulle het 'n vergadering gehou en dit vandag opgeskort.
NL-UtHUA_A363596_1933,26,Abends beſchloſſen wir die Woche mit einem,Abends beschlossen wir die Woche mit einem,In the evening we ended the week with a,In die aand het ons die week afgesluit met 'n
NL-UtHUA_A363596_1934,26,"recht mächtigen Gebet auf den Knieen, baten den","recht mächtigen Gebet auf den Knien, baten den","a rather powerful prayer on his knees, they asked the","'n kragtige gebed op sy knieë, het hulle gevra die"
NL-UtHUA_A363596_1935,26,"Heiland aufs dringendſte um Hülfe, u. empfoh=",Heiland aufs Dringendste um Hilfe und empfahlen,Savior urgently asked for help and recommended,Verlosser het dringend om hulp gevra en aanbeveel
NL-UtHUA_A363596_1936,26,len Ihm dieſe arme Schwarze in Sein erbarmungs=,Ihm diese armen Schwarzen in Sein erbarmungsvolles,To Him these poor Black people in His merciful,Aan Hom hierdie arme Swart mense in Sy barmhartige
NL-UtHUA_A363596_1937,26,volles Herz. Wir hatten jezt mit einander das,Herz. Wir hatten jetzt miteinander das,Heart. We had just had the,Hart. Ons het so pas die
NL-UtHUA_A363596_1938,26,Diarium der Indianer=Gemeine von ihren Pila,Diarium der Indianergemeinde von ihren Pilagnefart,Diary of the Indian community of their pilgrimage,Dagboek van die Indiese gemeenskap van hul pelgrimstog
NL-UtHUA_A363596_1939,26,gnefart vom April bis Oct. 1792 mit dem größten,vom April bis Oktober 1792 mit dem größten,from April to October 1792 with the largest,van April tot Oktober 1792 met die grootste
NL-UtHUA_A363596_1940,26,Mitleiden u. Theilnahme geleſen. Doch iſt die,Mitleid und Anteilnahme gelesen. Doch ist die,I read expressions of pity and sympathy. But is the,Ek lees uitdrukkings van medelye en simpatie. Maar is die
NL-UtHUA_A363596_1941,26,"Lage, in welcher wir uns befinden, noch betrübter.","Lage, in welcher wir uns befinden, noch betrübter.",The situation we find ourselves in is even more distressing.,"Die situasie waarin ons ons bevind, is selfs meer ontstellend."
NL-UtHUA_A363596_1942,26,"Wenn die Indianer flüchten müßten, ſo haben","Wenn die Indianer flüchten müssten, so haben","If the Native Americans had to flee, then they would have","As die Inheemse Amerikaners moes vlug, dan sou hulle"
NL-UtHUA_A363596_1943,26,"ſie doch Plaz, wohin ſie gehen können; die","sie doch Platz, wohin sie gehen können; die",They have space where they can go;,Hulle het ruimte waarheen hulle kan gaan;
NL-UtHUA_A363596_1944,26,Hottentotten aber nicht. Die Indianer können,Hottentotten aber nicht. Die Indianer können,But not the Hottentots. The Native Americans can,Maar nie die Hottentotte nie. Die Inheemse Amerikaners kan
NL-UtHUA_A363596_1945,26,"beyſammen bleiben, u. ihren Lehrer bey ſich haben,","beisammen bleiben und ihren Lehrer bei sich haben,","stay together and have their teacher with them,","bymekaar bly en hul onderwyser by hulle hê,"
NL-UtHUA_A363596_1946,26,wir dürften aber nicht bey den Hottentotten,wir dürften aber nicht bei den Hottentotten,But we weren't allowed to go to the Hottentots.,Maar ons is nie toegelaat om na die Hottentotte te gaan nie.
NL-UtHUA_A363596_1947,26,ſeyn. Dieſe mögen gehen auf welche Seite,"sein. Diese mögen gehen, auf welche Seite","These may go, on which side","Hierdie mag gaan, aan watter kant"
NL-UtHUA_A363596_1948,26,"ſie auch wollen, ſo kommen ſie zu Bauern, welche","sie auch wollen, so kommen sie zu Bauern, welche","If they also want to, they go to farmers who","As hulle ook wil, gaan hulle na boere wat"
NL-UtHUA_A363596_1949,26,ſie zu Sclaven machen wollen. Die Indianer,sie zu Sklaven machen wollen. Die Indianer,they want to enslave the Indians.,hulle wil die Indiane verslaaf.
NL-UtHUA_A363596_1950,26,"können das wenige, was ſie haben, durch einen","können das Wenige, was sie haben, durch ein",can make the most of what little they have by...,kan die meeste maak van die bietjie wat hulle het deur...
NL-UtHUA_A363596_1951,26,Canoe weg bringen; die Hottentotten müßten,Kanu wegbringen; die Hottentotten müssten,Take the canoe away; the Hottentots would have to,Neem die kano weg; die Hottentotte sou moes
NL-UtHUA_A363596_1952,26,es auf den Rücken tragen. D. 19te Frühe,es auf den Rücken tragen. Am 19. früh,Carry it on your back. Early on the 19th.,Dra dit op jou rug. Vroeg op die 19de.
NL-UtHUA_A363596_1953,26,kamen unſere Getauften zur Litaney.,kamen unsere Getauften zur Litanei.,Our newly baptized joined us for the litany.,Ons pasgedoopte het by ons aangesluit vir die litanie.
NL-UtHUA_A363596_1954,26,Noch,Noch,Still,Nog steeds
NL-UtHUA_A363596_1955,26,"<pb n=""37a"" source=""NL-UtHUA_A363596_000037.jpg"" />","<pb n=""37a"" source=""NL-UtHUA_A363596_000037.jpg"" />","<pb n=""37a"" source=""NL-UtHUA_A363596_000037.jpg"" />","<pb n=""37a"" source=""NL-UtHUA_A363596_000037.jpg"" />"
NL-UtHUA_A363596_1956,26,"Noch iſt keines von ihnen weggezogen, obgleich","ist keines von ihnen weggezogen, obgleich","None of them have moved away, although","Nie een van hulle het weggetrek nie, alhoewel"
NL-UtHUA_A363596_1957,26,auch von ihnen einige in die Gegend von Swel=,auch von ihnen einige in die Gegend von Swellendam,Some of them also went to the area around Swellendam.,Sommige van hulle het ook na die gebied rondom Swellendam gegaan.
NL-UtHUA_A363596_1958,26,lendam gehören. Wir glaubten jezt für Predigt,gehören. Wir glaubten jetzt für die Predigt,belong. We now believed for the sermon,behoort. Ons het nou geglo vir die preek
NL-UtHUA_A363596_1959,26,"Plaz genug zu haben, da geſtern ſo viele","Platz genug zu haben, da gestern so viele","to have enough space, since there were so many yesterday","om genoeg spasie te hê, aangesien daar gister so baie was"
NL-UtHUA_A363596_1960,26,"weggezogen waren; aber Stübe, Vorhaus u.","weggezogen waren; aber Stube, Vorhaus und","had moved away; but the parlor, vestibule and","het weggetrek; maar die sitkamer, voorportaal en"
NL-UtHUA_A363596_1961,26,Küche waren wieder ganz angefüllt. Es,Küche waren wieder ganz angefüllt. Es,The kitchens were completely full again.,Die kombuise was weer heeltemal vol.
NL-UtHUA_A363596_1962,26,"haben mehr Leute hier gewohnt, als wir","haben mehr Leute hier gewohnt, als wir",More people lived here than we did.,Meer mense het hier gewoon as ons.
NL-UtHUA_A363596_1963,26,"ſelbſt gewußt haben. Denn wir ſahen wol,","selbst gewusst haben. Denn wir sahen wohl,","We knew it ourselves. Because we probably saw,","Ons het dit self geweet. Want ons het waarskynlik gesien,"
NL-UtHUA_A363596_1964,26,"daß das Haus immer voll wird; diejenigen aber,","dass das Haus immer voll wird; diejenigen aber,","that the house is always full; but those,","dat die huis altyd vol is; maar dié,"
NL-UtHUA_A363596_1965,26,"die draußen stehen mußten, konnten wir nicht","die draußen stehen mussten, konnten wir nicht","those who had to stand outside, we couldn't","diegene wat buite moes staan, ons kon nie"
NL-UtHUA_A363596_1966,26,ſehen. D. 20te bekamen wir einen Brief,sehen. Am 20. bekamen wir einen Brief,We saw it. On the 20th we received a letter.,Ons het dit gesien. Op die 20ste het ons 'n brief ontvang.
NL-UtHUA_A363596_1967,26,"von dem Hrn Teunis. Er meldete uns, daß","von Herrn Teunis. Er meldete uns, dass",from Mr. Teunis. He informed us that,van mnr. Teunis. Hy het ons meegedeel dat
NL-UtHUA_A363596_1968,26,geſtern ein Commando von den Nationalen,gestern ein Kommando von den Nationalen,yesterday a commando from the Nationals,gister 'n kommando van die Nationals
NL-UtHUA_A363596_1969,26,bey dem Hrn Lind geweſen; wenn wir dahin,bei Herrn Lind gewesen; wenn wir dahin,We've been to Mr. Lind's; if we go there,Ons was al by mnr. Lind; as ons daarheen gaan
NL-UtHUA_A363596_1970,26,"reiten wolten, ſo könnten wir vielleicht","reiten wollten, so könnten wir vielleicht","If we wanted to ride, perhaps we could","As ons wou ry, kon ons dalk"
NL-UtHUA_A363596_1971,26,etwas wegen der Schule erfahren; denn es ſey,etwas wegen der Schule erfahren; denn es sei,I learned something about the school; because it was,Ek het iets oor die skool geleer; want dit was
NL-UtHUA_A363596_1972,26,"ein Aufſatz geleſen worden, der bey der Re=","ein Aufsatz gelesen worden, der bei der Regierung",An essay was read that was submitted to the government.,'n Opstel is voorgelees wat aan die regering voorgelê is.
NL-UtHUA_A363596_1973,26,"gierung eingeben werden ſolle, u. darin","eingegeben werden solle, und darin","should be entered, and therein","moet ingevoer word, en daarin"
NL-UtHUA_A363596_1974,26,ſtünde etwas von der Schule. D. 21te begab,stünde etwas von der Schule. Am 21. begab,"There would be something about the school. On the 21st, he went",Daar sou iets omtrent die skool wees. Op die 21ste het hy gegaan
NL-UtHUA_A363596_1975,26,"ſich Br. Kühnel dahin, u. fand, daß das Gerücht","sich Bruder Kühnel dahin und fand, dass das Gerücht",Brother Kühnel went there and found that the rumor,Broer Kühnel het daarheen gegaan en gevind dat die gerug
NL-UtHUA_A363596_1976,26,"uns betrübend, ohngefähr ſo gelautet hatte:","uns betrübend, ungefähr so gelautet hatte:","Saddeningly, it had sounded something like this:",Ongelukkig het dit so geklink:
NL-UtHUA_A363596_1977,26,"„Es müßte keine Gerechtigkeit da ſeyn, um die","„Es müsste keine Gerechtigkeit da sein, um die","""There would have to be no justice involved in order for the","""Daar sou geen geregtigheid betrokke hoef te wees om die"
NL-UtHUA_A363596_1978,26,Hottentotten zu lehren; denn da es ſo viele Chriſten,Hottentotten zu lehren; denn da es so viele Christen,to teach Hottentots; for there are so many Christians,om Hottentotte te leer; want daar is so baie Christene
NL-UtHUA_A363596_1979,26,"giebt, die nicht gelehrt werden, ſo müßten","gibt, die nicht gelehrt werden, so müssten","There are those that are not taught, so they would have to","Daar is diegene wat nie geleer word nie, so hulle sal moet"
NL-UtHUA_A363596_1980,26,"die Hottentotten auch nicht gelehrt werden,","die Hottentotten auch nicht gelehrt werden,","the Hottentots were not taught either,","die Hottentotte is ook nie geleer nie,"
NL-UtHUA_A363596_1981,26,ſondern,sondern,rather,eerder
NL-UtHUA_A363596_1982,26,"<pb n=""37b"" source=""NL-UtHUA_A363596_000037.jpg"" />","<pb n=""37b"" source=""NL-UtHUA_A363596_000037.jpg"" />","<pb n=""37b"" source=""NL-UtHUA_A363596_000037.jpg"" />","<pb n=""37b"" source=""NL-UtHUA_A363596_000037.jpg"" />"
NL-UtHUA_A363596_1983,26,"ſondern ſo bleiben, wie ſie geweſen ſind. Diejenigen","sondern so bleiben, wie sie gewesen sind. Diejenigen,","but remain as they have been. Those,","maar bly soos hulle was. Daardie,"
NL-UtHUA_A363596_1984,26,"die auf dem Gebiert eines Bauern geboren ſind,","die auf dem Gebiet eines Bauern geboren sind,","who were born on a farmer's land,","wat op 'n boer se grond gebore is,"
NL-UtHUA_A363596_1985,26,"müßten darauf bleiben, u. ihm unentgeldlich",müssten darauf bleiben und ihm unentgeltlich,would have to stay there and give him free of charge,sou daar moes bly en hom gratis gee
NL-UtHUA_A363596_1986,26,"dienen, bis ſie 25 Jahre alt ſind; nachher ſollen","dienen, bis sie 25 Jahre alt sind; nachher sollen",serve until they are 25 years old; afterwards they should,dien totdat hulle 25 jaar oud is; daarna moet hulle
NL-UtHUA_A363596_1987,26,ſie für Lohn dienen. Die Hottentotten müßten,sie für Lohn dienen. Die Hottentotten müssten,they serve for wages. The Hottentots would have to,hulle dien vir lone. Die Hottentotte sou moes
NL-UtHUA_A363596_1988,26,"unter den Bauern wohnen, u. nicht ſo beyſammen",unter den Bauern wohnen und nicht so beisammen,living among the farmers and not so close together,woon tussen die boere en nie so naby aan mekaar nie
NL-UtHUA_A363596_1989,26,"wie in Bavianſkloof. Die Buſchmänner, die","wie in Baviaanskloof. Die Buschmänner, die","like in Baviaanskloof. The Bushmen, the","soos in Baviaanskloof. Die Boesmans, die"
NL-UtHUA_A363596_1990,26,"wir fangen, müßten Zeit Lebens Sclaven","wir fangen, müssten zeitlebens Sklaven","We start, we would have to be slaves for life.","As ons begin, sou ons lewenslank slawe moes wees."
NL-UtHUA_A363596_1992,26,bleiben. Ferner: Die Gefangenen gebraucht,"bleiben. Ferner: Die Gefangenen, die gebraucht werden,","stay. Furthermore: The prisoners who are needed,","bly. Verder: Die gevangenes wat benodig word,"
NL-UtHUA_A363596_1993,26,"ſollen unter dieſe Hottentotten kommen,","sollen unter diese Hottentotten kommen,",are to be brought under these Hottentots,moet onder hierdie Hottentotte gebring word
NL-UtHUA_A363596_1994,26,ſondage unter die Buſchmänner – u. was,und die Sondage unter die Buschmänner – und was,and the sounding among the Bushmen – and what,en die geklank onder die Boesmans – en wat
NL-UtHUA_A363596_1995,26,"dergleichen Dinge mehr ſind, die man im","dergleichen Dinge mehr sind, die man im",such things are more than one can find in,sulke dinge is meer as wat 'n mens kan vind in
NL-UtHUA_A363596_1996,26,Namen der Freyheit u. Gleichheit ausgemacht,Namen der Freiheit und Gleichheit ausgemacht,Names of freedom and equality identified,Name van vryheid en gelykheid geïdentifiseer
NL-UtHUA_A363596_1997,26,hätte. Die Leute ſagten: Das was geleſen,"hätte. Die Leute sagten: Das, was gelesen",would have. People said: That which I read,sou hê. Mense het gesê: Dit wat ek gelees het
NL-UtHUA_A363596_1998,26,"iſt, geht alles noch an; aber nicht das Dritte","ist, geht alles noch an; aber nicht das dritte",Everything is still possible; but not the third one.,Alles is steeds moontlik; maar nie die derde een nie.
NL-UtHUA_A363596_1999,26,Theil iſt uns geleſen worden; u. wir haben,Teil ist uns gelesen worden; und wir haben,Part of it has been read to us; and we have,'n Deel daarvan is vir ons voorgelees; en ons het
NL-UtHUA_A363596_2000,27,"es müßen unterſchreiben, denn das Leben iſt","es müssen unterschreiben, denn das Leben ist","They have to sign, because life is","Hulle moet teken, want die lewe is"
NL-UtHUA_A363596_2001,27,einem doch lieb. Es ſollen ſchon 3000 Menſchen,einem doch lieb. Es sollen schon 3000 Menschen,"One does like it, though. Apparently, 3000 people have already been there.",’n Mens hou wel daarvan. Blykbaar was 3000 mense al daar.
NL-UtHUA_A363596_2002,27,unterſchrieben haben. Sie wolten von der Com=,unterschrieben haben. Sie wollten von der Kompanie,They had signed. They wanted to be signed by the company.,Hulle het geteken. Hulle wou deur die maatskappy geteken word.
NL-UtHUA_A363596_2003,27,"pagnie nichts mehr wiſſen, u. wollen ſich die",nichts mehr wissen und wollen sich den,They no longer know anything and want to...,Hulle weet niks meer nie en wil...
NL-UtHUA_A363596_2004,27,Engländer auch wiederſetzen. Br. Kühnel,Engländern auch widersetzen. Bruder Kühnel,also oppose the English. Brother Kühnel,staan ook die Engelse teë. Broer Kühnel
NL-UtHUA_A363596_2005,27,"ritt zurück bis zu Baas Teunis, wo er","ritt zurück bis zu Baas Teunis, wo er","rode back to Baas Teunis, where he","teruggery na Baas Teunis, waar hy"
NL-UtHUA_A363596_2006,27,"über Nacht blieb. Dieſer erzählte ihm, daß","über Nacht blieb. Dieser erzählte ihm, dass",stayed overnight. He told him that,oornag gebly. Hy het hom vertel dat
NL-UtHUA_A363596_2007,27,neulich ein Commando von 25 Mann auf,neulich ein Kommando von 25 Mann auf,"Recently, a commando of 25 men went on",Onlangs het 'n kommando van 25 mans opgetrek
NL-UtHUA_A363596_2008,27,"dem Wege zu uns geweſen wäre, um der","dem Wege zu uns gewesen wäre, um der","the way to us would have been, in order to","die pad na ons toe sou gewees het, om"
NL-UtHUA_A363596_2009,27,Schule,Schule,School,Skool
NL-UtHUA_A363596_2010,27,"<pb n=""38a"" source=""NL-UtHUA_A363596_000038.jpg"" />","<pb n=""38a"" source=""NL-UtHUA_A363596_000038.jpg"" />","<pb n=""38a"" source=""NL-UtHUA_A363596_000038.jpg"" />","<pb n=""38a"" bron=""NL-UtHUA_A363596_000038.jpg"" />"
NL-UtHUA_A363596_2011,27,Schule ein Ende zu machen. Dieſem Commando,Schule ein Ende zu machen. Diesem Kommando,To put an end to school. This command,Om 'n einde aan skool te maak. Hierdie bevel
NL-UtHUA_A363596_2012,27,"iſt Holzhäuſer begegnet, welcher von der Re=","ist Holzhäuser begegnet, welcher von der Regierung","has encountered wooden houses, which are owned by the government","het houthuise teëgekom, wat deur die regering besit word"
NL-UtHUA_A363596_2013,27,gierung an die Fuhr von geſchickt worden war;,an die Fuhr geschickt worden war;,had been sent to the wagon;,was na die wa gestuur;
NL-UtHUA_A363596_2014,27,"u. weil ſie nun wieder Büchſe hatten, kehrten","und weil sie nun wieder Büchsen hatten, kehrten","And because they now had cans again, they returned","En omdat hulle nou weer blikkies gehad het, het hulle teruggekeer"
NL-UtHUA_A363596_2015,27,"ſie wieder um; übrigens ſagten ſie zu ihm, daß","sie wieder um; übrigens sagten sie zu ihm, dass","They turned around again; incidentally, they told him that","Hulle het weer omgedraai; terloops, hulle het hom vertel dat"
NL-UtHUA_A363596_2016,27,"die Schule zu Ende gehen müßte, weil Schelmen","die Schule zu Ende gehen müsste, weil Schelme",school would have to end because of rascals,skool sou moes eindig as gevolg van skelms
NL-UtHUA_A363596_2017,27,u. Spitzbuben ſich da aufhielten. D. 22te gegen,und Spitzbuben sich da aufhielten. Am 22. gegen,"and scoundrels were hanging around there. On the 22nd, against","en skurke het daar rondgehang. Op die 22ste, teen"
NL-UtHUA_A363596_2018,27,"Abend kam Br. Kühnel wieder nach Hauſe, und",Abend kam Bruder Kühnel wieder nach Hause und,Brother Kühnel came home that evening and,Broer Kühnel het daardie aand huis toe gekom en
NL-UtHUA_A363596_2019,27,brachte uns keine erfreuliche Nachricht. D. 24te,brachte uns keine erfreuliche Nachricht. Am 24.,It brought us no good news. On the 24th.,Dit het ons geen goeie nuus gebring nie. Op die 24ste.
NL-UtHUA_A363596_2020,27,früh erhielten wir einen Brief von Pieter,früh erhielten wir einen Brief von Pieter,We received a letter from Pieter early in the morning,Ons het vroegoggend 'n brief van Pieter ontvang.
NL-UtHUA_A363596_2021,27,"Dohi, welcher uns ſeinen Wunſch meldete, mit","Dohi, welcher uns seinen Wunsch meldete, mit","Dohi, who informed us of his wish to join","Dohi, wat ons meegedeel het dat hy wil aansluit"
NL-UtHUA_A363596_2022,27,"jemandem von uns über Sachen zu ſprechen, die","jemandem von uns über Sachen zu sprechen, die",talking to one of us about things that,met een van ons praat oor dinge wat
NL-UtHUA_A363596_2023,27,man bey den jetzigen Umſtänden nicht wohl,man bei den jetzigen Umständen nicht wohl,One does not feel well under the current circumstances.,’n Mens voel nie goed onder die huidige omstandighede nie.
NL-UtHUA_A363596_2024,27,ſchreiben könne. Br. Schwinn begab ſich dahin.,schreiben könne. Bruder Schwinn begab sich dahin.,could write. Brother Schwinn went there.,kon skryf. Broer Schwinn het soontoe gegaan.
NL-UtHUA_A363596_2025,27,Auch hier waren einige von den Nationalen ge=,"Auch hier waren einige von den Nationalen gewesen,","Some of the Nationalists had also been here,","Sommige van die Nasionaliste was ook hier,"
NL-UtHUA_A363596_2027,27,"weſen, welche gleich angefangen hatten, von den","welche gleich angefangen hatten, von den","which had started immediately, from the","wat onmiddellik begin het, van die"
NL-UtHUA_A363596_2028,27,"Hottentotten zu ſprechen, u. geſagt hatten:",Hottentotten zu sprechen und gesagt hatten:,to speak to Hottentots and had said:,om met Hottentotte te praat en het gesê:
NL-UtHUA_A363596_2029,27,Warum ſchikt die Compagnie Lehrer für die,Warum schickt die Kompanie Lehrer für die,Why is the company sending teachers for the,Waarom stuur die maatskappy onderwysers vir die
NL-UtHUA_A363596_2030,27,"Hottentotten, u. nicht auch Schulmeiſter für unſere",Hottentotten und nicht auch Schulmeister für unsere,Hottentots and not also schoolmasters for our,Hottentotte en nie ook skoolmeesters vir ons nie
NL-UtHUA_A363596_2031,27,"Kinder? Pieter Dohi wußte, ſie zu beſänfti=","Kinder? Pieter Dohi wusste, sie zu besänftigen,",Children? Pieter Dohi knew how to calm them down.,Kinders? Pieter Dohi het geweet hoe om hulle te kalmeer.
NL-UtHUA_A363596_2032,27,"gen, indem er ihnen ſagte: „Die Compagnie hat",indem er ihnen sagte: „Die Kompanie hat,by telling them: “The company has,deur vir hulle te sê: “Die maatskappy het
NL-UtHUA_A363596_2033,27,"die Herrn Huter nicht geſchickt, ſondern ihre Brüder","die Herren Huter nicht geschickt, sondern ihre Brüder","The Huter gentlemen were not sent, but their brothers","Die Huter-here is nie gestuur nie, maar hul broers"
NL-UtHUA_A363596_2034,27,"haben es gethan, die Compagnie gibt ihnen","haben es getan, die Kompanie gibt ihnen","have done it, the company gives them","dit gedoen het, die maatskappy gee hulle"
NL-UtHUA_A363596_2035,27,"nichts, ſondern ſie müßen alles von ihren Brüdern","nichts, sondern sie müssen alles von ihren Brüdern","nothing, but they must get everything from their brothers","niks, maar hulle moet alles van hul broers kry"
NL-UtHUA_A363596_2036,27,"bekommen. u.ſ.w. Er gab noch alles bey Beſchwerden,","bekommen.“ U.s.w. Er gab noch alles bei Beschwerden,","received."" Etc. He still gave his all when complaints arose,","ontvang."" Ens. Hy het steeds alles gegee toe klagtes ontstaan het,"
NL-UtHUA_A363596_2037,27,welches,welches,which,watter
NL-UtHUA_A363596_2038,27,"<pb n=""38b"" source=""NL-UtHUA_A363596_000038.jpg"" />","<pb n=""38b"" source=""NL-UtHUA_A363596_000038.jpg"" />","<pb n=""38b"" source=""NL-UtHUA_A363596_000038.jpg"" />","<pb n=""38b"" bron=""NL-UtHUA_A363596_000038.jpg"" />"
NL-UtHUA_A363596_2039,27,"welches alles anzuführen, zu weitläuftig wäre.","welches alles anzuführen, zu weitläufig wäre.",Listing them all would be too extensive.,Om hulle almal op te lys sou te uitgebreid wees.
NL-UtHUA_A363596_2040,27,"Uebrigens meinte Pieter Dohi, daß es auch or=","Übrigens meinte Pieter Dohi, dass es auch ordentliche","Incidentally, Pieter Dohi said that there are also decent ones.","Terloops, Pieter Dohi het gesê dat daar ook ordentlikes is."
NL-UtHUA_A363596_2041,27,"dentliche Menſchen unter ihnen gebe, nur wären ſie","Menschen unter ihnen gebe, nur wären sie","There are people among them, but they would be","Daar is mense onder hulle, maar hulle sou wees"
NL-UtHUA_A363596_2042,27,jezt noch ſehr eingenommen; es könnte ſich manches än=,"jetzt noch sehr eingenommen; es könnte sich manches ändern,","Still very much intrigued; things could change,","Nog steeds baie nuuskierig; dinge kan verander,"
NL-UtHUA_A363596_2043,27,"dern, u. wir würden vielleicht noch ganz wohl",und wir würden vielleicht noch ganz wohl,and we would perhaps still be quite well,en ons sal dalk nog heel goed wees
NL-UtHUA_A363596_2044,27,"durchkommen. D. 25te hielten wir für gut, das Heil.","durchkommen. Am 25. hielten wir es für gut, das Heilige","to get through. On the 25th, we thought it good to celebrate the Holy",om deur te kom. Op die 25ste het ons gedink dit is goed om die Heilige
NL-UtHUA_A363596_2045,27,Abmahl für uns allein zu halten. Heute ſchrieben,Abendmahl für uns allein zu halten. Heute schrieben,To hold communion for ourselves alone. Today we wrote,Om nagmaal vir onsself alleen te hou. Vandag het ons geskryf
NL-UtHUA_A363596_2046,27,"wir verſchiedene Briefe nach der Cap an gute Freunde,","wir verschiedene Briefe nach Kapstadt an gute Freunde,","we sent various letters to good friends in Cape Town,","Ons het verskeie briewe aan goeie vriende in Kaapstad gestuur,"
NL-UtHUA_A363596_2047,27,"weil wir gehört hatten, daß einige von ihnen","weil wir gehört hatten, dass einige von ihnen",because we had heard that some of them,want ons het gehoor dat sommige van hulle
NL-UtHUA_A363596_2048,27,mit dem Commandanten der Nationalen in,mit dem Kommandanten der Nationalen in,with the commander of the National in,met die bevelvoerder van die Nasionale in
NL-UtHUA_A363596_2049,27,Briefwechſel ſtehen. Pieter Dohi übernahm die,Briefwechsel stehen. Pieter Dohi übernahm die,Correspondence is ongoing. Pieter Dohi took over the,Korrespondensie duur voort. Pieter Dohi het die oorname oorgeneem
NL-UtHUA_A363596_2050,27,Briefe zu beſorgen. D. 29te gegen Abend ſahen,Briefe zu besorgen. Am 29. gegen Abend sahen,"To get letters. On the 29th, towards evening, we saw","Om briewe te kry. Op die 29ste, teen die aand, het ons gesien"
NL-UtHUA_A363596_2051,27,wir 2 Reiter auf uns zu kommen. Es waren,wir zwei Reiter auf uns zukommen. Es waren,We two riders were approaching us. There were,Ons twee ruiters het ons genader. Daar was
NL-UtHUA_A363596_2052,27,"Holzhäuſer u. Hendr. Welkſel, alſo doch wenig=","Holzhäuser und Hendr. Welksel, also doch wenigstens","Wooden houses and Hendr. Welksel, so at least...","Houthuise en Hendr. Welksel, so ten minste..."
NL-UtHUA_A363596_2053,27,"ſtens gute Freunde, ſo daß wir nicht bange waren.","gute Freunde, sodass wir nicht bange waren.","good friends, so we weren't afraid.","goeie vriende, so ons was nie bang nie."
NL-UtHUA_A363596_2054,27,"Als ſie zu uns ins Haus kamen, waren ſie","Als sie zu uns ins Haus kamen, waren sie","When they came to our house, they were","Toe hulle by ons huis aankom, was hulle"
NL-UtHUA_A363596_2055,27,Anfangs ganz ſtille. Auf die Frage: was gibt,anfangs ganz still. Auf die Frage: Was gibt,"Initially, very quiet. Then, to the question: What's there?","Aanvanklik baie stil. Dan, op die vraag: Wat is daar?"
NL-UtHUA_A363596_2056,27,es guts neues? ſagte Holzhäuſer: „Nicht viel,es Gutes Neues? sagte Holzhäuser: „Nicht viel,Is it a good new year? Holzhäuser said: “Not much,Is dit 'n goeie nuwe jaar? Holzhäuser het gesê: “Nie veel nie
NL-UtHUA_A363596_2057,27,"gutes, wir bringen eine Ordre vom Comman=","Gutes, wir bringen eine Order vom Kommandanten","Good, we're bringing an order from the commander.","Goed, ons bring 'n bevel van die bevelvoerder."
NL-UtHUA_A363596_2059,27,"danten Biſani; ihnen anzukündigen, daß ſie","Bisani; ihnen anzukündigen, dass sie",Bisani; to announce to them that they,Bisani; om aan hulle aan te kondig dat hulle
NL-UtHUA_A363596_2060,27,"binnen 3 Tagen dieſen Platz verlaſſen, und",binnen drei Tagen diesen Platz verlassen und,leave this place within three days and,verlaat hierdie plek binne drie dae en
NL-UtHUA_A363596_2061,27,"entweder nach der Cap, oder auf einen",entweder nach Kapstadt oder auf einen,either to Cape Town or to a,óf na Kaapstad óf na 'n
NL-UtHUA_A363596_2062,27,"Bürgerplatz ziehen müßten, ſonſt haben ſie","Bürgerplatz ziehen müssten, sonst haben sie","They would have to move to Bürgerplatz, otherwise they","Hulle sou na Bürgerplatz moes trek, anders sou hulle"
NL-UtHUA_A363596_2063,27,ſchlechte Folgen zu erwarten. Was uns dieſes,schlechte Folgen zu erwarten.“ Was uns dieses,"""To expect bad consequences."" What this tells us","""Om slegte gevolge te verwag."" Wat dit vir ons sê"
NL-UtHUA_A363596_2064,27,"für ein Schlag ins Herz war, können wir nicht","für ein Schlag ins Herz war, können wir nicht","For a blow to the heart, we cannot",Vir 'n hartklop kan ons nie
NL-UtHUA_A363596_2065,27,beſchreiben.,beschreiben.,describe.,beskryf.
NL-UtHUA_A363596_2066,27,"<pb n=""39a"" source=""NL-UtHUA_A363596_000039.jpg"" />","<pb n=""39a"" source=""NL-UtHUA_A363596_000039.jpg"" />","<pb n=""39a"" source=""NL-UtHUA_A363596_000039.jpg"" />","<pb n=""39a"" source=""NL-UtHUA_A363596_000039.jpg"" />"
NL-UtHUA_A363596_2067,27,"beſchreiben. Wir fragten, warum, u. was wir gethan","beschreiben. Wir fragten, warum und was wir getan",describe. We asked why and what we did.,beskryf. Ons het gevra hoekom en wat ons gedoen het.
NL-UtHUA_A363596_2068,27,"hätten? Er ſagte, er wußte weiter nichts anzuzei=","hätten? Er sagte, er wusste weiter nichts anzuzeigen;",would have? He said he knew nothing else to indicate;,sou hê? Hy het gesê hy weet niks anders om aan te dui nie;
NL-UtHUA_A363596_2069,27,gen; es ſey ein Com̅ando von 8 Mann zu ihnen,es sei ein Kommando von acht Mann zu ihnen,There was a commando unit of eight men sent to them.,Daar is 'n kommando-eenheid van agt mans na hulle gestuur.
NL-UtHUA_A363596_2070,27,"gekommen, mit dem Befehl, dieſe Ordre uns zu","gekommen, mit dem Befehl, diese Order uns zu",arrived with the order to give us this order,aangekom met die bevel om ons hierdie bevel te gee
NL-UtHUA_A363596_2071,27,übergeben. Dieſer Commandant Biſani geht mit,übergeben. Dieser Kommandant Bisani geht mit,handed over. This commander Bisani goes with,oorhandig. Hierdie bevelvoerder Bisani gaan saam
NL-UtHUA_A363596_2072,27,800 Mann hinter den Bergen herum nach Kaffer,800 Mann hinter den Bergen herum nach Kafferland,800 men around behind the mountains to Kafferland,800 mans rondom agter die berge na Kafferland
NL-UtHUA_A363596_2073,27,"Land zu, u. ſo weiter nach der Cap. Wir wußten",zu und so weiter nach Kapstadt. Wir wussten,to and so on to Cape Town. We knew,na en so aan na Kaapstad. Ons het geweet
NL-UtHUA_A363596_2074,27,"in der Geſchwindigkeit nicht, was wir thun ſolten,","in der Geschwindigkeit nicht, was wir tun sollten",not at the speed we should be doing,nie teen die spoed wat ons behoort te doen nie
NL-UtHUA_A363596_2075,27,"u. wohin wir unſere Sachen bringen könnten,","und wohin wir unsere Sachen bringen könnten,","and where we could take our things,","en waarheen ons ons goed kon neem,"
NL-UtHUA_A363596_2076,27,auch wegen des anwachſenden Waſſers. Br.,auch wegen des anwachsenden Wassers. Bruder,also because of the rising water. Brother,ook as gevolg van die stygende water. Broer
NL-UtHUA_A363596_2077,28,Kühnel ritt noch dieſe Nacht zu Baas Teu=,Kühnel ritt noch diese Nacht zu Baas Teunis;,Kühnel rode to Baas Teunis that same night;,Kühnel het daardie selfde nag na Baas Teunis gery;
NL-UtHUA_A363596_2078,28,nis; u. dieſer ſagte: „Ich weiß in dieſen Um=,und dieser sagte: „Ich weiß in diesen Umständen,and he said: “I know in these circumstances,en hy het gesê: “Ek weet in hierdie omstandighede
NL-UtHUA_A363596_2079,28,"ſtänden nichts zu rathen, als die Ordre zu be=","nichts zu raten, als die Order zu befolgen;",There is nothing to advise but to follow the order;,Daar is niks anders om aan te raai as om die bevel te volg nie;
NL-UtHUA_A363596_2080,28,folgen; Gewalt geht vor Recht; nur ſteht alle,Gewalt geht vor Recht; nur steht alle,Violities over law; only all,Oortredings oor die wet; slegs alle
NL-UtHUA_A363596_2081,28,Tage daſſelbe Geſindel bevor. Was aber ihre,Tage dasselbe Gesindel bevor. Was aber ihre,"Days before, the same rabble. But what their","Dae tevore, dieselfde gepeupel. Maar wat hulle"
NL-UtHUA_A363596_2082,28,"Sachen betrift, ſo will ich morgen einen Wagen","Sachen betrifft, so will ich morgen einen Wagen","As far as things are concerned, I want a car tomorrow.","Wat dinge betref, wil ek môre 'n motor hê."
NL-UtHUA_A363596_2083,28,"ſchicken, um ſie zu mir zu nehmen; ich weiß nicht","schicken, um sie zu mir zu nehmen; ich weiß nicht,","send them to take them to me; I don't know,","stuur hulle om hulle na my toe te neem; ek weet nie,"
NL-UtHUA_A363596_2084,28,"wie mir es gehen wird, aber wo meine Sachen","wie es mir gehen wird, aber wo meine Sachen","how I will be, but where my things are","hoe ek sal wees, maar waar my goed is"
NL-UtHUA_A363596_2085,28,"bleiben, da ſollen auch die ihrigen bleiben.","bleiben, da sollen auch die ihrigen bleiben.“","""They should stay there, and their families should stay there too.""","""Hulle moet daar bly, en hul families moet ook daar bly."""
NL-UtHUA_A363596_2086,28,Hier bey uns wurde die Sache unter den Hotten=,Hier bei uns wurde die Sache unter den Hottentotten,"Here among us, the matter was discussed among the Hottentots.",Hier onder ons is die saak onder die Hottentotte bespreek.
NL-UtHUA_A363596_2087,28,totten bald bekannt. Groß u. Klein kamen u.,bald bekannt. Groß und Klein kamen und,soon to be known. Young and old came and,binnekort bekend. Jonk en oud het gekom en
NL-UtHUA_A363596_2088,28,"weinten, wenn uns auch behülflich bey im","weinten, wenn uns auch behilflich beim","cried, even though they were helping us with","het gehuil, al het hulle ons gehelp"
NL-UtHUA_A363596_2089,28,auf räumen. Jene Zeit des Aufruhrs hatten,Aufräumen. Jene Zeit des Aufruhrs hatten,Cleaning up. That time of upheaval had,Skoonmaak. Daardie tyd van omwenteling het
NL-UtHUA_A363596_2090,28,"ſie 12 Wagen ſtehen, welchen ſie mit Eimern","sie zwölf Wagen stehen, welche sie mit Eimern","There are twelve wagons standing there, which they have filled with buckets.",Daar staan twaalf waens wat hulle met emmers gevul het.
NL-UtHUA_A363596_2091,28,über den Fluß zu ziehen ſuchten. Wer einen,über den Fluss zu ziehen suchten. Wer einen,who sought to cross the river.,wat die rivier wou oorsteek.
NL-UtHUA_A363596_2092,28,Ochſen,Ochsen,Oxen,Osse
NL-UtHUA_A363596_2093,28,"<pb n=""39b"" source=""NL-UtHUA_A363596_000039.jpg"" />","<pb n=""39b"" source=""NL-UtHUA_A363596_000039.jpg"" />","<pb n=""39b"" source=""NL-UtHUA_A363596_000039.jpg"" />","<pb n=""39b"" source=""NL-UtHUA_A363596_000039.jpg"" />"
NL-UtHUA_A363596_2094,28,"Ochſen hatte, ſchirrte ihn gleich herbei. Noch in der Nacht","Ochsen hatte, schirrte ihn gleich herbei. Noch in der Nacht",He had oxen and harnessed them over immediately. That very night.,Hy het osse gehad en hulle dadelik ingespan. Daardie selfde nag.
NL-UtHUA_A363596_2095,28,"kam Br. Kühnel zurück, u. wir packten ein, was","kam Bruder Kühnel zurück, und wir packten ein, was","Brother Kühnel came back, and we packed what","Broer Kühnel het teruggekom, en ons het gepak wat"
NL-UtHUA_A363596_2096,28,wir konnten. Am 30te kam auch der Wagen von,wir konnten. Am 30. kam auch der Wagen von,"We were able to. On the 30th, the car from [company name] also arrived.",Ons kon. Op die 30ste het die motor van [maatskappynaam] ook opgedaag.
NL-UtHUA_A363596_2097,28,Baas Teunis. Auf den hieſigen Wagen kam nicht,Baas Teunis. Auf den hiesigen Wagen konnte nicht,Baas Teunis. It was not possible to use the local wagons.,Baas Teunis. Dit was nie moontlik om die plaaslike waens te gebruik nie.
NL-UtHUA_A363596_2098,28,viel geladen werden; doch hätten wir ihrer jezt,viel geladen werden; doch hätten wir ihrer jetzt,They are loaded with many things; but we would have had them now,Hulle is vol dinge gelaai; maar ons sou hulle nou gehad het
NL-UtHUA_A363596_2099,28,drey. Den ganzen Tag lagen die Hottentotten,drei. Den ganzen Tag lagen die Hottentotten,three. The Hottentots lay there all day.,drie. Die Hottentotte het die hele dag daar gelê.
NL-UtHUA_A363596_2100,28,"um unſer Haus herum, u. des Jammers u. Weinens","um unser Haus herum, und des Jammers und Weinens","around our house, and of sorrow and weeping","rondom ons huis, en van hartseer en geween"
NL-UtHUA_A363596_2101,28,war kein Ende. Gegen Abend lieſſen wir ſie alle,war kein Ende. Gegen Abend ließen wir sie alle,There was no end to it. Towards evening we let them all go.,Daar was geen einde daaraan nie. Teen die aand het ons hulle almal laat gaan.
NL-UtHUA_A363596_2102,28,vor unſerm Hauſe zuſammen kommen; denn im,vor unserem Hause zusammenkommen; denn im,gather in front of our house; for in,vergader voor ons huis; want in
NL-UtHUA_A363596_2103,28,Hauſe hätten ſie nicht Platz gehabt. Von Nach=,Hause hätten sie nicht Platz gehabt. Von Nachmahl,They wouldn't have had room at home. (Afternoon meal),Hulle sou nie plek by die huis gehad het nie. (Middagmaal)
NL-UtHUA_A363596_2104,28,mahl konnte nicht viel geredet werden; ſie wurden,konnte nicht viel geredet werden; sie wurden,There wasn't much talking; they were,Daar was nie veel gepraat nie; hulle was
NL-UtHUA_A363596_2105,28,"alſo mit wenig Worten ermahnt, an das fleißig","also mit wenig Worten ermahnt, an das fleißig","so, with few words, he reminded himself of the diligence","so, met min woorde, het hy homself herinner aan die ywer"
NL-UtHUA_A363596_2106,28,"zu denken, was ſie hier gehört hätten. Dann","zu denken, was sie hier gehört hätten. Dann",to think what they had heard here. Then,om te dink wat hulle hier gehoor het. Toe
NL-UtHUA_A363596_2107,28,that Bruder Kühnel noch ein Gebet auf den,tat Bruder Kühnel noch ein Gebet auf den,Brother Kühnel said another prayer on the,Broer Kühnel het nog 'n gebed gedoen op die
NL-UtHUA_A363596_2108,28,"Knieen, und ſo legten wir für dieſe Zeit zum","Knien, und so legten wir für diese Zeit zum","Kneeling, and so we laid down for this time","Knielend, en so het ons vir hierdie keer gaan lê"
NL-UtHUA_A363596_2109,28,letztenmal mit dieſen Schwarzen vor dem An=,letzten Mal mit diesen Schwarzen vor dem Angesicht,last time with these black people in front of me,laaste keer met hierdie swart mense voor my
NL-UtHUA_A363596_2110,28,geſichte Jeſu; welcher herrlich angefleht,Jesu; welcher herrlich angefleht,Jesus; who gloriously implored,Jesus; wat heerlik gesmeek het
NL-UtHUA_A363596_2111,28,"wurde, ſie nicht zu verlaſſen u. zu verſäumen,","wurde, sie nicht zu verlassen und zu versäumen,","was, not to leave them and to miss out,","was, om hulle nie te verlaat en te mis nie,"
NL-UtHUA_A363596_2112,28,"ſondern ſich ihrer zu erbarmen, u. ſie einer",sondern sich ihrer zu erbarmen und sie einer,but to take pity on them and give them one,maar om hulle jammer te kry en hulle een te gee
NL-UtHUA_A363596_2113,28,"Zeit aus dieſer Noth zu erlöſen. Die Rührung,","Zeit aus dieser Not zu erlösen. Die Rührung,","Time to deliver them from this distress. The emotion,","Tyd om hulle uit hierdie nood te verlos. Die emosie,"
NL-UtHUA_A363596_2114,28,"die bey dieſer Gelegenheit gewirkt wurde,","die bei dieser Gelegenheit gewirkt wurde,","which was done on this occasion,","wat by hierdie geleentheid gedoen is,"
NL-UtHUA_A363596_2115,28,hat Gott ohne Zweifel gezählt; Menſchen,hat Gott ohne Zweifel gezählt; Menschen,God has undoubtedly counted; people,God het ongetwyfeld getel; mense
NL-UtHUA_A363596_2116,28,hätten ſie nicht zählen können. D. 31 fund,hätten sie nicht zählen können. Am 31. setzten,"They couldn't have counted. On the 31st, they set",Hulle kon nie getel het nie. Op die 31ste het hulle vertrek
NL-UtHUA_A363596_2117,28,ſetzten die Wagen mit unſern Sachen zu Baas,die Wagen mit unseren Sachen zu Baas,the wagons with our things to Baas,die waens met ons goed na Baas
NL-UtHUA_A363596_2118,28,"Teunis. Zu unſerer Reiſe, u. um das nöthigſte",Teunis. Zu unserer Reise und um das Nötigste,Teunis. Regarding our trip and the essentials,Teunis. Aangaande ons reis en die noodsaaklikhede
NL-UtHUA_A363596_2119,28,an,an,to,om
NL-UtHUA_A363596_2120,28,"<pb n=""40a"" source=""NL-UtHUA_A363596_000040.jpg"" />","<pb n=""40a"" source=""NL-UtHUA_A363596_000040.jpg"" />","<pb n=""40a"" source=""NL-UtHUA_A363596_000040.jpg"" />","<pb n=""40a"" bron=""NL-UtHUA_A363596_000040.jpg"" />"
NL-UtHUA_A363596_2121,28,"an Wäſche u.ſ.w. fortzubringen, nahmen wir","an Wäsche u.s.w. fortzubringen, nahmen wir","To transport laundry, etc., we took","Om wasgoed, ens. te vervoer, het ons geneem"
NL-UtHUA_A363596_2122,28,unſern Wagen. Zwar von uns wolten reiten.,unseren Wagen. Zwar wollten einige von uns reiten.,our car. Although some of us wanted to go horseback riding.,ons motor. Alhoewel sommige van ons wou perdry.
NL-UtHUA_A363596_2123,28,Die Hottentotten brachten 20 Ochſen für uns,Die Hottentotten brachten 20 Ochsen für uns,The Hottentots brought 20 oxen for us.,Die Hottentotte het 20 osse vir ons gebring.
NL-UtHUA_A363596_2124,28,"zuſammen, von denen 10 vorgeſpannt wurden,","zusammen, von denen 10 vorgespannt wurden","together, of which 10 were pre-tensioned","saam, waarvan 10 voorgespanne was"
NL-UtHUA_A363596_2125,28,"u. 10 leer vorausgingen, um ſowohl zu wech=","und 10 leer vorausgingen, um wechseln zu","and 10 empty spaces preceded it, in order to switch to","en 10 leë spasies het dit voorafgegaan, om oor te skakel na"
NL-UtHUA_A363596_2126,28,ſeln. Gleich früh waren wieder alle Hottentotten,können. Gleich früh waren wieder alle Hottentotten,"They could. Early on, all the Hottentots were there again.",Hulle kon. Vroeg reeds was al die Hottentotte weer daar.
NL-UtHUA_A363596_2128,28,vor unſerm Hauſe verſamlet. Viele wolten,vor unserem Hause versammelt. Viele wollten,Gathered in front of our house. Many wanted,Voor ons huis bymekaargekom. Baie wou
NL-UtHUA_A363596_2129,28,"mit uns ziehen, u. wir hatten viel zu thun,","mit uns ziehen, und wir hatten viel zu tun,","move with us, and we had a lot to do,","trek saam met ons, en ons het baie gehad om te doen,"
NL-UtHUA_A363596_2130,28,es ihnen auszurreden. Sie ſagten: „Wir ſind,es ihnen auszureden. Sie sagten: „Wir sind,to talk them out of it. They said: “We are,om hulle daarvan af te praat. Hulle het gesê: “Ons is
NL-UtHUA_A363596_2131,28,"Schuld daran, daß es unſern Lehrern ſo geht, wir ſind","schuld daran, dass es unseren Lehrern so geht, wir sind",We are to blame for the way our teachers are doing.,Ons is te blameer vir die manier waarop ons onderwysers optree.
NL-UtHUA_A363596_2132,28,nicht dankbar u. gehorſam genug geweſen; u.,nicht dankbar und gehorsam genug gewesen; und,not grateful and obedient enough; and,nie dankbaar en gehoorsaam genoeg nie; en
NL-UtHUA_A363596_2133,28,darum werden ſie uns genommen; ach Gott! vergib,darum werden sie uns genommen; ach Gott! vergib,Therefore they are taken from us; oh God! forgive us.,Daarom is hulle van ons weggeneem; o God! vergeef ons.
NL-UtHUA_A363596_2134,28,uns unſer Sünde!“ Einigen Getauften trugen,uns unsere Sünde!“ Einigen Getauften trugen,“Our sins are borne to us!” Some baptized people carried this message.,“Ons sondes word vir ons gedra!” Sommige gedoopte mense het hierdie boodskap oorgedra.
NL-UtHUA_A363596_2135,28,"wir auf, in unſerm Hauſe zu bleiben, u. auf den","wir auf, in unserem Hause zu bleiben und auf den","we, to stay in our house and on the","ons, om in ons huis te bly en op die"
NL-UtHUA_A363596_2136,28,Garten Achtung zu geben. So verließen wir,Garten Acht zu geben. So verließen wir,To be careful in the garden. So we left.,Om versigtig te wees in die tuin. So het ons vertrek.
NL-UtHUA_A363596_2137,28,"unſere Gemeine u. Hoffnungsvolles Schulwerk, unter","unsere Gemeinde und hoffnungsvolles Schulwerk, unter","our community and hopeful school system, under","ons gemeenskap en hoopvolle skoolstelsel, onder"
NL-UtHUA_A363596_2138,28,viel 1000 Thränen von beiden Seiten. Viele,viel tausend Tränen von beiden Seiten. Viele,Many thousands of tears from both sides. Many,Duisende trane van beide kante. Baie
NL-UtHUA_A363596_2139,28,liefen uns eine Stunde weit nach Sonntag behör=,"liefen uns eine Stunde weit nach, bis zum Sonntag behördigen Kreuz.","They followed us for an hour, until we reached the official cross on Sunday.","Hulle het ons 'n uur lank gevolg, totdat ons Sondag by die amptelike kruis gekom het."
NL-UtHUA_A363596_2140,28,"digen Kreuz geſehn. Es wird ein Tag für uns,",der unbeschrieben bleibt. Doch bei allem Schmerz,which remains unwritten. But despite all the pain,wat ongeskrewe bly. Maar ten spyte van al die pyn
NL-UtHUA_A363596_2141,28,der unbeſchrieben bleibt. Doch bey allem Schmerz,"trösteten wir uns, dass wir voll Glauben und",We comforted ourselves with the thought that we were full of faith and,Ons het onsself getroos met die gedagte dat ons vol geloof was en
NL-UtHUA_A363596_2142,28,"tröſten wir ſagen, daß wir voll Glauben u.","Zuversicht waren, dass der Heiland Sein",There was confidence that the Savior was His,Daar was vertroue dat die Verlosser Syne was
NL-UtHUA_A363596_2143,28,"Zuverſicht waren, daß der Heiland Seines","angefangenes Werk noch vollenden wird, und","will complete the work he has begun, and","sal die werk voltooi wat hy begin het, en"
NL-UtHUA_A363596_2144,28,"angefangenes Werk noch vollenden wird, u.","zwar so, dass Er Ruhm und Ehre davon haben",in such a way that he may gain fame and glory from it.,op so 'n manier dat hy daaruit roem en glorie kan verkry.
NL-UtHUA_A363596_2145,28,"zwar ſo, daß Er Ruhm u. Ehre davon haben","soll. Die Losung am 29. Juli, da wir","The motto for July 29th, since we","Die leuse vir 29 Julie, aangesien ons"
NL-UtHUA_A363596_2146,28,"ſoll. Die Loſung am 29te July, da wir",die,the,die
NL-UtHUA_A363596_2147,28,die,,,
NL-UtHUA_A363596_2148,28,"<pb n=""40b"" source=""NL-UtHUA_A363596_000040.jpg"" />","<pb n=""40b"" source=""NL-UtHUA_A363596_000040.jpg"" />","<pb n=""40b"" source=""NL-UtHUA_A363596_000040.jpg"" />","<pb n=""40b"" bron=""NL-UtHUA_A363596_000040.jpg"" />"
NL-UtHUA_A363596_2149,28,"die Ordre zum fortziehen bekamen, hieß: „Er hat","die Order zum Fortziehen bekamen, hieß: „Er hat","The order to leave was given, it said: “He has","Die bevel om te vertrek is gegee, dit het gesê: “Hy het"
NL-UtHUA_A363596_2150,28,"ein Gedächtniß geſtiftet Seiner Wundern, der gnä=","ein Gedächtnis gestiftet Seiner Wunder, der gnädige","He established a memory of His miracles, the gracious one.","Hy het 'n herinnering aan Sy wonderwerke gevestig, die genadige een."
NL-UtHUA_A363596_2151,28,dige u. barmherzige Herr“; u. der Text: „Ich,und barmherzige Herr“; und der Text: „Ich,and merciful Lord”; and the text: “I,en barmhartige Here”; en die teks: “Ek
NL-UtHUA_A363596_2152,28,"bin Chriſtus, der Sohn des Hochgelobten. u. ihr","bin Christus, der Sohn des Hochgelobten. Und ihr","I am Christ, the Son of the Blessed One. And her","Ek is Christus, die Seun van die Geseënde Een. En haar"
NL-UtHUA_A363596_2153,29,werdet ſehen des Menſchen Sohn ſitzen zu rechten,werdet sehen des Menschen Sohn sitzen zur rechten,You will see the Son of Man seated at the right hand.,Julle sal die Seun van die Mens aan die regterhand sien sit.
NL-UtHUA_A363596_2154,29,"Hand der Kraft, u. kommen in des Himmels Wolken.“",Hand der Kraft und kommen in des Himmels Wolken.“,"""Hand of power and come in the clouds of heaven.""","""Hand van mag en kom in die wolke van die hemel."""
NL-UtHUA_A363596_2155,29,Am 30te da wir unſern Abſchied mit dem Mahle,"Am 30., da wir unseren Abschied mit dem Mahl","On the 30th, when we said our goodbyes with the meal","Op die 30ste, toe ons met die ete totsiens gesê het"
NL-UtHUA_A363596_2156,29,"machten, war die Loſung: „Ich will das Um=","machten, war die Losung: „Ich will das Umgekommene",The slogan was: “I want to make the dead,Die slagspreuk was: “Ek wil die dooies maak
NL-UtHUA_A363596_2157,29,"korene wieder ſuchen, u. das Verirrte wieder",wieder suchen und das Verirrte wieder,search again and find the lost one again,soek weer en vind die verlore een weer
NL-UtHUA_A363596_2158,29,"bringen, u. das Verwundete verbinden, u. das",bringen und das Verwundete verbinden und das,bring and bandage the wounded and the,bring en verbind die gewondes en die
NL-UtHUA_A363596_2159,29,"Geſchwache weiden, u. will ihrer pflegen, wie","Geschwächte weiden und will ihrer pflegen, wie","Weakened ones graze and want to care for them, like","Verswaktes wei en wil vir hulle sorg, soos"
NL-UtHUA_A363596_2160,29,"es recht iſt,“ -- u. Der Text: „Der Herr hat",es recht ist.“ Und der Text: „Der Herr hat,"""It is right."" And the text: ""The Lord has","""Dit is reg."" En die teks: ""Die Here het"
NL-UtHUA_A363596_2161,29,geſagt zu meinem Herrn: ſetze Dich zu meiner,gesagt zu meinem Herrn: Setze Dich zu meiner,I said to my Lord: Sit with me,Ek het vir my Here gesê: Sit by my
NL-UtHUA_A363596_2162,29,"Rechten, bis daß ich lege Deinen Feinde zum","Rechten, bis dass ich lege Deine Feinde zum","Right, until I lay thy enemies to rest","Reg, totdat ek jou vyande tot rus bring"
NL-UtHUA_A363596_2163,29,"Schemel Deiner Füße.“ Und an dem Tage, da","Schemel Deiner Füße.“ Und an dem Tage, da","""Stool of your feet."" And on the day when","""'n Stoel van julle voete."" En op die dag wanneer"
NL-UtHUA_A363596_2164,29,"wir los gingen, die Loſung: „Ich will, dir Ruhe","wir losgingen, die Losung: „Ich will dir Ruhe","as we set off, the motto: “I want to give you peace","terwyl ons vertrek, die leuse: ""Ek wil jou vrede gee"
NL-UtHUA_A363596_2165,29,geben von allen Deinen Feinden“; u. der Text:,geben von allen Deinen Feinden“; und der Text:,"""give from all your enemies""; and the text:","""gee van al jou vyande""; en die teks:"
NL-UtHUA_A363596_2166,29,"Ich bin Jeſus, den du verfolgeſt – Du wirſt mich","„Ich bin Jesus, den du verfolgst – Du wirst mir","“I am Jesus, whom you persecute – You will give me","“Ek is Jesus, wat jy vervolg – Jy sal My gee"
NL-UtHUA_A363596_2167,29,"Beyſtehen wieder alles Feinde, wenn du ein Wort","beistehen wider alle Feinde, wenn du ein Wort","stand by us against all enemies, if you give a word","staan by ons teen al ons vyande, as u 'n woord gee"
NL-UtHUA_A363596_2168,29,"ſprichſt, von dem ſie bald Freunde u. mußten Wehr","sprichst, von dem sie bald Freunde und mussten Wehr",You're talking about the one who soon became friends and had to defend themselves.,Jy praat van die een wat gou vriende geword het en hulself moes verdedig.
NL-UtHUA_A363596_2169,29,u. Waffen niederlegen.“ Wir fuhren Heute bis,und Waffen niederlegen.“ Wir fuhren heute bis,and lay down our weapons.” We drove today until,en lê ons wapens neer.” Ons het vandag gery tot
NL-UtHUA_A363596_2170,29,"zu Pieter Dohi, der über dieſen Vorfall ganz","zu Pieter Dohi, der über diesen Vorfall ganz","to Pieter Dohi, who is completely unaware of this incident","aan Pieter Dohi, wat heeltemal onbewus is van hierdie voorval"
NL-UtHUA_A363596_2171,29,"erſtaunt war, Er bewirtet derweilen unſere",erstaunt war. Er bewirtete derweilen unsere,"was surprised. Meanwhile, he entertained our",was verbaas. Intussen het hy ons vermaak
NL-UtHUA_A363596_2172,29,Milch. Hier bot uns eine Hottentottin ihren Wagen,Milch. Hier bot uns eine Hottentottin ihren Wagen,Milk. Here a Hottentot woman offered us her cart,Melk. Hier het 'n Hottentot-vrou ons haar karretjie aangebied.
NL-UtHUA_A363596_2173,29,"ſtatt unſers Karrers an, den wir auch annahmen.","statt unseres Karrens an, den wir auch annahmen.","instead of our cart, which we also accepted.","in plaas van ons karretjie, wat ons ook aanvaar het."
NL-UtHUA_A363596_2174,29,In,In,In,In
NL-UtHUA_A363596_2175,29,"<pb n=""41a"" source=""NL-UtHUA_A363596_000041.jpg"" />","<pb n=""41a"" source=""NL-UtHUA_A363596_000041.jpg"" />","<pb n=""41a"" source=""NL-UtHUA_A363596_000041.jpg"" />","<pb n=""41a"" bron=""NL-UtHUA_A363596_000041.jpg"" />"
NL-UtHUA_A363596_2176,29,In der Nacht waren uns eine große Menge Hotten=,"In der Nacht war uns eine große Menge Hottentotten,","During the night we encountered a large number of Hottentots,","Gedurende die nag het ons 'n groot aantal Hottentotte teëgekom,"
NL-UtHUA_A363596_2177,29,"totten, Groß u. Klein, nachgekommen, u. als wir den","Groß und Klein, nachgekommen, und als wir am","Big and small, everyone came along, and when we arrived at","Groot en klein, almal het saamgekom, en toe ons aankom by"
NL-UtHUA_A363596_2178,29,"1ten Auguſt weiter reiſeten, ging es wieder über ein","1. August weiter reisten, ging es wieder über ein","On August 1st, as they continued their journey, they again traveled via a","Op 1 Augustus, terwyl hulle hul reis voortgesit het, het hulle weer gereis via 'n"
NL-UtHUA_A363596_2179,29,"Thränenvolles Abſchied nehmen. Pieter Dohi, welcher","tränenvolles Abschiednehmen. Pieter Dohi, welcher","A tearful farewell. Pieter Dohi, who","'n Tranerige afskeid. Pieter Dohi, wat"
NL-UtHUA_A363596_2180,29,"mit uns ritt, um uns durch den Fluß zu bringen,","mit uns ritt, um uns durch den Fluss zu bringen,","rode with us to take us across the river,","het saam met ons gery om ons oor die rivier te neem,"
NL-UtHUA_A363596_2181,29,ſagte als er den Abſchied mit den Hottentotten,"sagte, als er den Abschied mit den Hottentotten",said when he said goodbye to the Hottentots,het hy gesê toe hy van die Hottentotte afskeid geneem het
NL-UtHUA_A363596_2182,29,"ſah: das muß gewiß ſchwer ſeyn, dieſe armen","sah: „Das muss gewiss schwer sein, diese armen","saw: “That must certainly be difficult, these poor things","gesien: “Dit moet sekerlik moeilik wees, hierdie arme goedjies"
NL-UtHUA_A363596_2183,29,"Menſchen zu verlaſſen. Er rieth uns, bey ſeinem","Menschen zu verlassen.“ Er riet uns, bei seinem","""Leaving people."" He advised us to stay with his","""Mense verlaat."" Hy het ons aangeraai om by hom te bly"
NL-UtHUA_A363596_2184,29,"Schwager Jan Dohi zu übernachten, welches wir","Schwager Jan Dohi zu übernachten, welches wir","to stay overnight with brother-in-law Jan Dohi, which we","om oornag by swaer Jan Dohi te bly, wat ons"
NL-UtHUA_A363596_2185,29,"auch thaten, u. wir hatten mit ihm eine reale","auch taten, und wir hatten mit ihm eine reale","also did, and we had a real [context] with him.","ook gedoen, en ons het 'n regte [konteks] met hom gehad."
NL-UtHUA_A363596_2186,29,"Unterredung, in dem er wirklich eine Feind ſelig=","Unterredung, indem er wirklich eine Feindseligkeit","Conversation, in which he truly expressed hostility","Gesprek, waarin hy werklik vyandigheid uitgespreek het"
NL-UtHUA_A363596_2187,29,keit bekehrt iſt. D. 2te Aug. kamen wir nicht,bekehrt ist. Am 2. August kamen wir nicht,has converted. We didn't come on August 2nd.,het bekeer. Ons het nie op 2 Augustus gekom nie.
NL-UtHUA_A363596_2188,29,"ohne Gefahr über den Palmito=Fluß, der ſehr an=","ohne Gefahr über den Palmito-Fluss, der sehr angeschwollen","without danger across the Palmito River, which was very swollen","sonder gevaar oor die Palmito-rivier, wat baie geswel was"
NL-UtHUA_A363596_2189,29,"geſchwollen war, u. mußten, weil der wüſte","war, und mussten, weil der wüste","was, and had to, because the desert","was, en moes, want die woestyn"
NL-UtHUA_A363596_2190,29,"Fluß noch gefährlicher zu paſſieren war, bey","Fluss noch gefährlicher zu passieren war, bei","Crossing the river was even more dangerous, at","Om die rivier oor te steek was selfs gevaarliker,"
NL-UtHUA_A363596_2191,29,dem Herrn Morgeln übernachten. Am 3ten wurde,Herrn Morgeln übernachten. Am 3. wurde,"Mr. Morgeln stayed overnight. On the 3rd,","Mnr. Morgeln het oornag gebly. Op die 3de,"
NL-UtHUA_A363596_2192,29,"das Waſſer gehalten, u. wir kamen ſpät Abends","das Wasser gehalten, und wir kamen spät abends","The water was kept, and we arrived late in the evening.","Die water is gehou, en ons het laat in die aand aangekom."
NL-UtHUA_A363596_2193,29,bey unſerm Freund Mart. Schmidt auf der Cap,bei unserem Freund Mart. Schmidt in Kapstadt,at our friend Mart. Schmidt's place in Cape Town,by ons vriend Mart. Schmidt se plek in Kaapstad
NL-UtHUA_A363596_2194,29,"an. Dieſe Familie wird voller Verwunderung,","an. Diese Familie war voller Verwunderung,",This family was full of wonder.,Hierdie gesin was vol verwondering.
NL-UtHUA_A363596_2196,29,"uns alle Drei ankommen zu ſehen, u. fragten gleich,","uns alle drei ankommen zu sehen, und fragten gleich,","to see all three of us arrive, and immediately asked,","om al drie van ons te sien aankom, en het dadelik gevra,"
NL-UtHUA_A363596_2197,29,was das zu bedeuten hätte. Sie waren nicht wenig,was das zu bedeuten hätte. Sie waren nicht wenig,what that would mean. They were not few.,wat dit sou beteken. Hulle was nie min nie.
NL-UtHUA_A363596_2198,29,"beſtürzt, da wir ihnen die Umſtände erzählten.","bestürzt, da wir ihnen die Umstände erzählten.",They were dismayed when we told them the circumstances.,Hulle was ontsteld toe ons hulle van die omstandighede vertel het.
NL-UtHUA_A363596_2199,29,D. 4te gingen wir zuerſt zum Edlen Herrn Com=,"Am 4. gingen wir zuerst zum Edlen Herrn Kommissarius,","On the 4th, we first went to the noble Lord Commissioner,","Op die 4de het ons eers na die edele Lord Commissioner gegaan,"
NL-UtHUA_A363596_2200,29,"miſſarius, ſagten ihm, wie es uns ergangen","sagten ihm, wie es uns ergangen",told him how we were doing,het hom vertel hoe dit met ons gaan
NL-UtHUA_A363596_2201,29,"war, und baten um ſeinen Rath. Er wunderte","war, und baten um seinen Rat. Er wunderte","was there, and they asked for his advice. He was surprised","was daar, en hulle het sy raad gevra. Hy was verbaas"
NL-UtHUA_A363596_2202,29,ſich,sich,itself,self
NL-UtHUA_A363596_2203,29,"<pb n=""41b"" source=""NL-UtHUA_A363596_000041.jpg"" />","<pb n=""41b"" source=""NL-UtHUA_A363596_000041.jpg"" />","<pb n=""41b"" source=""NL-UtHUA_A363596_000041.jpg"" />","<pb n=""41b"" bron=""NL-UtHUA_A363596_000041.jpg"" />"
NL-UtHUA_A363596_2204,29,ſich ſehr über die Vermeſſenheit des Biſani’s,"sich sehr über die Vermessenheit des Bisanis,","greatly offended by Bisani's presumption,","baie aanstoot geneem deur Bisani se aanname,"
NL-UtHUA_A363596_2205,29,"ſagte aber, daß wir wohl gethan hätten, die","sagte aber, dass wir wohlgetan hätten, die",But he said that we would have done well to...,Maar hy het gesê dat ons goed sou gedoen het om...
NL-UtHUA_A363596_2206,29,"Ordre zu befolgen, denn jene Menſchen wären","Order zu befolgen, denn jene Menschen wären","Order to follow, because those people would be","Bevel om te volg, want daardie mense sou wees"
NL-UtHUA_A363596_2207,29,"voll Wuth, und hätten viel Schaden gethan. Er",voll Wut und hätten viel Schaden getan. Er,full of rage and would have caused a lot of damage. He,vol woede en sou baie skade veroorsaak het. Hy
NL-UtHUA_A363596_2208,29,"ſagte, wir ſolten nur jezt eine Zeit bleiben, u.","sagte, wir sollten nur jetzt eine Zeit bleiben und",said we should just stay for a while and,het gesê ons moet net 'n rukkie bly en
NL-UtHUA_A363596_2209,29,das weitere abwarten. Wir beſuchten darauf,das Weitere abwarten. Wir besuchten darauf,We waited to see what happened next. We then visited,Ons het gewag om te sien wat volgende gebeur. Ons het toe besoek afgelê
NL-UtHUA_A363596_2210,29,"unſern Herrn von der Regierung, die alle viel","unseren Herrn von der Regierung, die alle viel","our lord from the government, who all much","ons heer van die regering, wat almal baie"
NL-UtHUA_A363596_2211,29,Mitleiden mit uns bezeugten. Sie konnten ſich nicht,Mitleid mit uns bezeugten. Sie konnten sich nicht,They expressed their sympathy for us. They couldn't,Hulle het hul simpatie vir ons betuig. Hulle kon nie
NL-UtHUA_A363596_2212,29,"genug wundern, daß Biſani einen ſolchen Auftrag","genug wundern, dass Bisani einen solchen Auftrag",It's no wonder that Bisani received such an order,Dit is geen wonder dat Bisani so 'n bevel ontvang het nie.
NL-UtHUA_A363596_2213,29,"bekommen hätte, da er doch mehr als einmal den","bekommen hätte, da er doch mehr als einmal den","would have received it, since he had already received it more than once.","sou dit ontvang het, aangesien hy dit reeds meer as een keer ontvang het."
NL-UtHUA_A363596_2214,29,Galgen verdient hätte. Die Sache wurde bald,Galgen verdient hätte. Die Sache wurde bald,He deserved the gallows. The matter was soon resolved.,Hy het die galg verdien. Die saak is gou opgelos.
NL-UtHUA_A363596_2215,29,"überall unter unſern Freunden bekannt, u. alle","überall unter unseren Freunden bekannt, und alle","Known everywhere among our friends, and all","Oral bekend onder ons vriende, en almal"
NL-UtHUA_A363596_2216,29,"bezeugten viel Theilnahme, aber auch Zuverſicht,","bezeugten viel Anteilnahme, aber auch Zuversicht,","expressed much sympathy, but also confidence,","baie simpatie, maar ook vertroue, betuig,"
NL-UtHUA_A363596_2217,29,daß ſich alles noch zur Ehre Gottes ändern würde.,dass sich alles noch zur Ehre Gottes ändern würde.,that everything would change for the glory of God.,dat alles tot eer van God sou verander.
NL-UtHUA_A363596_2218,29,"Weil H. Schmidt ſo viel Einquartierung hatte, ſo","Weil Herr Schmidt so viel Einquartierung hatte, so","Because Mr. Schmidt had so many lodgers, so","Omdat mnr. Schmidt soveel loseerders gehad het, so"
NL-UtHUA_A363596_2219,29,logirten wir dieſes mal bey H. Schönberg. Als wir,logierten wir dieses Mal bei Herrn Schönberg. Als wir,This time we stayed with Mr. Schönberg. When we,Hierdie keer het ons by mnr. Schönberg gebly. Toe ons
NL-UtHUA_A363596_2220,29,"am 5te ausgingen, kam uns ein Sclave nachge=","am 5. ausgingen, kam uns ein Sklave nachgelaufen","On the 5th, when we went out, a slave came running after us.","Op die 5de, toe ons uitgaan, het 'n slaaf agter ons aangehardloop gekom."
NL-UtHUA_A363596_2221,29,"laufen, u. ſagte, ſein Hhr ließe uns erſuchen,","und sagte, sein Herr ließe uns ersuchen,",and said that his master would ask us to,en gesê dat sy meester ons sou vra om
NL-UtHUA_A363596_2222,29,"zu ihm zu kommen. Wir gingen hin, u. fanden","zu ihm zu kommen. Wir gingen hin und fanden,","to come to him. We went there and found,","om na Hom toe te kom. Ons het daarheen gegaan en gevind,"
NL-UtHUA_A363596_2223,29,daß es einer von den Nationalen war,dass es einer von den Nationalen war,that it was one of the nationals,dat dit een van die onderdane was
NL-UtHUA_A363596_2224,29,(die hier zur Unterhandlung mit der Re=,(die hier zur Unterhandlung mit der Regierung,(who are here for negotiations with the government),(wat hier is vir onderhandelinge met die regering)
NL-UtHUA_A363596_2225,29,"gierung waren, und uns), wie waren wir er=","waren, und uns), wie waren wir erstaunt,","were, and us), how amazed we were,","was, en ons), hoe verbaas ons was,"
NL-UtHUA_A363596_2226,29,"ſtaunt, einen von den Leuten zu ſehen, Namens","einen von den Leuten zu sehen, namens",to see one of the people named,om een van die mense met die naam te sien
NL-UtHUA_A363596_2227,29,"Van der Wad. Er wolte zwar von uns, ſelbſt",Van der Wad. Er wollte zwar von uns selbst,Van der Wad. He wanted to speak from us personally.,Van der Wad. Hy wou persoonlik namens ons praat.
NL-UtHUA_A363596_2228,29,"hören, von wem wir die Ordre zum wegziehen","hören, von wem wir die Order zum Wegziehen",hear from whom we received the order to leave,hoor van wie ons die bevel ontvang het om te vertrek
NL-UtHUA_A363596_2229,30,be=,be-,be-,wees-
NL-UtHUA_A363596_2230,30,"<pb n=""42a"" source=""NL-UtHUA_A363596_000042.jpg"" />","<pb n=""42a"" source=""NL-UtHUA_A363596_000042.jpg"" />","<pb n=""42a"" source=""NL-UtHUA_A363596_000042.jpg"" />","<pb n=""42a"" bron=""NL-UtHUA_A363596_000042.jpg"" />"
NL-UtHUA_A363596_2231,30,"bekommen hätten. Als er von Biſani hörte, ſagte","bekommen hätten. Als er von Bisani hörte, sagte","would have received. When he heard about Bisani, he said","sou ontvang het. Toe hy van Bisani hoor, het hy gesê"
NL-UtHUA_A363596_2232,30,er: Dieſen Biſani erkennen wir nicht für einen,er: „Diesen Bisani erkennen wir nicht für einen,he: “We do not recognize this Bisani as a,hy: “Ons erken nie hierdie Bisani as 'n
NL-UtHUA_A363596_2233,30,Befehlhaber unter uns; wir werden hier von,Befehlshaber unter uns; wir werden hier von,Commanders among us; we will be here by,Bevelvoerders onder ons; ons sal hier wees teen
NL-UtHUA_A363596_2234,30,"der Cap ſo viel ſchlechtes angeredet, als hätten","Kapstadt so viel Schlechtes angeredet, als hätten","So many bad things have been said about Cape Town, as if they had","Soveel slegte dinge is al oor Kaapstad gesê, asof hulle"
NL-UtHUA_A363596_2235,30,"wir ein Verbrechen gemacht, u. ſind doch ganz unſchuldig.","wir ein Verbrechen gemacht, und sind doch ganz unschuldig.","We have committed a crime, yet we are completely innocent.","Ons het 'n misdaad gepleeg, maar ons is heeltemal onskuldig."
NL-UtHUA_A363596_2236,30,Heute morgen haben wir wegen Ihrer Sache,Heute Morgen haben wir wegen Ihrer Sache,This morning we discussed your matter,Vanoggend het ons u saak bespreek
NL-UtHUA_A363596_2237,30,"eine Verſammlung gehalten, u. heute muß ich","eine Versammlung gehalten, und heute muss ich","I held a meeting, and today I have to","Ek het 'n vergadering gehou, en vandag moet ek"
NL-UtHUA_A363596_2238,30,"noch zum Landdroſt nach Schwellendam reiten,",noch zum Landdrost nach Swellendam reiten,still ride to the Landdrost in Swellendam,ry steeds na die Landdrost in Swellendam
NL-UtHUA_A363596_2239,30,"mit Briefen, die Sie betreffen. Ich verſichere","mit Briefen, die Sie betreffen. Ich versichere",with letters concerning you. I assure you,met briewe oor jou. Ek verseker jou
NL-UtHUA_A363596_2240,30,"Sie auf meine Ehre, daß Sie wieder auf ihren","Sie auf meine Ehre, dass Sie wieder auf Ihren","You, on my honor, that you are back on your","U, op my eer, dat u terug is op u plek"
NL-UtHUA_A363596_2241,30,"Platz gehen können, u. daß ihnen nichts wieder=",Platz gehen können und dass ihnen nichts widerfahren,They can go somewhere and that nothing will happen to them.,Hulle kan êrens heen gaan en niks sal met hulle gebeur nie.
NL-UtHUA_A363596_2242,30,fahren ſoll.“ Dieſer H. geht nach Schwellendam,"soll.“ Dieser Herr geht nach Swellendam,","""should."" This gentleman is going to Swellendam,","""moet."" Hierdie heer gaan na Swellendam,"
NL-UtHUA_A363596_2243,30,um noch ein paar hundert Mann von dort,um noch ein paar hundert Mann von dort,to get a few hundred more men from there,om nog 'n paar honderd mans daarvandaan te kry
NL-UtHUA_A363596_2244,30,her zu holen. Es iſt nemlich der eigentliche Coman=,her zu holen. Es ist nämlich der eigentliche Kommandant,"to bring him here. He is, in fact, the actual commander.",om hom hierheen te bring. Hy is in werklikheid die eintlike bevelvoerder.
NL-UtHUA_A363596_2245,30,"dant der Nationalen, Namens La Bort, mit","der Nationalen, namens La Bort, mit","the National, named La Bort, with","die Nasionale, genaamd La Bort, met"
NL-UtHUA_A363596_2246,30,ſeinem Volk hier bey der Cap. Man hat,seinem Volk hier bei Kapstadt. Man hat,his people here near Cape Town. They have,sy mense hier naby Kaapstad. Hulle het
NL-UtHUA_A363596_2247,30,"Sie gemocht, weil der Feind vor trieben zu","sie gemocht, weil der Feind vorgetrieben zu",They liked it because the enemy was being driven forward.,Hulle het dit gehou omdat die vyand vorentoe gedryf is.
NL-UtHUA_A363596_2248,30,"ſalchen u. ihnen verſprochen, daß ſie nicht eher","solchen und ihnen versprochen, dass sie nicht eher",such and promised them that they would not sooner,so en het hulle belowe dat hulle nie gouer sou nie
NL-UtHUA_A363596_2249,30,"u. ihnen verſprochen, daß ſie nachher","und ihnen versprochen, dass sie nachher",and promised them that afterwards,en het hulle daarna belowe dat
NL-UtHUA_A363596_2250,30,mit ihrer Sache expeſirt werden ſollen; ſie,mit ihrer Sache expediert werden sollen; sie,to be dispatched with their case; they,om met hul saak gestuur te word; hulle
NL-UtHUA_A363596_2251,30,hatten nun gegen die Engländer gefochten. D. 6te,hatten nun gegen die Engländer gefochten. Am 6.,had now fought against the English. On the 6th.,het nou teen die Engelse geveg. Op die 6de.
NL-UtHUA_A363596_2252,30,meldeten wir obiges dem Edlen Herrn Comiſ=,meldeten wir Obiges dem Edlen Herrn Kommissarius,We reported the above to the noble Commissioner.,Ons het bogenoemde aan die edele Kommissaris gerapporteer.
NL-UtHUA_A363596_2253,30,"ſarius wie obiges. Er ſagte, wir ſolten","wie Obiges. Er sagte, wir sollten",like the above. He said we should,soos die bogenoemde. Hy het gesê ons moet
NL-UtHUA_A363596_2254,30,"noch ein wenig warten, er wolte ſich näher er=","noch ein wenig warten, er wollte sich näher erkundigen","He wanted to wait a little longer, he wanted to find out more.","Hy wou nog 'n bietjie wag, hy wou meer uitvind."
NL-UtHUA_A363596_2255,30,"kundigen, u. uns wieder wiſſen laſſen. Dieſes",und uns wieder wissen lassen. Dieses,and let us know again. This,en laat ons weer weet. Dit
NL-UtHUA_A363596_2256,30,"geſchahe am 7ten früh. Er ſagte, er glaube,","geschah am 7. früh. Er sagte, er glaube,","It happened early on the 7th. He said he believed,","Dit het vroeg op die 7de gebeur. Hy het gesê hy glo,"
NL-UtHUA_A363596_2257,30,daß,dass,that,daardie
NL-UtHUA_A363596_2258,30,"<pb n=""42b"" source=""NL-UtHUA_A363596_000042.jpg"" />","<pb n=""42b"" source=""NL-UtHUA_A363596_000042.jpg"" />","<pb n=""42b"" source=""NL-UtHUA_A363596_000042.jpg"" />","<pb n=""42b"" bron=""NL-UtHUA_A363596_000042.jpg"" />"
NL-UtHUA_A363596_2259,30,"daß wir nun ruhig wieder nach Hauſe gehen könnten,","dass wir nun ruhig wieder nach Hause gehen könnten,","that we could now calmly go home again,","dat ons nou weer rustig huis toe kon gaan,"
NL-UtHUA_A363596_2260,30,er er wolle uns einen Brief mitgeben. Das wird für,er wolle uns einen Brief mitgeben. Das war für,He wanted to give us a letter. That was for,Hy wou vir ons 'n brief gee. Dit was vir
NL-UtHUA_A363596_2261,30,uns nun die beſchwerlichſte u. koſtbarſte Nachricht. Ueber,uns nun die beschwerlichste und kostbarste Nachricht. Über,Now we have the most difficult and precious news. About,Nou het ons die moeilikste en kosbaarste nuus. Oor
NL-UtHUA_A363596_2262,30,"unſere Verlegner, wie wir jezt fortkommen ſolten,","unsere Verlegenheit, wie wir jetzt fortkommen sollten,","our predicament about how we should proceed now,","ons dilemma oor hoe ons nou moet voortgaan,"
NL-UtHUA_A363596_2264,30,denn unſere Wagen hatten wir gleich zurück geſchickt.,denn unsere Wagen hatten wir gleich zurückgeschickt.,because we had sent our cars back immediately.,omdat ons ons motors dadelik teruggestuur het.
NL-UtHUA_A363596_2265,30,"Es fügte ſich, daß grade 3 Wagen von Pieter Dohi","Es fügte sich, dass gerade drei Wagen von Pieter Dohi",It so happened that just three cars from Pieter Dohi,Dit het so gebeur dat net drie motors van Pieter Dohi
NL-UtHUA_A363596_2266,30,"mit Gerſte angekommen waren, welche nach dieſem","mit Gerste angekommen waren, welche nach diesem","had arrived with barley, which after this","het met gars aangekom, wat na hierdie"
NL-UtHUA_A363596_2267,30,Abend wieder zurück gehen ſolten. Dieſe Gelegen=,Abend wieder zurückgehen sollten. Diese Gelegenheit,should return in the evening. This opportunity,moet in die aand terugkeer. Hierdie geleentheid
NL-UtHUA_A363596_2268,30,"heit war zwar für uns ein wenig plözlich, da","war zwar für uns ein wenig plötzlich, da","It was a bit sudden for us, since","Dit was 'n bietjie skielik vir ons, aangesien"
NL-UtHUA_A363596_2269,30,wir noch viel zu beſtellen hatten; wir beſchloſſen,wir noch viel zu bestellen hatten; wir beschlossen,we still had a lot to order; we decided,ons het nog baie om te bestel; ons het besluit
NL-UtHUA_A363596_2270,30,aber ſie zu benutzen. Bis jezt war es an der,aber sie zu benutzen. Bis jetzt war es an der,"but to use them. Until now, it was up to the",maar om hulle te gebruik. Tot nou toe was dit aan die
NL-UtHUA_A363596_2271,30,Cap noch ruhig. Aber Nachmittags um 3 Uhr hörten,Kap noch ruhig. Aber nachmittags um 3 Uhr hörten,The area was still quiet. But at 3 p.m. they heard,Die gebied was steeds stil. Maar om 3 nm. het hulle gehoor
NL-UtHUA_A363596_2272,30,"wir einen Signal=Schuß, u. bald darauf 4",wir einen Signalschuss und bald darauf vier,We fired a signal shot and soon after four,Ons het 'n seinskoot afgevuur en kort na vier
NL-UtHUA_A363596_2273,30,"andere. Dieſes war das Zeichen, daß die Englän=","andere. Dieses war das Zeichen, dass die Engländer",other. This was the sign that the English,ander. Dit was die teken dat die Engelse
NL-UtHUA_A363596_2274,30,"der aus Lingen in Genauſen, u. lag dann in Noth",aus Lingen in Genaußen und dann in Not,from Lingen to Genaußen and then in distress,van Lingen na Genaußen en toe in nood
NL-UtHUA_A363596_2275,30,"wären, die Hülfe geben müßten. Die Affaire","wären, die Hilfe geben müssten. Die Affäre",would be those who would have to provide help. The affair,sou diegene wees wat hulp sou moes verleen. Die saak
NL-UtHUA_A363596_2276,30,"war nemlich in Meuſbay, 3 ſtarke Stunden","war nämlich in Muizenberg, drei starke Stunden",I was in Muizenberg for three long hours,Ek was drie lang ure in Muizenberg
NL-UtHUA_A363596_2277,30,von der Cap. Die Beſtürzung in der Stadt war,von Kapstadt. Die Bestürzung in der Stadt war,from Cape Town. The dismay in the city was,van Kaapstad. Die ontsteltenis in die stad was
NL-UtHUA_A363596_2278,30,"unbeſchreiblich. Es wurde Marſch geſchlagen, auf dem","unbeschreiblich. Es wurde Marsch geschlagen, auf dem","Indescribable. A march was struck up, on which","Onbeskryflik. 'n Mars is gehou, waarop"
NL-UtHUA_A363596_2279,30,"Caſteel wehte die Blut-Flagge, die Bürger","Kastell wehte die Blutflagge, die Bürger","The castle flew the blood flag, the citizens","Die kasteel het die bloedvlag gehys, die burgers"
NL-UtHUA_A363596_2280,30,"griffen alle zum Gewehr, u. die Weiber flüch=","griffen alle zum Gewehr, und die Frauen flüchteten","Everyone grabbed their rifles, and the women fled.","Almal het hul gewere gegryp, en die vroue het gevlug."
NL-UtHUA_A363596_2281,30,teten aufs Land. Noch vor 4 Uhr ritt die Caval=,aufs Land. Noch vor 4 Uhr ritt die Kavallerie,out into the countryside. The cavalry rode out before 4 o'clock.,uit in die platteland. Die kavallerie het voor 4-uur uitgery.
NL-UtHUA_A363596_2282,30,"lerie zur Stadt hinaus, nach Meuſbay zu. Dieſen","zur Stadt hinaus, nach Muizenberg zu. Diesen","out of the city, towards Muizenberg. This","uit die stad, na Muizenberg. Dit"
NL-UtHUA_A363596_2283,30,"folgten die Caſteel-Soldaten, dann die Capi=","folgten die Kastellsoldaten, dann die Kapstädter","The soldiers of the castle followed, then the Cape Towners.","Die soldate van die kasteel het gevolg, toe die Kapenaars."
NL-UtHUA_A363596_2284,30,jehen Bürger welche ſich in die Batterien vor,"Bürger, welche sich in die Batterien vor",Citizens who put themselves in the batteries in front,Burgers wat hulself in die batterye voor sit
NL-UtHUA_A363596_2285,30,"der Stadt begeben, u. der Edle Herr kam","der Stadt begaben, und der Edle Herr kam","went to the city, and the noble lord came","het na die stad gegaan, en die edele heer het gekom"
NL-UtHUA_A363596_2286,30,ſelbſt,selbst,himself,homself
NL-UtHUA_A363596_2287,30,,,,
NL-UtHUA_A363596_2288,30,"<pb n=""43a"" source=""NL-UtHUA_A363596_000043.jpg"" />","<pb n=""43a"" source=""NL-UtHUA_A363596_000043.jpg"" />","<pb n=""43a"" source=""NL-UtHUA_A363596_000043.jpg"" />","<pb n=""43a"" source=""NL-UtHUA_A363596_000043.jpg"" />"
NL-UtHUA_A363596_2289,30,ſelbſt zu Pferd mit. Mitten unter dieſem Getümmel,selbst zu Pferd mit. Mitten in diesem Getümmel,Even on horseback. Right in the middle of this hustle and bustle.,Selfs te perd. Reg in die middel van hierdie gewoel en gewoel.
NL-UtHUA_A363596_2290,30,"ſtießen wir zur Stadt hinaus, u. kamen bis an",stießen wir zur Stadt hinaus und kamen bis an,We pushed out of the city and came as far as,Ons het uit die stad gestoot en so ver gekom as
NL-UtHUA_A363596_2291,30,"die Doual, wo wir über Nacht blieben. d. 8ten","die Doual, wo wir über Nacht blieben. Am 8.","The Doual, where we stayed overnight. On the 8th.","Die Doual, waar ons oornag gebly het. Op die 8ste."
NL-UtHUA_A363596_2292,30,gleich hörten wir in Meusbay wieder ſtark,hörten wir gleich in Meusbay wieder stark,We heard it again very strongly in Meusbay,Ons het dit weer baie sterk in Meusbaai gehoor.
NL-UtHUA_A363596_2293,30,"schießen. d. 9ten kamen wir zu Jan Koki, und",schießen. Am 9. kamen wir zu Jan Koki und,shooting. On the 9th we came to Jan Koki and,skietery. Op die 9de het ons by Jan Koki aangekom en
NL-UtHUA_A363596_2294,30,"am 10ten zu Pieter Koki, wo die Wagen für ge führ-","am 10. zu Pieter Koki, wo die Wagen geführt","on the 10th to Pieter Koki, where the cars were led","op die 10de na Pieter Koki, waarheen die motors gelei is"
NL-UtHUA_A363596_2295,30,ten. Von hier ritten die Brr. Marsveld und,wurden. Von hier ritten die Brüder Marsveld und,were. From here rode the Marsveld brothers and,was. Van hier af het die Marsveld-broers gery en
NL-UtHUA_A363596_2296,30,"Kühnel am 11ten nach Hauſe, u. Br. Schwinn","Kühnel am 11. nach Hause, und Bruder Schwinn","Kühnel went home on the 11th, and Brother Schwinn","Kühnel het op die 11de huis toe gegaan, en Broer Schwinn"
NL-UtHUA_A363596_2297,30,kam am 12ten mit den Ochsen nach. Die Freude den,"kam am 12. mit den Ochsen nach. Die Freude, die",arrived on the 12th with the oxen. The joy that,het op die 12de met die osse aangekom. Die vreugde wat
NL-UtHUA_A363596_2298,30,"Gottes hatten, uns wieder kommen zu sehen, war","Gottes Volk hatte, uns wiederkommen zu sehen, war",God's people had expected to see us return.,God se mense het verwag om ons terugkeer te sien.
NL-UtHUA_A363596_2299,30,unbeschreiblich. Sie sagten: Ach wie ſollen wir,"unbeschreiblich. Sie sagten: „Ach, wie sollen wir","Indescribable. They said: ""Oh, how should we","Onbeskryflik. Hulle het gesê: ""Ag, hoe moet ons"
NL-UtHUA_A363596_2300,30,"es dem lieben Heiland genug danken, daß Er","es dem lieben Heiland genug danken, dass Er",We should thank the dear Savior enough that He,Ons behoort die liewe Verlosser genoeg te dank dat Hy
NL-UtHUA_A363596_2301,30,uns unſre Lehrer wieder geſchenkt hat. Sie,uns unsere Lehrer wieder geschenkt hat.“ Sie,"""She gave us back our teachers.""","""Sy het ons onderwysers teruggegee."""
NL-UtHUA_A363596_2302,30,"erboten ſich ſogleich Ochſen herzugeben, um unſre","erbaten sich sogleich, Ochsen herzugeben, um unsere",immediately asked for oxen to help us,het dadelik osse gevra om ons te help
NL-UtHUA_A363596_2303,30,Sachen wieder von Baas Teunis zu holen. Dieſes,Sachen wieder von Baas Teunis zu holen. Dies,To retrieve things from Baas Teunis. This,Om dinge van Baas Teunis terug te kry. Dit
NL-UtHUA_A363596_2304,30,geſchahe am 13ten Aug. An dieſem wichtigen,geschah am 13. August. An diesem wichtigen,It happened on August 13th. On this important day,Dit het op 13 Augustus gebeur. Op hierdie belangrike dag
NL-UtHUA_A363596_2305,31,Gedenktage dachten wir dieſes mal blos in der,Gedenktag dachten wir dieses Mal bloß in der,This time we only thought of the memorial day in the,Hierdie keer het ons net aan die gedenkdag gedink in die
NL-UtHUA_A363596_2306,31,"Stille, theils weil verſchiedene von unſern Ge-","Stille, teils weil verschiedene von unseren Getauften","Silence, partly because several of our baptized","Stilte, deels omdat verskeie van ons gedooptes"
NL-UtHUA_A363596_2307,31,"tauften u. Comunicanten nicht zu Hauſe waren,","und Kommunikanten nicht zu Hause waren,","and communicants were not at home,","en die nagmaalgangers was nie tuis nie,"
NL-UtHUA_A363596_2308,31,"u. wir überhaupt erſt gern auch ſehen wollten,","und wir überhaupt erst gern auch sehen wollten,","and we would like to see in the first place,","en ons wil graag in die eerste plek sien,"
NL-UtHUA_A363596_2309,31,wie es während unſrer Abweſenheit unter ihnen,wie es während unserer Abwesenheit unter ihnen,how it was among them during our absence,hoe dit onder hulle was gedurende ons afwesigheid
NL-UtHUA_A363596_2310,31,zugegangen wäre. Wir waren übrigens voll Lobes,zugegangen wäre. Wir waren übrigens voll Lobes,"We would have approached it. We were, by the way, full of praise.","Ons sou dit benader het. Ons was, terloops, vol lof."
NL-UtHUA_A363596_2311,31,"u. Dankes, daß wir wieder hier waren, u. fanden","und Dankes, dass wir wieder hier waren, und fanden","and thank you for having us back, and for finding","en dankie dat julle ons terug het, en dat julle ons gevind het"
NL-UtHUA_A363596_2312,31,"die mächtige Hand Gottes, die uns ſo geführt","die mächtige Hand Gottes, die uns so geführt",the mighty hand of God that has guided us so,die magtige hand van God wat ons so gelei het
NL-UtHUA_A363596_2313,31,"hatte, nicht gnug bewundern. Niemand hätte","hatte, nicht genug bewundernswert. Niemand hätte",had not been admirable enough. Nobody would have,was nie bewonderenswaardig genoeg nie. Niemand sou
NL-UtHUA_A363596_2314,31,gedacht,gedacht,thought,gedagte
NL-UtHUA_A363596_2315,31,"<pb n=""43b"" source=""NL-UtHUA_A363596_000043.jpg"" />","<pb n=""43b"" source=""NL-UtHUA_A363596_000043.jpg"" />","<pb n=""43b"" source=""NL-UtHUA_A363596_000043.jpg"" />","<pb n=""43b"" source=""NL-UtHUA_A363596_000043.jpg"" />"
NL-UtHUA_A363596_2316,31,"gedacht u. geglaubt, daß wir binnen 13 Tagen wieder","gedacht und geglaubt, dass wir binnen 13 Tagen wieder",We thought and believed that we would be back within 13 days.,Ons het gedink en geglo dat ons binne 13 dae terug sou wees.
NL-UtHUA_A363596_2317,31,"Freyheit erhalten würden, zurückzugehen, u. noch","Freiheit erhalten würden, zurückzugehen, und noch","would be given the freedom to go back, and more","sou die vryheid kry om terug te gaan, en meer"
NL-UtHUA_A363596_2318,31,"weniger, daß wir ſo bald eine Gelegenheit dazu fin-","weniger, dass wir so bald eine Gelegenheit dazu finden",less likely that we will find an opportunity to do so anytime soon,minder waarskynlik dat ons binnekort 'n geleentheid sal vind om dit te doen
NL-UtHUA_A363596_2319,31,"den würden; denn alle Wagen u. Ochſen, die zu","würden; denn alle Wagen und Ochsen, die zu",would; for all the wagons and oxen that went to,sou; vir al die waens en osse wat na
NL-UtHUA_A363596_2320,31,"erlangen waren, waren in Beſchlag genommen","erlangen waren, waren in Beschlag genommen","They were to be obtained, were seized.","Hulle moes verkry word, is in beslag geneem."
NL-UtHUA_A363596_2321,31,"worden, um Canonen u. Amunition zu fahren,","worden, um Kanonen und Munition zu fahren,","used to transport cannons and ammunition,","gebruik om kanonne en ammunisie te vervoer,"
NL-UtHUA_A363596_2322,31,"u. es war zum Wundern, daß man unſre Wagen","und es war zum Wundern, dass man unsere Wagen",And it was surprising that our cars,En dit was verbasend dat ons motors
NL-UtHUA_A363596_2323,31,gehen ließ. Donnerstags d. 16ten fiengen wir die Ver-,"gehen ließ. Donnerstags, den 16., fingen wir die Versammlungen","let go. On Thursday the 16th, we began the meetings.",laat gaan. Op Donderdag die 16de het ons met die vergaderings begin.
NL-UtHUA_A363596_2324,31,ſammlungen wieder in ihrer gewöhnlichen Ordnung,wieder in ihrer gewöhnlichen Ordnung,back in their usual order,terug in hul gewone volgorde
NL-UtHUA_A363596_2325,31,"an. Wir ſahen, daß viele fehlten, doch fanden","an. Wir sahen, dass viele fehlten, doch fanden","We saw that many were missing, but found","Ons het gesien dat baie vermis word, maar gevind"
NL-UtHUA_A363596_2326,31,ſie ſich nach u. nach wieder ein. Wir waren nur,sie sich nach und nach wieder ein. Wir waren nur,They gradually settled back in. We were just,Hulle het geleidelik weer gevestig geraak. Ons was net
NL-UtHUA_A363596_2327,31,"12 Tage abweſend, u. in der kurzen Zeit war","12 Tage abwesend, und in der kurzen Zeit war","Absent for 12 days, and in that short time was","Afwesig vir 12 dae, en in daardie kort tydjie was"
NL-UtHUA_A363596_2328,31,"es dem Feinde gelungen, einige zu verführen,","es dem Feinde gelungen, einige zu verführen,","the enemy succeeded in seducing some,","die vyand het daarin geslaag om sommige te verlei,"
NL-UtHUA_A363596_2329,31,ſo daß wir 2 Getaufte u. einen Candidaten,sodass wir 2 Getaufte und einen Kandidaten,so that we have 2 baptized people and one candidate,sodat ons 2 gedoopte mense en een kandidaat het
NL-UtHUA_A363596_2330,31,"ausſchließen müßten, — u. die Tat der andern",ausschließen mussten – und den anderen eine,had to exclude – and give the others a,moes uitsluit – en die ander 'n
NL-UtHUA_A363596_2332,31,eine Zurechtweiſung austheilten d. 17ten erfuhren,Zurechtweisung erteilten. Am 17. erfuhren,"They were reprimanded. On the 17th, they learned",Hulle is berispe. Op die 17de het hulle geleer
NL-UtHUA_A363596_2333,31,"wir, daß unſrer Ammele ihre Sara, welche bey","wir, dass Ammeles Sara, welche bei","we that Ammeles Sara, who at","ons dat Ammeles Sara, wat by"
NL-UtHUA_A363596_2334,31,"einem Bauer in Arbeit ſtand, ſelbe krank ſey.","einem Bauern in Arbeit stand, krank sei.",a farmer who was employed was ill.,"'n Boer wat in diens was, was siek."
NL-UtHUA_A363596_2335,31,"Br. Marsveld ritt hin, u. fand ſie in einem",Bruder Marsveld ritt hin und fand sie in einem,Brother Marsveld rode there and found her in a,Broer Marsveld het daarheen gery en haar in 'n
NL-UtHUA_A363596_2336,31,"erbaulichen Herzenszuſtand. Sie ſagte: ""Ich kann",erbaulichen Herzenszustand. Sie sagte: „Ich kann,uplifting state of mind. She said: “I can,opbouende gemoedstoestand. Sy het gesê: “Ek kan
NL-UtHUA_A363596_2337,31,"glauben, daß mir der Heiland meine Sünden","glauben, dass mir der Heiland meine Sünden",believe that the Savior will forgive me my sins,glo dat die Verlosser my my sondes sal vergewe
NL-UtHUA_A363596_2338,31,"vergeben, u. mich zu ſich nehmen wird."" Am 19ten",vergeben und mich zu sich nehmen wird.“ Am 19.,"""He will forgive me and take me into his care."" On the 19th.","""Hy sal my vergewe en my in sy sorg neem."" Op die 19de."
NL-UtHUA_A363596_2339,31,früh bekamen wir Nachricht von ihrem Heimgang.,früh bekamen wir Nachricht von ihrem Heimgang.,We received news of her passing early in the morning.,Ons het vroegoggend die nuus van haar afsterwe ontvang.
NL-UtHUA_A363596_2340,31,"Ihre Tochter, die Martha, beſorgte, daß die","Ihre Tochter, die Martha, besorgte, dass die","Her daughter, Martha, worried that the","Haar dogter, Martha, was bekommerd dat die"
NL-UtHUA_A363596_2341,31,"Leiche hieher gebracht wurde, u. ihren Sohn,","Leiche hierher gebracht wurde, und ihren Sohn,","The body was brought here, and her son,","Die liggaam is hierheen gebring, en haar seun,"
NL-UtHUA_A363596_2342,31,dazu,der,the,die
NL-UtHUA_A363596_2343,31,"<pb n=""44a"" source=""NL-UtHUA_A363596_000044.jpg"" />","<pb n=""44a"" source=""NL-UtHUA_A363596_000044.jpg"" />","<pb n=""44a"" source=""NL-UtHUA_A363596_000044.jpg"" />","<pb n=""44a"" bron=""NL-UtHUA_A363596_000044.jpg"" />"
NL-UtHUA_A363596_2344,31,"dazu mit Holz umgehen kann, ließen wir behülflich","der mit Holz umgehen kann, ließen wir behilflich",We had someone who knows how to work with wood help us.,Ons het iemand gehad wat weet hoe om met hout te werk om ons te help.
NL-UtHUA_A363596_2345,31,einen Sarg zu machen. d. 20ten war das Begräb-,einen Sarg machen. Am 20. war das Begräbnis.,Make a coffin. The funeral was on the 20th.,Maak 'n kis. Die begrafnis was op die 20ste.
NL-UtHUA_A363596_2346,31,"niß. Dieſer Sarg war die erſte, welche zu uns","Dieser Sarg war der erste, der zu uns",This coffin was the first one that came to us,Hierdie kis was die eerste een wat na ons toe gekom het
NL-UtHUA_A363596_2347,31,kommt da wir noch auf dem Plaz bey Baas Teunis,"kam, als wir noch auf dem Platz bei Baas Teunis",came when we were still at the Baas Teunis campsite,gekom toe ons nog by die Baas Teunis-kampeerterrein was
NL-UtHUA_A363596_2348,31,"wohnten erſte Leiche Grab gemacht wurde, und","wohnten, die erste Leiche, für die ein Grab gemacht wurde, und","lived, the first corpse for which a grave was made, and","geleef het, die eerste lyk waarvoor 'n graf gemaak is, en"
NL-UtHUA_A363596_2349,31,ein Verlangen selig zu werden bezeugte. Am 14ten,"ein Verlangen, selig zu werden, bezeugte. Am 14.",He testified to a desire to be saved. On the 14th.,Hy het getuig van 'n begeerte om gered te word. Op die 14de.
NL-UtHUA_A363596_2350,31,"Juny 1795 kam ſie unter die Tauf-Candidaten,","Juni 1795 kam sie unter die Taufkandidaten,","In June 1795 she became one of the candidates for baptism,","In Junie 1795 het sy een van die kandidate vir die doop geword,"
NL-UtHUA_A363596_2351,31,"am 13ten Aug. deſſelben Jahres wurde ſie getauft,",am 13. August desselben Jahres wurde sie getauft,She was baptized on August 13th of the same year.,Sy is op 13 Augustus van dieselfde jaar gedoop.
NL-UtHUA_A363596_2352,31,u. am 17ten May 1794 gelangte ſie zum h. Abmahl.,und am 17. Mai 1794 gelangte sie zum Heiligen Abendmahl.,"and on May 17, 1794, she received Holy Communion.",en op 17 Mei 1794 het sy die Heilige Nagmaal ontvang.
NL-UtHUA_A363596_2353,31,"Sie ſagte oft: ""Ach wie ſoll ich dem lieben Heiland","Sie sagte oft: „Ach, wie soll ich dem lieben Heiland","She often said: “Oh, how can I please the dear Savior?”","Sy het dikwels gesê: “O, hoe kan ek die liewe Verlosser behaag?”"
NL-UtHUA_A363596_2354,31,"gnug danken, für alle Gnade, die Er an mir","genug danken für alle Gnade, die Er an mir",I need to give enough thanks for all the grace He has shown me.,Ek moet genoeg dankie sê vir al die genade wat Hy aan my bewys het.
NL-UtHUA_A363596_2355,31,"thut!"" Ueber die Bekehrung ihrer Tochter",tut!“ Über die Bekehrung ihrer Tochter,"""Does!"" On the conversion of her daughter","""Doen!"" Oor die bekering van haar dogter"
NL-UtHUA_A363596_2356,31,"Martha hatte ſie eine herzliche Freude, und",Martha hatte sie eine herzliche Freude und,Martha was very happy about it and,Martha was baie bly daaroor en
NL-UtHUA_A363596_2357,31,"bezeugte oft ihren Wunſch, daß ihre andern","bezeugte oft ihren Wunsch, dass ihre anderen",often testified to her wish that her others,dikwels getuig van haar wens dat haar ander
NL-UtHUA_A363596_2358,31,Kinder es eben ſo gut haben möchten. Wegen,Kinder es ebenso gut haben möchten. Wegen,Children want it just as good. Because,Kinders wil dit net so goed hê. Want
NL-UtHUA_A363596_2359,31,"unſrer Flucht war ſie ſehr bekümmert, u. ſagte:",unserer Flucht war sie sehr bekümmert und sagte:,She was very distressed about our escape and said:,Sy was baie ontsteld oor ons ontsnapping en het gesê:
NL-UtHUA_A363596_2360,31,"Ach wenn ſie nur unſere Lehrer nicht thäten,","„Ach, wenn sie nur unseren Lehrern nichts täten,","""Oh, if only they wouldn't harm our teachers,","""Ag, as hulle net nie ons onderwysers sou seermaak nie,"
NL-UtHUA_A363596_2361,31,möchten ſie doch mit uns thun was ſie wollten.,"möchten sie doch mit uns tun, was sie wollten.“",They want to do with us what they want.”,Hulle wil met ons doen wat hulle wil.”
NL-UtHUA_A363596_2362,31,Nach der Verhandlung zum Begräbniß hielten,Nach der Verhandlung zum Begräbnis hielten,"After the hearing regarding the funeral, they held","Na die verhoor rakende die begrafnis, het hulle gehou"
NL-UtHUA_A363596_2363,31,wir die Leute vor dem Hauſe in Ordnung unter,wir die Leute vor dem Hause in Ordnung unter,We put the people in front of the house in order.,Ons het die mense voor die huis in orde gestel.
NL-UtHUA_A363596_2364,31,"den Berg, der von 3 Mienen getragen wurde,","dem Berg, der von 3 Minen getragen wurde.","the mountain, which was supported by 3 mines.","die berg, wat deur 3 myne ondersteun is."
NL-UtHUA_A363596_2365,31,"giengen die Kinder der Seligen, dann die Getauften","Es gingen die Kinder der Seligen, dann die Getauften","First came the children of the blessed, then the baptized.","Eers het die kinders van die geseëndes gekom, toe die gedooptes."
NL-UtHUA_A363596_2366,31,"u. hinter dieſen die Tauf-Candidaten, alle","und hinter diesen die Taufkandidaten, alle","and behind them the baptismal candidates, all of them","en agter hulle die doopkandidate, almal van hulle"
NL-UtHUA_A363596_2367,31,"paar u. paar. Wir giengen voraus, u. hielten",paar und paar. Wir gingen voraus und hielten,pair upon pair. We went ahead and stopped.,paar vir paar. Ons het voortgegaan en gestop.
NL-UtHUA_A363596_2368,31,das Begräbniß nach No 62 des Liturgien-,das Begräbnis nach Nr. 62 des LiturgienBüchleins.,the funeral according to No. 62 of the Liturgy Booklet.,die begrafnis volgens nr. 62 van die Liturgieboekie.
NL-UtHUA_A363596_2369,31,Büchleins.,,,
NL-UtHUA_A363596_2370,31,"<pb n=""44b"" source=""NL-UtHUA_A363596_000044.jpg"" />","<pb n=""44b"" source=""NL-UtHUA_A363596_000044.jpg"" />","<pb n=""44b"" source=""NL-UtHUA_A363596_000044.jpg"" />","<pb n=""44b"" bron=""NL-UtHUA_A363596_000044.jpg"" />"
NL-UtHUA_A363596_2371,31,"Büchleins. d. 25ten hörten wir, daß der Comandant","Büchleins. Am 25. hörten wir, dass der Kommandant",Booklet. On the 25th we heard that the commander,Boekie. Op die 25ste het ons gehoor dat die bevelvoerder
NL-UtHUA_A363596_2372,31,"Pisani, der uns vertrieben hatte, an der Cap mit","Pisani, der uns vertrieben hatte, am Kap mit","Pisani, who had driven us out, at the Cape with","Pisani, wat ons uitgedryf het, by die Kaap met"
NL-UtHUA_A363596_2373,31,einem Secretair u. Adjutanten ge fangen ſitzt.,einem Sekretär und Adjutanten gefangen sitzt.,a secretary and adjutant are imprisoned.,'n sekretaris en adjudant word gevange geneem.
NL-UtHUA_A363596_2374,31,d. 29ten begingen wir unſer Chorfeſt recht nied-,Am 29. begingen wir unser Chorfest recht angemessen,"On the 29th, we celebrated our choir festival in a very appropriate manner.",Op die 29ste het ons ons koorfees op 'n baie gepaste wyse gevier.
NL-UtHUA_A363596_2375,31,"lich u. selig, mit einer ſchönen Liebes-Mahlzeit","und selig, mit einer schönen Liebesmahlzeit","and blissful, with a beautiful love feast","en salig, met 'n pragtige liefdesfees"
NL-UtHUA_A363596_2376,31,von dem Verlaſſen eines Chorredes u. den Ge-,vom Verlassen eines Chorredes und dem Genuss,from leaving a choral speech and the enjoyment,van die los van 'n koortoespraak en die genot
NL-UtHUA_A363596_2377,31,nuß des Heil. Abendmahls. Wir waren heute,des Heiligen Abendmahls. Wir waren heute,of Holy Communion. We were here today.,van die Heilige Nagmaal. Ons was vandag hier.
NL-UtHUA_A363596_2378,31,"nicht unſern Geiſte beſonders viel in den Gemeinen,","nicht unserem Geiste besonders viel in den Gemeinden,","not particularly much in our spirit in the communities,","nie besonder veel in ons gees in die gemeenskappe nie,"
NL-UtHUA_A363596_2379,31,"u. wünſchten Herzens ſehr, bald Nachricht von","und wünschten uns sehr, bald Nachricht von",and very much hoped to hear from you soon,en hoop baie om gou van jou te hoor
NL-UtHUA_A363596_2380,31,ihnen zu bekommen. Dazu ſahen wir aber jetzt,ihnen zu bekommen. Dazu sahen wir aber jetzt,to get them. But we saw that now,om hulle te kry. Maar ons het dit nou gesien
NL-UtHUA_A363596_2381,32,keine Möglichkeit. d. 1ten Sept. beſuchte uns ein,keine Möglichkeit. Am 1. September besuchte uns ein,"No possibility. On September 1st, a","Geen moontlikheid nie. Op 1 September, 'n"
NL-UtHUA_A363596_2382,32,"Gottentott, der von der Cap Urlaub bekommen hatte","Hottentotte, der vom Kap Urlaub bekommen hatte,","Hottentot, who had been given leave from the Cape,","Hottentot, wat verlof van die Kaap gekry het,"
NL-UtHUA_A363596_2383,32,"bey einem Bauer zu dienen. Er ſagte, daß alle","um bei einem Bauern zu dienen. Er sagte, dass alle",to serve a farmer. He said that all,om 'n boer te dien. Hy het gesê dat alles
NL-UtHUA_A363596_2384,32,unſre dortige Hottentotten noch am Leben ſind.,unsere dortigen Hottentotten noch am Leben sind.,that our Hottentots there are still alive.,dat ons Hottentotte daar nog leef.
NL-UtHUA_A363596_2385,32,"Von dieſem kamen am 7ten 4 Männer, u. da run-","Von diesem kamen am 7. vier Männer, und darunter","Four men from this group arrived on the 7th, and among them...","Vier mans van hierdie groep het op die 7de aangekom, en onder hulle..."
NL-UtHUA_A363596_2386,32,"ter unſer Jacob, hier an, indem ſie Erlaubniß","unser Jacob, hier an, indem sie Erlaubnis","Our Jacob, here, by giving permission","Ons Jakob, hier, met toestemming"
NL-UtHUA_A363596_2387,32,"bekommen hatten, ihre Weiber u. Kinder auf","bekommen hatten, ihre Weiber und Kinder auf",had received their wives and children,het hul vrouens en kinders ontvang
NL-UtHUA_A363596_2388,32,"ein paar Tage zu beſuchen. Als ſie abgiengen,","ein paar Tage zu besuchen. Als sie abgingen,","to visit for a few days. When they left,","om vir 'n paar dae te besoek. Toe hulle vertrek het,"
NL-UtHUA_A363596_2389,32,wahren wüßte man 15 Engliſche Schiffe bey,"wusste man, dass 15 englische Schiffe bei",It was known that 15 English ships were at,Dit was bekend dat 15 Engelse skepe by was
NL-UtHUA_A363596_2390,32,"Meusbay angekommen, u. die Flotte ſollte jezt","Meusbay angekommen waren, und die Flotte sollte jetzt","Meusbay had arrived, and the fleet should now be","Meusbaai het aangekom, en die vloot moes nou wees"
NL-UtHUA_A363596_2391,32,35 Schiffe ſtark ſeyn. d. 8ten ſchickte uns Baas,35 Schiffe stark sein. Am 8. schickte uns Baas,"It should be 35 ships strong. On the 8th, Baas sent us.",Dit behoort 35 skepe sterk te wees. Op die 8ste het Baas ons gestuur.
NL-UtHUA_A363596_2392,32,"Teunis einen Brief, den er von dem Edlen","Teunis einen Brief, den er von dem Edlen",Teunis received a letter from the nobleman,Teunis het 'n brief van die edelman ontvang
NL-UtHUA_A363596_2393,32,Herrn erhalten hatte. Daſſelbe enthielt den,Herrn erhalten hatte. Dasselbe enthielt den,Mr. had received it. The same contained the,Mnr. het dit ontvang. Dit het die
NL-UtHUA_A363596_2394,32,"Auftrag, alle die Weiber u. Kinder derjenigen","Auftrag, alle die Weiber und Kinder derjenigen,","The order to take all the wives and children of those,","Die bevel om al die vrouens en kinders van hulle te neem,"
NL-UtHUA_A363596_2395,32,"die jetzo auf der Cap Dienſte thun, Koſt an-","die jetzt am Kap Dienste tun, Kost anzufertigen","those who are now serving at the Cape, preparing food","diegene wat nou in die Kaap dien, en kos voorberei"
NL-UtHUA_A363596_2396,32,zufertigen u. darum mit uns zu Rathe zu,und darum mit uns zu Rate zu,and therefore consult with us,en raadpleeg dus ons
NL-UtHUA_A363596_2397,32,gehen,"gehen,","go,","gaan,"
NL-UtHUA_A363596_2398,32,"<pb n=""45a"" source=""NL-UtHUA_A363596_000045.jpg"" />","<pb n=""45a"" source=""NL-UtHUA_A363596_000045.jpg"" />","<pb n=""45a"" source=""NL-UtHUA_A363596_000045.jpg"" />","<pb n=""45a"" bron=""NL-UtHUA_A363596_000045.jpg"" />"
NL-UtHUA_A363596_2399,32,"gehen, weil wir die Nothdürftigkeiten am beſten","gehen, weil wir die Notwendigkeiten am besten","go, because we best meet the needs","gaan, want ons voldoen die beste aan die behoeftes"
NL-UtHUA_A363596_2401,32,kennen würden; u. auch ſolte der Bericht von ihm,kennen würden; und auch sollte der Bericht von ihm,would know; and the report should also be about him,sou weet; en die verslag moet ook oor hom gaan
NL-UtHUA_A363596_2402,32,u. uns gemeinſchaftlich abgeſtattet werden. Zugleich,und uns gemeinschaftlich abgestattet werden. Zugleich,and are granted to us collectively. At the same time,en word gesamentlik aan ons toegestaan. Terselfdertyd
NL-UtHUA_A363596_2403,32,ließ er durch uns einen Brief an Andreas,ließ er durch uns einen Brief an Andreas,He had us send a letter to Andreas,Hy het ons 'n brief aan Andreas laat stuur
NL-UtHUA_A363596_2404,32,"Otto beſtellen, daß derſelbe eine Fracht Mehl","Otto bestellen, dass derselbe eine Fracht Mehl",Order Otto to send a shipment of flour.,Beveel Otto om 'n besending meel te stuur.
NL-UtHUA_A363596_2405,32,"zu uns bringen möchte, welches wir unter die","zu uns bringen möchte, welches wir unter die","who wants to bring us, which we will under the","wie wil ons bring, wat ons onder die"
NL-UtHUA_A363596_2406,32,Leute austheilen ſolten. d. 9ten hatten wir,Leute austeilen sollten. Am 9. hatten wir,People should hand them out. On the 9th we had,Mense moet hulle uitdeel. Op die 9de het ons gehad
NL-UtHUA_A363596_2407,32,eine vergnügliche Unterredung mit unſerm,eine vergnügliche Unterredung mit unserem,an enjoyable conversation with our,'n aangename gesprek met ons
NL-UtHUA_A363596_2408,32,"Jacob, unſre Leute auf der Cap betreffend.","Jacob, unsere Leute am Kap betreffend.","Jacob, concerning our people at the Cape.","Jakob, aangaande ons mense aan die Kaap."
NL-UtHUA_A363596_2409,32,"Er ſagte, daß ſie alle Abends u. Morgens zu-","Er sagte, dass sie alle abends und morgens zusammen",He said that they all get together in the evenings and mornings.,Hy het gesê dat hulle almal saans en oggende bymekaarkom.
NL-UtHUA_A363596_2410,32,"ſammen kommen, da er denn ein paar Verſe","kommen, da er dann ein paar Verse","come, since he will then recite a few verses.","kom, aangesien hy dan 'n paar verse sal voordra."
NL-UtHUA_A363596_2411,32,mit ihnen ſinge. Im Auftrag haben ihn die,mit ihnen singe. Im Auftrag haben ihn die,I sing with them. They commissioned him.,Ek sing saam met hulle. Hulle het hom opdrag gegee.
NL-UtHUA_A363596_2412,32,"andern gefragt, wie um er dieſes thäte? Er","anderen gefragt, warum er dieses täte? Er","When asked why he was doing this, he","Toe hy gevra is hoekom hy dit doen, het hy"
NL-UtHUA_A363596_2413,32,"antwortete: ""das Abends danken wir unſerm Gott,","antwortete: „Abends danken wir unserem Gott,","replied: “In the evening we thank our God,","het geantwoord: “In die aand dank ons ons God,"
NL-UtHUA_A363596_2414,32,daß Er uns den Tag über vor allem Schaden be-,dass Er uns den Tag über vor allem Schaden bewahrt,that He protects us from all harm throughout the day,dat Hy ons die hele dag deur teen alle kwaad beskerm
NL-UtHUA_A363596_2415,32,"wahrt hat, u. bitten Ihn zugleich, daß Er uns auch","hat, und bitten Ihn zugleich, dass Er uns auch","has, and at the same time ask Him that He may also","het, en vra Hom terselfdertyd dat Hy ook mag"
NL-UtHUA_A363596_2416,32,in der Nacht bewahren wolle; das Morgens danken,in der Nacht bewahren wolle; morgens danken,to keep through the night; to give thanks in the morning,om deur die nag te bly; om in die oggend dankie te sê
NL-UtHUA_A363596_2417,32,"wir ihm für die Bewahrung in der Nacht, u. empfehlen",wir ihm für die Bewahrung in der Nacht und empfehlen,We thank him for his protection during the night and recommend him,Ons dank hom vir sy beskerming gedurende die nag en beveel hom aan.
NL-UtHUA_A363596_2418,32,"uns Ihm auf den Tag."" Zu unſern Leuten hat er",uns Ihm auf den Tag.“ Zu unseren Leuten hat er,us Him on the day.” He said to our people,“Gee Hom op die dag vir ons mense.”
NL-UtHUA_A363596_2419,32,"noch geſagt: ""Es iſt unſere Schuldigkeit, für unſre","noch gesagt: „Es ist unsere Schuldigkeit, für unsere","I also said: ""It is our duty to be there for our","Ek het ook gesê: ""Dit is ons plig om daar te wees vir ons"
NL-UtHUA_A363596_2420,32,"Lehrer zu beten, daß Gott ſie zu Hauſe bewahren","Lehrer zu beten, dass Gott sie zu Hause bewahren",Teachers pray that God will keep them at home,Onderwysers bid dat God hulle tuis sal hou
NL-UtHUA_A363596_2421,32,"wolle, dann ſie beten alle Tage für uns.""","wolle, denn sie beten alle Tage für uns.“","""I want to, because they pray for us every day.""","""Ek wil, want hulle bid elke dag vir ons."""
NL-UtHUA_A363596_2422,32,"d. 10ten ließen wir alle diejenigen rufen, welche","Am 10. ließen wir alle diejenigen rufen, welche","On the 10th, we summoned all those who",Op die 10de het ons almal ontbied wat
NL-UtHUA_A363596_2423,32,auf Anweiſung des Edlen Herrn Mehl auszu-,auf Anweisung des Edlen Herrn Mehl auszuteilen,to distribute on the instructions of the noble Lord Mehl,om te versprei in opdrag van die edele Lord Mehl
NL-UtHUA_A363596_2424,32,"theilen iſt, zuſammen kommen, u. ſchrieben ihre","ist, zusammenkommen und schrieben ihre","is, come together and write their","is, kom bymekaar en skryf hul"
NL-UtHUA_A363596_2425,32,Namen,Namen,names,name
NL-UtHUA_A363596_2426,32,"<pb n=""45b"" source=""NL-UtHUA_A363596_000045.jpg"" />","<pb n=""45b"" source=""NL-UtHUA_A363596_000045.jpg"" />","<pb n=""45b"" source=""NL-UtHUA_A363596_000045.jpg"" />","<pb n=""45b"" bron=""NL-UtHUA_A363596_000045.jpg"" />"
NL-UtHUA_A363596_2427,32,Namen auf. Wir bekamen an der Zahl 42 Weiber,Namen auf. Wir bekamen an der Zahl 42 Weiber,Names. We received 42 women in total.,Name. Ons het altesaam 42 vroue ontvang.
NL-UtHUA_A363596_2428,32,"u. 74 Kinder, zuſammen 116 Köpfe. Dies ſind nur die","und 74 Kinder, zusammen 116 Köpfe. Dies sind nur die","and 74 children, a total of 116 people. These are just the","en 74 kinders, 'n totaal van 116 mense. Dit is net die"
NL-UtHUA_A363596_2429,32,"Angehörigen derer, welche auf der Cap Dienſte thun.","Angehörigen derer, welche am Kap Dienste tun.",Members of those serving at the Cape.,Lede van diegene wat aan die Kaap dien.
NL-UtHUA_A363596_2430,32,Außer dem ſind noch viele Weiber u. Kinder Weibs-,"Außerdem sind noch viele Weiber und Kinder, weibliche","Furthermore, there are many women and children, female","Verder is daar baie vroue en kinders, vroulike"
NL-UtHUA_A363596_2431,32,"perſonen hier, die keine Männer, u. viele Kinder,","Personen hier, die keine Männer, und viele Kinder,","People here who are not men, and many children,","Mense hier wat nie mans is nie, en baie kinders,"
NL-UtHUA_A363596_2432,32,die keinen Vaters haben; ferner viele u. kranke,die keinen Vater haben; ferner viele alte und kranke,"those who have no father; furthermore, many old and sick people","diegene wat geen vader het nie; verder, baie ou en siek mense"
NL-UtHUA_A363596_2433,32,"Männer, deren Weiber u. Kinder unter obiger","Männer, deren Weiber und Kinder unter obiger",Men whose wives and children are under the above,Mans wie se vrouens en kinders onder die bogenoemde val
NL-UtHUA_A363596_2434,32,"Zahl nicht gehören. Dem ſollen auch diejenigen,","Zahl nicht gehören. Dem sollen auch diejenigen,",The number does not belong to this number. This should also apply to those who...,Die nommer behoort nie aan hierdie nommer nie. Dit behoort ook te geld vir diegene wat...
NL-UtHUA_A363596_2435,32,"die bey Baas Teunis wohnen, ebenfalls Koſt be-","die bei Baas Teunis wohnen, ebenfalls Kost bekommen.",Those who live at Baas Teunis's place also receive food.,"Diegene wat by Baas Teunis se plek woon, ontvang ook kos."
NL-UtHUA_A363596_2436,32,"kommen. Darüber ſind viele von denen, die am","Darüber sind viele von denen, die am",Many of those who are at,Baie van diegene wat by is
NL-UtHUA_A363596_2437,32,"18ten July von hier weggezogen ſind, d. ihre Sache","18. Juli von hier weggezogen sind, deren Sache","moved away from here on July 18th, whose cause","het op 18 Julie hiervandaan weggetrek, wie se oorsaak"
NL-UtHUA_A363596_2438,32,wird aber ſo grade ſeyn als der hieſigen. Am,wird aber so gerecht sein wie die hiesigen. Am,But it will be just as fair as the ones here. On,Maar dit sal net so regverdig wees soos dié hier.
NL-UtHUA_A363596_2439,32,"11ten war Br. Kühnel bey Baas Teunis, um die","11. war Bruder Kühnel bei Baas Teunis, um die","On the 11th, Brother Kühnel was with Baas Teunis to discuss the",Op die 11de was Broer Kühnel saam met Baas Teunis om die
NL-UtHUA_A363596_2440,32,"Vertheilung deſſen, was zu dieſem Zweck vom Edlen","Verteilung dessen, was zu diesem Zweck vom Edlen",Wird geladen...,Verdeling van wat die edelman vir hierdie doel voorsien het
NL-UtHUA_A363596_2441,32,"Herrn beſtimt iſt, zu verabreden. — Seit dem","Herrn bestimmt ist, zu verabreden. — Seit dem",Mr. [name] is to be arranged. — Since the,Mnr. [naam] moet gereël word. — Aangesien die
NL-UtHUA_A363596_2442,32,3ten July hatten wir mit unſern Hottentottiſchen,3. Juli hatten wir mit unseren Hottentottischen,"On July 3rd, we had a meeting with our Hottentots.",Op 3 Julie het ons 'n vergadering met ons Hottentotte gehad.
NL-UtHUA_A363596_2443,32,Communicanten kein Abendmahl gehabt. Da,Kommunikanten kein Abendmahl gehabt. Da,Communicants did not receive Holy Communion.,Kommunikante het nie die Heilige Nagmaal ontvang nie.
NL-UtHUA_A363596_2444,32,nun manche deren ſchon lange ein großes Verlangen,nun manche davon schon lange ein großes Verlangen,now some of them have long harbored a great desire,nou het sommige van hulle lank reeds 'n groot begeerte gekoester
NL-UtHUA_A363596_2445,32,"darnach bezeugt hatten, und unſer Jacob, deſſen","danach bezeugt hatten, und unser Jacob, dessen","had afterwards testified, and our Jacob, whose","het daarna getuig, en ons Jakob, wie se"
NL-UtHUA_A363596_2446,32,"Gang uns zu vieler Freude iſt, den eigentlichen","Gang uns zu vieler Freude ist, den eigentlichen","The walk is too much fun for us, the actual","Die stap is te veel pret vir ons, die eintlike"
NL-UtHUA_A363596_2447,32,"Charfreitag nicht abwarten kann, indem er bald","Karfreitag nicht abwarten kann, indem er bald",cannot wait for Good Friday by soon,kan nie wag vir Goeie Vrydag nie
NL-UtHUA_A363596_2448,32,"wieder an die Cap gehen muß, ſo beſchloſſen wir,","wieder an das Kap gehen muss, so beschlossen wir,",We decided we had to go back to the Cape.,Ons het besluit ons moet teruggaan Kaap toe.
NL-UtHUA_A363596_2449,32,dieſes Sacrament am 12ten zu begehen. Die Her-,dieses Sakrament am 12. zu begehen. Die Herzen,to celebrate this sacrament on the 12th. The hearts,om hierdie sakrament op die 12de te vier. Die harte
NL-UtHUA_A363596_2450,32,"zen waren alle in Thränen, da ihnen dieſes bekannt","waren alle in Tränen, da ihnen dieses bekannt","They were all in tears, as they knew this.","Hulle was almal in trane, want hulle het dit geweet."
NL-UtHUA_A363596_2451,32,"gemacht wurde, u. beſonders war Jacob ſehr","gemacht wurde, und besonders war Jacob sehr","was done, and Jacob was especially very","was klaar, en Jakob was veral baie"
NL-UtHUA_A363596_2452,32,dankbar.,dankbar.,thankful.,dankbaar.
NL-UtHUA_A363596_2453,32,"<pb n=""46a"" source=""NL-UtHUA_A363596_000046.jpg"" />","<pb n=""46a"" source=""NL-UtHUA_A363596_000046.jpg"" />","<pb n=""46a"" source=""NL-UtHUA_A363596_000046.jpg"" />","<pb n=""46a"" bron=""NL-UtHUA_A363596_000046.jpg"" />"
NL-UtHUA_A363596_2454,32,dankbar. Ein beſonderer Gottesfriede begleitete,dankbar. Ein besonderer Gottesfriede begleitete,Wird geladen...,Dankbaar. 'n Spesiale vrede van God het my vergesel.
NL-UtHUA_A363596_2455,32,dieſen Genuß. d. 14ten kam Baas Teunis zu uns.,diesen Genuss. Am 14. kam Baas Teunis zu uns.,"this pleasure. On the 14th, Baas Teunis came to us.",hierdie plesier. Op die 14de het Baas Teunis na ons toe gekom.
NL-UtHUA_A363596_2456,32,Er brachte die ſchriftliche Ordre vom Edlen Herrn,Er brachte die schriftliche Order vom Edlen Herrn,He brought the written order from the noble lord.,Hy het die geskrewe bevel van die edele heer gebring.
NL-UtHUA_A363596_2457,33,mit alles was nur von Hottentotten aufzutreiben,"mit, alles, was nur von Hottentotten aufzutreiben",with everything that could possibly be found from Hottentots,met alles wat moontlik van Hottentotte gevind kon word
NL-UtHUA_A363596_2458,33,"wäre, nach der Cap zu commandiren. Die hieſigen","wäre, an das Kap zu kommandieren. Die hiesigen",would be to commandeer the Cape. The local,sou wees om die Kaap te kommandeer. Die plaaslike
NL-UtHUA_A363596_2459,33,"müßten alle zuſammen kommen, d. ſo wurden noch","mussten alle zusammenkommen, so wurden noch","They all had to come together, so...","Hulle moes almal saamkom, so..."
NL-UtHUA_A363596_2460,33,"10 ausgeſucht, u. auch noch die 2, welche Erlaubniß","10 ausgesucht, und auch noch die 2, welche Erlaubnis","I selected 10, and also number 2, which permission?","Ek het 10 gekies, en ook nommer 2, watter toestemming?"
NL-UtHUA_A363596_2461,33,"bekommen hatten, hier zu bleiben. Darunter war","bekommen hatten, hier zu bleiben. Darunter war",had been given permission to stay here. Among them was,toestemming gekry om hier te bly. Onder hulle was
NL-UtHUA_A363596_2462,33,auch unſer Abraham. Nun war von unſern,auch unser Abraham. Nun war von unseren,"Our Abraham, too. Now, from our","Ons Abraham ook. Nou, van ons"
NL-UtHUA_A363596_2463,33,"Getauften nur noch David, welcher krank war,","Getauften nur noch David, welcher krank war,","Only David, who was ill, was still baptized.","Net Dawid, wat siek was, is steeds gedoop."
NL-UtHUA_A363596_2464,33,zu Hauſe. Unſern Knecht durften wir doch be-,zu Hause. Unseren Knecht durften wir doch behalten.,At home. We were allowed to keep our servant after all.,By die huis. Ons is immers toegelaat om ons bediende te hou.
NL-UtHUA_A363596_2465,33,halten. Es ſind reitende Boten überall hinge-,Es sind reitende Boten überall hingeschickt,Messengers on horseback have been sent everywhere.,Boodskappers te perd is oral gestuur.
NL-UtHUA_A363596_2466,33,"ſchickt worden, um Volk aufzutreiben; den die","worden, um Volk aufzutreiben; denn das",was used to raise people; for that,is gebruik om mense groot te maak; daarvoor
NL-UtHUA_A363596_2467,33,Cap ſoll den Engländern mit aller Macht ſtreitig,Kap soll den Engländern mit aller Macht streitig,The Cape should be contested by the English with all their might.,Die Kaap behoort met al hul mag deur die Engelse betwis te word.
NL-UtHUA_A363596_2469,33,gemacht werden. d. 15ten zogen die geſagten comandir-,gemacht werden. Am 15. zogen die besagten Kommandierten,"to be done. On the 15th, the aforementioned commanders moved in.",Wird geladen...
NL-UtHUA_A363596_2470,33,"ten von hier ab, und darunter unſre 2 Brüder","von hier ab, und darunter unsere 2 Brüder","from here on, and below us our two brothers","van hier af, en onder ons ons twee broers"
NL-UtHUA_A363596_2471,33,Jacob u. Abraham. Wir gaben ihnen gehörige,Jacob und Abraham. Wir gaben ihnen gehörige,Jacob and Abraham. We gave them proper,Jakob en Abraham. Ons het hulle behoorlike
NL-UtHUA_A363596_2472,33,Ermahnungen mit auf den Weg. Nun iſt aber,Ermahnungen mit auf den Weg. Nun ist aber,Warnings were given along the way. But now...,Waarskuwings is langs die pad gegee. Maar nou...
NL-UtHUA_A363596_2473,33,"alles von hier fort, was nur kriegen kann.","alles von hier fort, was nur kriegen kann.",Get everything you can from here.,Kry alles wat jy kan van hier af.
NL-UtHUA_A363596_2474,33,Baas Teunis ſchickte uns eine Copie von der,Baas Teunis schickte uns eine Kopie von der,Baas Teunis sent us a copy of the,Baas Teunis het vir ons 'n afskrif van die
NL-UtHUA_A363596_2475,33,"Aufforderung des Engliſchen Oberbefehlhabers,","Aufforderung des Englischen Oberbefehlshabers,","Request by the English Commander-in-Chief,","Versoek deur die Engelse opperbevelhebber,"
NL-UtHUA_A363596_2476,33,"worin er die Einſchließung anzeigt, die er","worin er die Einschließung anzeigt, die er",in which he indicates the enclosure which he,waarin hy die omhulsel aandui wat hy
NL-UtHUA_A363596_2477,33,"erhalten, u. die gutwillige Uebergabe der Stadt","erhalten, und die gutwillige Übergabe der Stadt","received, and the benevolent surrender of the city","ontvang, en die welwillende oorgawe van die stad"
NL-UtHUA_A363596_2478,33,"verlangt; u. zugleich die Antwort, daß man ſie","verlangt; und zugleich die Antwort, dass man sie",demands; and at the same time the answer that one can,eise; en terselfdertyd die antwoord wat 'n mens kan
NL-UtHUA_A363596_2479,33,"nicht übergeben, u. auch keinen Briefe von ihm",nicht übergeben und auch keinen Brief von ihm,not handed over and also no letter from him,nie oorhandig nie en ook geen brief van hom nie
NL-UtHUA_A363596_2480,33,annehmen,annehmen,assume,aanneem
NL-UtHUA_A363596_2481,33,"<pb n=""46b"" source=""NL-UtHUA_A363596_000046.jpg"" />","<pb n=""46b"" source=""NL-UtHUA_A363596_000046.jpg"" />",Wird geladen...,"<pb n=""46b"" bron=""NL-UtHUA_A363596_000046.jpg"" />"
NL-UtHUA_A363596_2482,33,annehmen wolle. Um ſo unerwarteter war es uns am,annehmen wolle. Umso unerwarteter war es uns am,I wanted to accept it. That made it all the more unexpected for us on,Ek wou dit aanvaar. Dit het dit vir ons des te meer onverwags gemaak.
NL-UtHUA_A363596_2483,33,"18ten früh, 4 Hottentotten von der Cap ankommen zu","18. früh, vier Hottentotten vom Kap ankommen zu","18th, early morning, four Hottentots arrive from the Cape.","Die 18de, vroegoggend, arriveer vier Hottentotte van die Kaap af."
NL-UtHUA_A363596_2484,33,"ſehen, welche erzählten, daß ſich die Stadt den","sehen, welche erzählten, dass sich die Stadt den",see which ones told that the city the,kyk watter het vertel dat die stad die
NL-UtHUA_A363596_2485,33,"Engländern ergeben habe, daß alle Hottentotten","Engländern ergeben habe, dass alle Hottentotten",The English concluded that all Hottentots,Wird geladen...
NL-UtHUA_A363596_2486,33,"ihren Abſchied bekommen hätten, u. jedem einen",ihren Abschied bekommen hätten und jedem ein,would have received their farewell and each one a,sou hul afskeid ontvang het en elkeen 'n
NL-UtHUA_A363596_2487,33,Reichsthaler ausgezahlt worden wäre. Zu Mit-,Reichstaler ausgezahlt worden wäre. Zu Mittag,Reichstaler would have been paid out. At noon.,Reichstaler sou uitbetaal gewees het. Teen die middaguur.
NL-UtHUA_A363596_2488,33,tag kamen auch einmal 18 Mann; u. dem immer,kamen auch einmal 18 Mann; und dann immer,Once 18 men came; and then always,Eenkeer het 18 mans gekom; en dan altyd
NL-UtHUA_A363596_2489,33,"2, 3, 4 mit einander. Darunter war auch unſer","2, 3, 4 miteinander. Darunter war auch unser","2, 3, 4 together. Ours was among them.","2, 3, 4 saam. Ons s’n was onder hulle."
NL-UtHUA_A363596_2490,33,"Isaac. Alle ſtimten darine überein, daß von unſern","Isaac. Alle stimmten darin überein, dass von unseren",Isaac. Everyone agreed that of our,Isak. Almal het saamgestem dat van ons
NL-UtHUA_A363596_2491,33,Leuten keiner im Gefechte geblieben ſey. Nach ihrer,Leuten keiner im Gefecht geblieben sei. Nach ihrer,No one remained in the battle. According to their,Niemand het in die geveg oorgebly nie. Volgens hulle
NL-UtHUA_A363596_2492,33,Ausſage machten den die Engländer am 14ten von,Aussage machten die Engländer am 14. von,The English made this statement on the 14th of,Die Engelse het hierdie verklaring op die 14de van gemaak
NL-UtHUA_A363596_2493,33,Meusbay nach der Cap zu; nach einigen Canonen-,Meusbay zum Kap auf; nach einigen Kanonenschüssen,Meusbay towards the cape; after a few cannon shots,Meusbaai na die kaap; na 'n paar kanonskote
NL-UtHUA_A363596_2494,33,ſchüße zogen ſich die Bürger bis dicht an die Cap zu-,zogen sich die Bürger bis dicht an das Kap zurück;,The citizens retreated almost to the cape;,Die burgers het amper tot by die kaap teruggetrek;
NL-UtHUA_A363596_2495,33,rücke; am 15ten marſchirten die Hottentotten in,am 15. marschierten die Hottentotten in,"On the 15th, the Hottentots marched into",Op die 15de het die Hottentotte ingetrek
NL-UtHUA_A363596_2496,33,"die Capſtadt, die Bauern gingen größten Theils","die Kapstadt, die Bauern gingen größtenteils","Cape Town, the farmers mostly went","Kaapstad, die boere het meestal gegaan"
NL-UtHUA_A363596_2497,33,"nach Hauſe, u. die Hottentotten bekamen ihren","nach Hause, und die Hottentotten bekamen ihren","home, and the Hottentots got theirs","huis toe, en die Hottentotte het hulle s'n gekry"
NL-UtHUA_A363596_2498,33,"Abſchied. Nun ſind wir, ſo viel wir wiſſen,","Abschied. Nun sind wir, soviel wir wissen,","Farewell. Now we are, as far as we know,","Vaarwel. Nou is ons, sover ons weet,"
NL-UtHUA_A363596_2499,33,unter Engliſcher Hoheit. Ein Bote vom Edlen,unter englischer Hoheit. Ein Bote vom Edlen,Under English sovereignty. A messenger from the nobleman,Onder Engelse soewereiniteit. 'n Boodskapper van die edelman
NL-UtHUA_A363596_2500,33,"Herrn, dem Landdroſt von Schwellendam,","Herrn, dem Landdrost von Swellendam,","Mr., the Landdrost of Swellendam,","Mnr., die Landdros van Swellendam,"
NL-UtHUA_A363596_2501,33,"der am 19ten bey uns durchgieng, brachte uns dieſelbe","der am 19. bei uns durchging, brachte uns dieselbe",the one that passed through our area on the 19th brought us the same,"die een wat op die 19de deur ons gebied gegaan het, het vir ons dieselfde gebring"
NL-UtHUA_A363596_2502,33,Nachricht. Heute kamen wieder viele Hottentot-,Nachricht. Heute kamen wieder viele Hottentotten,News. Many Hottentots arrived again today.,Nuus. Baie Hottentotte het vandag weer aangekom.
NL-UtHUA_A363596_2503,33,"ten nach Hauſe, u. am 20ten ſtellten nur","nach Hause, und am 20. stellten sich nur","home, and on the 20th only they showed up","huis toe, en eers op die 20ste het hulle opgedaag"
NL-UtHUA_A363596_2504,33,"noch ſehr wenige, ſo daß ſoviele in der Gnad.","noch sehr wenige, sodass so viele in der Gnade","Very few, so that so many are in grace","Baie min, sodat so baie in genade is"
NL-UtHUA_A363596_2505,33,"waren, als wir noch nicht hier geſehen","waren, als wir noch nicht hier gesehen",were when we hadn't yet been seen here,was toe ons nog nie hier gesien is nie
NL-UtHUA_A363596_2506,33,"hatten. Denn es kommen auch viele andere,","hatten. Denn es kommen auch viele andere,","had. Because many others are coming too,","gehad. Omdat baie ander ook kom,"
NL-UtHUA_A363596_2507,33,die,die,the,die
NL-UtHUA_A363596_2508,33,"<pb n=""47a"" source=""NL-UtHUA_A363596_000047.jpg"" />","<pb n=""47a"" source=""NL-UtHUA_A363596_000047.jpg"" />","<pb n=""47a"" source=""NL-UtHUA_A363596_000047.jpg"" />","<pb n=""47a"" source=""NL-UtHUA_A363596_000047.jpg"" />"
NL-UtHUA_A363596_2509,33,"die noch nicht hier gewohnet hatten, u. baten um","die noch nicht hier gewohnt hatten, und baten um","who had not lived here before, and asked for","wat nog nie voorheen hier gewoon het nie, en gevra het vir"
NL-UtHUA_A363596_2510,33,Erlaubniß mit ihren Familien hierher zu ziehen.,"Erlaubnis, mit ihren Familien hierher zu ziehen.",Permission to move here with their families.,Toestemming om hierheen te trek saam met hul gesinne.
NL-UtHUA_A363596_2511,33,"Wir ſagten ihnen, ſie möchten noch ein wenig war-","Wir sagten ihnen, sie möchten noch ein wenig warten,",We told them they should wait a little longer.,Ons het vir hulle gesê hulle moet nog 'n bietjie wag.
NL-UtHUA_A363596_2512,33,"ten, denn wir hätten nur eine neue Obrigkeit",denn wir hätten nur eine neue Obrigkeit,because we would only have a new authority,want ons sou net 'n nuwe gesag hê
NL-UtHUA_A363596_2513,33,"u. wüßten erſt richten, wie die es geſinnt ſey.","und wüssten erst, wie diese gesinnt sei.",and would only then know what her views were.,en sou dan eers weet wat haar sienings was.
NL-UtHUA_A363596_2514,33,Die Verſammlung mußte vor dem Hauſe gehalten,Die Versammlung musste vor dem Hause gehalten,The assembly had to be held in front of the house.,Die vergadering moes voor die huis gehou word.
NL-UtHUA_A363596_2515,33,"werden, weil nicht das 4te Theil darin Platz","werden, weil nicht das vierte Teil darin Platz","will be, because there isn't room for the fourth part.","sal wees, want daar is nie plek vir die vierde deel nie."
NL-UtHUA_A363596_2516,33,gehabt haben würde. Es war eine große Bewegung,gehabt haben würde. Es war eine große Bewegung,would have had. It was a big movement.,sou gehad het. Dit was 'n groot beweging.
NL-UtHUA_A363596_2517,33,"unter ihnen. Viele ſagten, daß ſie Gott nicht ge-","unter ihnen. Viele sagten, dass sie Gott nicht genug",among them. Many said that they did not have enough for God.,onder hulle. Baie het gesê dat hulle nie genoeg vir God het nie.
NL-UtHUA_A363596_2518,33,nug für ihre Bewahrung danken könnten; es,für ihre Bewahrung danken könnten; es,could be thankful for their preservation; it,kon dankbaar wees vir hul bewaring; dit
NL-UtHUA_A363596_2519,33,"ſey oft ein Gefechte ſo geweſen, als wenn es Kugeln","sei oft ein Gefecht so gewesen, als wenn es Kugeln","Often, a battle was as if bullets were flying",Dikwels was 'n geveg asof koeëls vlieg
NL-UtHUA_A363596_2520,33,"regnete, u. ſie wären unter ſie gefallen wie Sand","regnete, und sie wären unter sie gefallen wie Sand","It rained, and they would have fallen beneath it like sand.","Dit het gereën, en hulle sou soos sand daaronder geval het."
NL-UtHUA_A363596_2521,33,u. hätten ihnen doch nichts gethan. Einem war,und hätten ihnen doch nichts getan. Einem war,and yet they hadn't done anything to them. One of them was,en tog het hulle niks aan hulle gedoen nie. Een van hulle was
NL-UtHUA_A363596_2522,33,eine Canonen Kugel zwiſchen den Beinen durchgegan-,eine Kanonenkugel zwischen den Beinen durchgegangen.,A cannonball passed between her legs.,'n Kanonskogel het tussen haar bene deurgevlieg.
NL-UtHUA_A363596_2523,33,gen. Uebrigens haben die Hottentotten durchgängig,Übrigens haben die Hottentotten durchgängig,"Incidentally, the Hottentots have been around continuously","Terloops, die Hottentotte bestaan al heeltyd"
NL-UtHUA_A363596_2524,33,"das Lob, daß ſie treuen Soldaten ſind. Sie","das Lob, dass sie treue Soldaten sind. Sie",The praise that they are loyal soldiers. They,Die lof dat hulle lojale soldate is. Hulle
NL-UtHUA_A363596_2525,33,"müßten auch überall voran, u. die Bürger und","mussten auch überall voran, und die Bürger und","They also had to go first everywhere, and the citizens and","Hulle moes ook oral eerste gaan, en die burgers en"
NL-UtHUA_A363596_2526,33,Bauern folgten in einer wohlgewählten Entfer-,Bauern folgten in einer wohlgewählten Entfernung,Farmers followed at a well-chosen distance.,Boere het op 'n goed gekose afstand gevolg.
NL-UtHUA_A363596_2527,33,nung hinter drein. d. 22ten wurde das Söhnlein,hinterdrein. Am 22. wurde das Söhnlein,"Afterwards. On the 22nd, the little son was born.",Daarna. Op die 22ste is die seuntjie gebore.
NL-UtHUA_A363596_2528,33,unſers Hrn. Bedgen mit Namen Christian ge-,unseres Herrn Bedgen mit Namen Christian getauft.,Our Lord Bedgen was baptized with the name Christian.,Ons Heer Bedgen is gedoop met die naam Christen.
NL-UtHUA_A363596_2529,33,tauft. d. 23ten kam auch unſer Jacob von der Cap,Am 23. kam auch unser Jacob vom Kap,Our Jacob also arrived from Cape Town on the 23rd.,Ons Jakob het ook op die 23ste van Kaapstad af aangekom.
NL-UtHUA_A363596_2530,33,wieder; er hatte wegen eines Auftrages von,wieder; er hatte wegen eines Auftrages von,Wird geladen...,weer; hy was opdrag gegee deur
NL-UtHUA_A363596_2531,33,Baas Teunis nicht eher kommen können. d. 24ten,Baas Teunis nicht eher kommen können. Am 24.,Baas Teunis could not come any sooner. On the 24th.,Baas Teunis kon nie vroeër kom nie. Op die 24ste.
NL-UtHUA_A363596_2532,33,erhielten wir durch Baas Teunis ein Schreiben,erhielten wir durch Baas Teunis ein Schreiben,We received a letter from Baas Teunis,Ons het 'n brief van Baas Teunis ontvang.
NL-UtHUA_A363596_2533,34,"des Engliſchen Befehlhabers, worinn die Ein-","des Englischen Befehlshabers, worin die Einwohner","of the English commander, in which the inhabitants","van die Engelse bevelvoerder, waarin die inwoners"
NL-UtHUA_A363596_2534,34,wohner ihrer Pflicht gegen die Compagnie,ihrer Pflicht gegen die Kompanie,their duty to the company,hul plig teenoor die maatskappy
NL-UtHUA_A363596_2535,34,entlaſſen,entlassen,dismissed,ontslaan
NL-UtHUA_A363596_2536,34,"<pb n=""47b"" source=""NL-UtHUA_A363596_000047.jpg"" />","<pb n=""47b"" source=""NL-UtHUA_A363596_000047.jpg"" />","<pb n=""47b"" source=""NL-UtHUA_A363596_000047.jpg"" />","<pb n=""47b"" bron=""NL-UtHUA_A363596_000047.jpg"" />"
NL-UtHUA_A363596_2538,34,"entlaſſen wurden, mit der Verſicherung, daß für ihr","entlassen wurden, mit der Versicherung, dass für ihr","were dismissed, with the assurance that for their","is ontslaan, met die versekering dat vir hul"
NL-UtHUA_A363596_2539,34,"Beſtes geſorgt, u. jeder mit ſeinen Beſchwerden",Bestes gesorgt und jeder mit seinen Beschwerden,We took the best care of everyone and addressed their concerns,Ons het die beste na almal omgesien en hul bekommernisse aangespreek
NL-UtHUA_A363596_2540,34,angehört werden ſolle. Dieſes Schreiben war vom,angehört werden solle. Dieses Schreiben war vom,to be heard. This letter was from,om gehoor te word. Hierdie brief was van
NL-UtHUA_A363596_2541,34,General Major Craig unterſchrieben. Zugleich er-,Generalmajor Craig unterschrieben. Zugleich erhielten,"Major General Craig signed. At the same time, they received",Generaal-majoor Craig het geteken. Terselfdertyd het hulle ontvang
NL-UtHUA_A363596_2542,34,"hielten wir die 13 Capitulations-Artikel,","wir die 13 Kapitulationsartikel,","we the 13 articles of surrender,","ons die 13 artikels van oorgawe,"
NL-UtHUA_A363596_2543,34,"das unter auch dieſer war, daß aller Gottesdien-","darunter auch dieser war, dass alle Gottesdienste",This included the fact that all church services,Dit het die feit ingesluit dat alle kerkdienste
NL-UtHUA_A363596_2544,34,ſte ungeſtört bleiben ſollen. Sie waren vom,ungestört bleiben sollen. Sie waren vom,They should remain undisturbed. They were from,Hulle moet ongestoord bly. Hulle was van
NL-UtHUA_A363596_2545,34,General Clarke unterſchrieben. In den folgen-,General Clarke unterschrieben. In den folgenden,General Clarke signed. In the following,Generaal Clarke het geteken. In die volgende
NL-UtHUA_A363596_2546,34,"den Tagen waren viele Bauern bey uns, um","Tagen waren viele Bauern bei uns, um",Many farmers visited us in the last few days to...,Baie boere het ons die afgelope paar dae besoek om...
NL-UtHUA_A363596_2547,34,Hottentotten zu miethen. Wir beſchloſſen den,Hottentotten zu mieten. Wir beschlossen den,to hire Hottentots. We decided to,om Hottentotte aan te stel. Ons het besluit om
NL-UtHUA_A363596_2548,34,"Monat mit dem herzlichen Wunſch, daß man bald","Monat mit dem herzlichen Wunsch, dass man bald",Month with the heartfelt wish that one soon,Maand met die hartlike wens dat een binnekort
NL-UtHUA_A363596_2549,34,für uns ein Wege zur Comunication mit unſern,für uns einen Weg zur Kommunikation mit unseren,for us a way to communicate with our,vir ons 'n manier om met ons te kommunikeer
NL-UtHUA_A363596_2550,34,lieben Brüdern geöfnet werden möchte; Denn,lieben Brüdern geöffnet werden möchte; denn,I wish to be opened to my dear brothers; for,Ek wil graag vir my liewe broers oopgemaak word; want
NL-UtHUA_A363596_2551,34,"wir haben viel zu berichten, u. möchten auch",wir haben viel zu berichten und möchten auch,We have a lot to report and would also like to,Ons het baie om te rapporteer en wil ook graag
NL-UtHUA_A363596_2552,34,gern viel hören. Wir haben jezt eine Zeitlang,gern viel hören. Wir haben jetzt eine Zeit lang,I like to hear a lot. We've had a while now.,Ek hou daarvan om baie te hoor. Ons het nou al 'n rukkie gehad.
NL-UtHUA_A363596_2553,34,von den Kriegs- oder Nationalen Ruhe gehabt;,von den Kriegs- oder Nationalen Ruhe gehabt;,from the war or national truce;,van die oorlog of nasionale wapenstilstand;
NL-UtHUA_A363596_2554,34,denn ſie waren ganz beſtürzt über die vorge-,denn sie waren ganz bestürzt über die vorgekommenen,because they were quite dismayed by what had happened,want hulle was nogal ontsteld oor wat gebeur het
NL-UtHUA_A363596_2555,34,"kommenen Veränderung, u. ſcheinen ihre Sache auf ge-",Veränderungen und scheinen ihre Sache aufgegeben,Changes and they seem to have given up their cause,Veranderinge en dit lyk asof hulle hul saak prysgegee het
NL-UtHUA_A363596_2556,34,geben zu haben. Doch hört man noch hie und,zu haben. Doch hört man noch hie und,to have. But one still hears here and there and,om te hê. Maar mens hoor steeds hier en daar en
NL-UtHUA_A363596_2557,34,da eine Drohung. d. 3ten Oct. hielten wir,da eine Drohung. Am 3. Oktober hielten wir,"There was a threat. On October 3rd, we held",Daar was 'n bedreiging. Op 3 Oktober het ons gehou
NL-UtHUA_A363596_2558,34,Conferenz. Da wir nun eine neue Regierung,Konferenz. Da wir nun eine neue Regierung,Conference. Since we now have a new government,Konferensie. Aangesien ons nou 'n nuwe regering het
NL-UtHUA_A363596_2559,34,"haben, ſo hatten wir einander darauf gehofft, daß","haben, so hatten wir einander darauf gehofft, dass",We had hoped that...,Ons het gehoop dat...
NL-UtHUA_A363596_2560,34,unſer Freunde auf der Cap uns beſuchen,unsere Freunde am Kap uns besuchen,our friends at the Cape are visiting us,Ons vriende in die Kaap besoek ons
NL-UtHUA_A363596_2561,34,"müßten, wofür wir uns zu ihnen zu verſehen","müssten, wofür wir uns zu ihnen zu versehen",We would have to prepare ourselves for what we would have to do with them,Ons sou onsself moes voorberei vir wat ons met hulle sou moes doen
NL-UtHUA_A363596_2562,34,"hätten; weil dieſes aber nicht geſchehen iſt,","hätten; weil dieses aber nicht geschehen ist,","would have; but because this did not happen,","sou hê; maar omdat dit nie gebeur het nie,"
NL-UtHUA_A363596_2563,34,ſo,so,so,so
NL-UtHUA_A363596_2564,34,"<pb n=""48a"" source=""NL-UtHUA_A363596_000048.jpg"" />","<pb n=""48a"" source=""NL-UtHUA_A363596_000048.jpg"" />","<pb n=""48a"" source=""NL-UtHUA_A363596_000048.jpg"" />","<pb n=""48a"" bron=""NL-UtHUA_A363596_000048.jpg"" />"
NL-UtHUA_A363596_2565,34,"ſo reſolvirten wir, das Br. Marsveld mit unſerm","so resolvierten wir, dass Bruder Marsveld mit unserem",So we resolved that Brother Marsveld would join our,So het ons besluit dat Broer Marsveld by ons sou aansluit
NL-UtHUA_A363596_2566,34,"Jacob morgen dahin abreiſen ſolte, um der Regie-","Jacob morgen dahin abreisen sollte, um der Regierung",Jacob was supposed to leave there tomorrow to meet with the government,Jacob sou môre daarheen vertrek om met die regering te vergader.
NL-UtHUA_A363596_2567,34,rung unſere Aufwartung zu machen u. ihren,unsere Aufwartung zu machen und ihren,to pay our respects and their,om ons respek en hul
NL-UtHUA_A363596_2568,34,Schutz zu erbitten. Da man wie doch ſo viele Hotten-,Schutz zu erbitten. Da man doch so viele Hottentotten,to request protection. Since there are so many Hottentots.,om beskerming aan te vra. Aangesien daar so baie Hottentotte is.
NL-UtHUA_A363596_2569,34,"totten bey ihm die durch uns ſind, iſt Baas Teunis","bei ihm hat, die durch uns sind, ist Baas Teunis","He has, those who are through us, Baas Teunis","Hy het, diegene wat deur ons is, Baas Teunis"
NL-UtHUA_A363596_2570,34,"aufs neue ſehr aufgebracht, u. hat ſich Ausdrücke",aufs Neue sehr aufgebracht und hat sich Ausdrücke,He became very upset again and used strong language.,Hy het weer baie ontsteld geraak en kru taal gebruik.
NL-UtHUA_A363596_2571,34,"erlaubt, die ſo ſchlecht ſind, daß wir ſie nicht ſchrei-","erlaubt, die so schlecht sind, dass wir sie nicht schreiben","allowed, those that are so bad that we don't write them","toegelaat, dié wat so sleg is dat ons hulle nie skryf nie"
NL-UtHUA_A363596_2572,34,ben mögen. Noch immer liegen eine Menge,mögen. Noch immer liegen eine Menge,like. There are still a lot lying around.,soos. Daar lê nog baie rond.
NL-UtHUA_A363596_2573,34,"Hottentotten bey ihm, die darauf beſtehen, zu uns","Hottentotten bei ihm, die darauf bestehen, zu uns","Hottentots with him, who insist on coming to us","Hottentotte saam met hom, wat daarop aandring om na ons toe te kom"
NL-UtHUA_A363596_2574,34,"zu ziehen, u. die er durchaus nicht zu uns laſſen","zu ziehen, und die er durchaus nicht zu uns lassen","to move, and he certainly won't let them come to us.","om te trek, en hy sal hulle beslis nie na ons toe laat kom nie."
NL-UtHUA_A363596_2575,34,will. Auch die Nationalen bey Schwellendam,will. Auch die Nationalen bei Swellendam,will. Also the nationals at Swellendam.,sal. Ook die onderdane by Swellendam.
NL-UtHUA_A363596_2576,34,"ſollen ſich wieder zuſammentotten, um ihr Recht,","sollen sich wieder zusammentun, um ihr Recht,","should reunite to fight for their rights,","moet herenig om vir hul regte te veg,"
NL-UtHUA_A363596_2577,34,"das ſie über die Hottentotten zu haben glauben,","das sie über die Hottentotten zu haben glauben,",that they believe they have about the Hottentots,wat hulle glo hulle oor die Hottentotte het
NL-UtHUA_A363596_2578,34,"durchzuſetzen, u. dabey wird gleich auch unſers","durchzusetzen, und dabei wird gleich auch unser","to enforce, and in the process our","af te dwing, en in die proses ons"
NL-UtHUA_A363596_2579,34,"fleißig gedacht. Unter andern hörten wir,","fleißig gedacht. Unter anderem hörten wir,","We thought diligently. Among other things, we heard,","Ons het ywerig gedink. Onder andere het ons gehoor,"
NL-UtHUA_A363596_2580,34,"daß Bisani damals, als er uns vertrieb, ge-","dass Pisani damals, als er uns vertrieb, gesagt","that Pisani said back then, when he drove us out","wat Pisani destyds gesê het, toe hy ons uitgedryf het"
NL-UtHUA_A363596_2581,34,"ſagt haben ſoll: ""dieſe Leute geben die rechte",haben soll: „Diese Leute geben die rechte,allegedly said: “These people give the right,na bewering gesê: “Hierdie mense gee die reg
NL-UtHUA_A363596_2582,34,Lehre des wahren Jeſu u. ſie führen die Hottentotten,Lehre des wahren Jesus und sie führen die Hottentotten,Teachings of the true Jesus and they lead the Hottentots,Leerstellings van die ware Jesus en hulle lei die Hottentotte
NL-UtHUA_A363596_2583,34,den rechten Weg; ich bin nun aber ein mal des,den rechten Weg; ich bin nun aber einmal des,the right way; but I am now of the,die regte manier; maar ek is nou van die
NL-UtHUA_A363596_2584,34,"Teufels u. muß verloren gehen, ſo will ich nun","Teufels und muss verloren gehen, so will ich nun","Devil and must be lost, so I will now","Duiwel en moet verlore wees, so ek sal nou"
NL-UtHUA_A363596_2585,34,"auch alles anwenden, daß den Hottentotten","auch alles anwenden, dass den Hottentotten",also apply everything that the Hottentots,pas ook alles toe wat die Hottentotte
NL-UtHUA_A363596_2586,34,das Evangelium nicht verkündigt werde; ich,das Evangelium nicht verkündigt werde; ich,the gospel is not proclaimed; I,die evangelie word nie verkondig nie; ek
NL-UtHUA_A363596_2587,34,"muß doch verloren gehen, ich thue das, oder","muss doch verloren gehen, ich tue das, oder","It must be lost, I do that, or","Dit moet verlore wees, ek doen dit, of"
NL-UtHUA_A363596_2588,34,"thue es nicht."" d. 8ten machten ſich einige Hotten-","tue es nicht.“ Am 8. machten sich einige Hottentotten,","""Don't do it."" On the 8th, some Hottentots set out,","""Moenie dit doen nie."" Op die 8ste het 'n paar Hottentotte vertrek,"
NL-UtHUA_A363596_2589,34,"totten, denen Baas Teunis ſo übel begegnet",denen Baas Teunis so übel begegnet,whom Baas Teunis treated so badly,wat Baas Teunis so sleg behandel het
NL-UtHUA_A363596_2590,34,hatte,"hatte,","had,","gehad,"
NL-UtHUA_A363596_2591,34,"<pb n=""48b"" source=""NL-UtHUA_A363596_000048.jpg"" />","<pb n=""48b"" source=""NL-UtHUA_A363596_000048.jpg"" />","<pb n=""48b"" source=""NL-UtHUA_A363596_000048.jpg"" />","<pb n=""48b"" bron=""NL-UtHUA_A363596_000048.jpg"" />"
NL-UtHUA_A363596_2592,34,"hatte, auf den Weg nach der Cap, um die neue Re-","hatte, auf den Weg nach dem Kap, um die neue Regierung","had, on the way to the Cape to meet the new government","gehad, op pad na die Kaap om die nuwe regering te ontmoet"
NL-UtHUA_A363596_2593,34,"gierung um Hülfe u. Freyheit zu bitten, Gottes Wort","um Hilfe und Freiheit zu bitten, Gottes Wort","to ask for help and freedom, God's word","om hulp en vryheid te vra, God se woord"
NL-UtHUA_A363596_2594,34,anzuhören. d. 13ten ſpät Abends kam Abraham,anzuhören. Am 13. spät abends kam Abraham,"to listen to. On the 13th, late in the evening, Abraham arrived.","om na te luister. Op die 13de, laat in die aand, het Abraham aangekom."
NL-UtHUA_A363596_2595,34,"uns zu ſagen, daß ſo eben 2 Weiber in ſeinem","uns zu sagen, dass soeben 2 Weiber in seinem",to tell us that there were just two women in his,om vir ons te sê dat daar net twee vroue in hom was
NL-UtHUA_A363596_2596,34,Vaters Hauſe ohnmächtig geworden wären. Auf,Vaters Hause ohnmächtig geworden wären. Auf,Father's house would have collapsed. On,Pa se huis sou ineengestort het.
NL-UtHUA_A363596_2597,34,"die Frage, was die Urſache ſey? ſagte er: ""Als","die Frage, was die Ursache sei, sagte er: „Als","When asked what the cause was, he said: “When","Toe hy gevra is wat die oorsaak was, het hy gesê: “Toe"
NL-UtHUA_A363596_2598,34,"wir gegeſſen hatten, danken wir dem Heiland","wir gegessen hatten, dankten wir dem Heiland","After we had eaten, we thanked the Savior.","Nadat ons geëet het, het ons die Verlosser gedank."
NL-UtHUA_A363596_2599,34,"in ein paar Verſen, da ſagte die eine: ach mein","in ein paar Versen, da sagte die eine: Ach, mein","In a few verses, one of them said: Oh, my","In 'n paar verse het een van hulle gesê: O, my"
NL-UtHUA_A363596_2600,34,"Herz thut mir wehe, wenn ich höre, was der","Herz tut mir weh, wenn ich höre, was der",My heart aches when I hear what the,My hart pyn as ek hoor wat die
NL-UtHUA_A363596_2601,34,"Heiland für uns gethan hat — wir ſungen fort,","Heiland für uns getan hat – wir sungen fort,","What the Savior has done for us – we continued to sing,","Wat die Verlosser vir ons gedoen het – ons het aangehou sing,"
NL-UtHUA_A363596_2602,34,"da fiel ſie um, und dann auch die zweyte.""","da fiel sie um, und dann auch die zweite.“","Then it fell over, and then the second one did too.”","Toe het dit omgeval, en toe het die tweede een ook.”"
NL-UtHUA_A363596_2603,34,"Wir giengen hin, u. halfen ihnen mit Eſſig",Wir gingen hin und halfen ihnen mit Essig,We went there and helped them with vinegar.,Ons het soontoe gegaan en hulle met asyn gehelp.
NL-UtHUA_A363596_2604,34,"zu raths. Es ſind ein paar ganz neue Leute,","zu Rate. Es sind ein paar ganz neue Leute,","to consult. There are a few completely new people,","om te raadpleeg. Daar is 'n paar heeltemal nuwe mense,"
NL-UtHUA_A363596_2605,34,"die uns am 14ten beſuchten, u. ſagten, es ginge","die uns am 14. besuchten und sagten, es ginge",who visited us on the 14th and said it was going,wat ons op die 14de besoek het en gesê het dit gaan
NL-UtHUA_A363596_2606,34,"ihnen gar zu nahe, zu hören, was der Heiland","ihnen gar zu nahe, zu hören, was der Heiland",too close to them to hear what the Savior,te naby aan hulle om te hoor wat die Verlosser
NL-UtHUA_A363596_2608,34,aus Liebe zu ihnen gethan u. gelitten hätte.,aus Liebe zu ihnen getan und gelitten hätte.,would have done and suffered out of love for them.,sou gedoen en gely het uit liefde vir hulle.
NL-UtHUA_A363596_2609,34,"Uebrigens iſt es nun ſehr im Gebrauch, nicht","Übrigens ist es nun sehr im Gebrauch, nicht","Incidentally, it is now very much in use, not","Terloops, dit is nou baie in gebruik, nie"
NL-UtHUA_A363596_2610,35,"nur unter den Getauften, ſondern auch ins Gemein,","nur unter den Getauften, sondern auch im Allgemeinen,","not only among the baptized, but also in general,","nie net onder die gedooptes nie, maar ook in die algemeen,"
NL-UtHUA_A363596_2611,35,"nach dem Eſſen ein paar Verſe zu ſingen,","nach dem Essen ein paar Verse zu singen,","to sing a few verses after the meal,","om 'n paar verse na die ete te sing,"
NL-UtHUA_A363596_2612,35,"u. ſo auch, ehe ſie ſich ſchlafen legen. Abends","und so auch, ehe sie sich schlafen legen. Abends",and so it is before they go to sleep. In the evenings,en so is dit voordat hulle gaan slaap. In die aande
NL-UtHUA_A363596_2613,35,kam Br. Marsveld von der Cap zurück. Er,kam Bruder Marsveld vom Kap zurück. Er,Brother Marsveld returned from the Cape.,Broer Marsveld het van die Kaap teruggekeer.
NL-UtHUA_A363596_2614,35,berichtet von ſeiner Reiſe folgendes:,berichtet von seiner Reise folgendes:,He reported the following about his journey:,Hy het die volgende oor sy reis berig:
NL-UtHUA_A363596_2615,35,d. 6ten Abends kam ich bey unſerm l. Freund,Am 6. abends kam ich bei unserem lieben Freund,"On the evening of the 6th, I arrived at our dear friend's house.",Op die aand van die 6de het ek by ons liewe vriend se huis aangekom.
NL-UtHUA_A363596_2616,35,M. Schmidt an. d. 7ten gieng ich zu dem Engliſchen,M. Schmidt an. Am 7. ging ich zu dem Englischen,M. Schmidt. On the 7th I went to the English,M. Schmidt. Op die 7de het ek na die Engelse
NL-UtHUA_A363596_2617,35,"General u. dem General Major, um ihnen","General und dem Generalmajor, um ihnen","General and the Major General, to help them","Generaal en die Generaal-Majoor, om hulle te help"
NL-UtHUA_A363596_2618,35,hier,hier,here,hier
NL-UtHUA_A363596_2619,35,"<pb n=""49a"" source=""NL-UtHUA_A363596_000049.jpg"" />","<pb n=""49a"" source=""NL-UtHUA_A363596_000049.jpg"" />","<pb n=""49a"" source=""NL-UtHUA_A363596_000049.jpg"" />","<pb n=""49a"" source=""NL-UtHUA_A363596_000049.jpg"" />"
NL-UtHUA_A363596_2620,35,"hier mich u. meine zwey Brüder zu ſagen, wer wir","hier mich und meine zwei Brüder vorzustellen, wer wir","Here I'd like to introduce myself and my two brothers, who we are","Hier wil ek myself en my twee broers voorstel, wie ons is"
NL-UtHUA_A363596_2621,35,"wären, nemlich von der Evangeliſchen Brüder","wären, nämlich von der Evangelischen BrüderUnität","would be, namely from the Moravian Church","sou wees, naamlik van die Morawiese Kerk"
NL-UtHUA_A363596_2622,35,"Unität geſandte Miſſionarien, um den Hottentot-","gesandte Missionare, um den Hottentotten",missionaries sent to the Hottentots,sendelinge gestuur na die Hottentotte
NL-UtHUA_A363596_2623,35,ten das Evangelium zu verkündigen. Und da,das Evangelium zu verkündigen. Und da,to proclaim the gospel. And there,om die evangelie te verkondig. En daar
NL-UtHUA_A363596_2624,35,"alle Gottesdienſtliche Verſammlungen erlaubt wären,","alle gottesdienstlichen Versammlungen erlaubt wären,","all religious services would be permitted,","alle godsdienstige dienste sou toegelaat word,"
NL-UtHUA_A363596_2625,35,"ſo erbäte ich mir nun Erlaubniß, das wir die Verkün-","so erbat ich mir nun Erlaubnis, dass wir die Verkündigung",So I asked for permission to make the announcement,So ek het toestemming gevra om die aankondiging te maak
NL-UtHUA_A363596_2626,35,"digung des Evangelii auch fortsetzen dürften, wie","des Evangeliums auch fortsetzen dürften, wie","of the Gospel, they may also continue, as","van die Evangelie, kan hulle ook voortgaan, soos"
NL-UtHUA_A363596_2627,35,"auch um ihren Schutz dabey, worauf ich die","auch um ihren Schutz dabei, worauf ich die","also to protect them in the process, to which I added the","ook om hulle in die proses te beskerm, waarby ek die bygevoeg het"
NL-UtHUA_A363596_2628,35,ſehr günſtige Antwort erhielt: wir möchten,sehr günstige Antwort erhielt: Wir möchten,We received a very favorable response: We would like,Ons het 'n baie gunstige reaksie ontvang: Ons wil graag
NL-UtHUA_A363596_2629,35,"nur Fortſetzung des Evangelium zu verkündigen,","nur die Fortsetzung des Evangeliums verkündigen,","only to proclaim the continuation of the gospel,","net om die voortsetting van die evangelie te verkondig,"
NL-UtHUA_A363596_2630,35,Schutz u. Schirm ſollten wir genießen. Ich dankte,Schutz und Schirm sollten wir genießen. Ich dankte,We should enjoy protection and shelter. I thanked you.,Ons behoort beskerming en skuiling te geniet. Ek het jou bedank.
NL-UtHUA_A363596_2631,35,"ihnen im Namen meiner beiden Brüder dafür,",ihnen im Namen meiner beiden Brüder dafür,to them on behalf of my two brothers for this,aan hulle namens my twee broers hiervoor
NL-UtHUA_A363596_2632,35,u. gieng von da zu dem Edlen Herrn Sluysken (dem vorma-,und ging von da zu dem Edlen Herrn Sluysken (dem ehemaligen,and went from there to the nobleman Sluysken (the former,en het van daar af na die edelman Sluysken (die voormalige) gegaan
NL-UtHUA_A363596_2633,35,ligen Edlen Herrn oder Gouverneur) u. dankte,Edlen Herrn oder Gouverneur) und dankte,(noble lord or governor) and thanked,(edele heer of goewerneur) en bedank
NL-UtHUA_A363596_2634,35,ihm auf gleiche Weiſe für ſeinen uns erwieſenem,ihm auf gleiche Weise für seine uns erwiesene,to him in the same way for what he has done for us,aan Hom op dieselfde manier vir wat Hy vir ons gedoen het
NL-UtHUA_A363596_2635,35,"Gewogenheit u. Schutz. Er ſagte: ""Ich habe gethan","Gewogenheit und Schutz. Er sagte: „Ich habe getan,","Kindness and protection. He said: “I have done,","Goedhartigheid en beskerming. Hy het gesê: “Ek het gedoen,"
NL-UtHUA_A363596_2636,35,was ich konnte; habe Ihretwegen an den General,was ich konnte; habe Ihretwegen an den Generalmajor,as best I could; I contacted the Major General on your behalf.,so goed as wat ek kon; ek het die Generaal-Majoor namens u gekontak.
NL-UtHUA_A363596_2637,35,"Major geſchrieben, u. angezeigt, wie ſie uns von","geschrieben und angezeigt, wie Sie uns von",written and displayed how you can contact us,geskryf en vertoon hoe u ons kan kontak
NL-UtHUA_A363596_2638,35,"der Compagnie empfohlen worden ſind, mit dem","der Kompanie empfohlen worden sind, mit dem","have been recommended to the company, with the","is aan die maatskappy aanbeveel, met die"
NL-UtHUA_A363596_2639,35,"Erſuchen, daß auch er Sie ſeines Schutzes ge-","Ersuchen, dass auch er Sie seines Schutzes gewähren",Request that he also grant you his protection.,Vra dat hy jou ook sy beskerming sal gee.
NL-UtHUA_A363596_2640,35,währen laſſen wolle; habe auch darauf er-,lassen wolle; habe auch darauf erwünschte,want to leave; also have desired,wil vertrek; het ook verlang
NL-UtHUA_A363596_2641,35,wünſchte Antwort erhalten: d. 8ten beſuchte ich,Antwort erhalten.“ Am 8. besuchte ich,"""Received a reply."" On the 8th, I visited","""'n Antwoord ontvang."" Op die 8ste het ek besoek afgelê"
NL-UtHUA_A363596_2642,35,geweſene gute Freunde. d. 9ten wollte ich wieder,gewesene gute Freunde. Am 9. wollte ich wieder,Former good friends. On the 9th I wanted to see them again.,Voormalige goeie vriende. Op die 9de wou ek hulle weer sien.
NL-UtHUA_A363596_2643,35,"nach Hauſe reiſen, da aber ein ſtürmiſches Wetter","nach Hause reisen, da aber ein stürmisches Wetter","travel home, but there is stormy weather","reis huis toe, maar daar is stormweer"
NL-UtHUA_A363596_2644,35,"angetrieben war, u. ich fremde Briefe für uns",angebrochen war und ich fremde Briefe für uns,had begun and I read foreign letters for us,het begin en ek het buitelandse briewe vir ons gelees
NL-UtHUA_A363596_2645,35,zu,zu,to,om
NL-UtHUA_A363596_2646,35,"<pb n=""49b"" source=""NL-UtHUA_A363596_000049.jpg"" />","<pb n=""49b"" source=""NL-UtHUA_A363596_000049.jpg"" />","<pb n=""49b"" source=""NL-UtHUA_A363596_000049.jpg"" />","<pb n=""49b"" source=""NL-UtHUA_A363596_000049.jpg"" />"
NL-UtHUA_A363596_2647,35,"zu bekommen gedachte, ſo blieb ich noch den, wiewol","zu bekommen gedachte, so blieb ich noch, wiewohl","I intended to get it, so I stayed a while longer, although","Ek was van plan om dit te kry, so ek het nog 'n rukkie gebly, alhoewel"
NL-UtHUA_A363596_2648,35,"vergeblich, weil kein Menſch an Bord gehen durfte.","vergeblich, weil kein Mensch an Bord gehen durfte.","In vain, because no one was allowed to go on board.","Tevergeefs, want niemand is toegelaat om aan boord te gaan nie."
NL-UtHUA_A363596_2649,35,Heute lieferten die Bürgers den Eid der Treue an,Heute leisteten die Bürger den Eid der Treue an,"Today, the citizens swore an oath of allegiance to",Vandag het die burgers 'n eed van trou gesweer aan
NL-UtHUA_A363596_2650,35,"Groß-Britanien, wobay alles ganz ruhig ablief.","Großbritannien, wobei alles ganz ruhig ablief.","Great Britain, where everything went very smoothly.","Groot-Brittanje, waar alles baie vlot verloop het."
NL-UtHUA_A363596_2651,35,"d. 10ten trat ich die Rückreiſe an, und kam am",Am 10. trat ich die Rückreise an und kam am,On the 10th I started my return journey and arrived on,Op die 10de het ek my terugreis begin en aangekom op
NL-UtHUA_A363596_2652,35,14ten wohl behalten nach Hauſe. So weit davon.,14. wohlbehalten nach Hause. So weit davon.,14. Safely home. So far away.,14. Veilig tuis. So ver weg.
NL-UtHUA_A363596_2653,35,"d. 17ten war unſer Heil. Amahl, wobey 2","Am 17. war unser Heiliges Abendmahl, wobei 2","Our Holy Communion was on the 17th, during which 2","Ons Heilige Nagmaal was op die 17de, waartydens 2"
NL-UtHUA_A363596_2654,35,Perſonen Candidaten wurden. d. 19ten kamen die,Personen Kandidaten wurden. Am 19. kamen die,"People were nominated as candidates. On the 19th, they arrived.",Mense is as kandidate genomineer. Op die 19de het hulle opgedaag.
NL-UtHUA_A363596_2655,35,"Hottentotten, deren unterm 8ten gedacht worden iſt,","Hottentotten, deren unter dem 8. gedacht worden ist,","Hottentots, who were commemorated on the 8th,","Hottentotte, wat op die 8ste herdenk is,"
NL-UtHUA_A363596_2656,35,von der Cap wieder zurück. Sie haben den Eng-,vom Kap wieder zurück. Sie haben den Englischen,back from the Cape. They have the English,terug van die Kaap. Hulle het die Engelse
NL-UtHUA_A363596_2657,35,"liſchen General geſprochen, der ſie freundlich an-","General gesprochen, der sie freundlich anhörte","The general spoke, who listened to her kindly.","Die generaal het gepraat, wat vriendelik na haar geluister het."
NL-UtHUA_A363596_2658,35,"hörte, u. ihnen ſagte, ſie könnten immer zu uns","und ihnen sagte, sie könnten immer zu uns",and told them they could always come to us,en het vir hulle gesê hulle kan altyd na ons toe kom
NL-UtHUA_A363596_2659,35,"ziehen u. Gottes Wort hören, u. niemand ſolte","ziehen und Gottes Wort hören, und niemand sollte","to go and hear God's word, and no one should","om te gaan en God se woord te hoor, en niemand moet"
NL-UtHUA_A363596_2660,35,ihnen etwas zu leide thun. Sie ſagten darauf:,ihnen etwas zuleide tun. Sie sagten darauf:,to harm them. They replied:,om hulle skade aan te doen. Hulle het geantwoord:
NL-UtHUA_A363596_2661,35,Aber Baas Teunis will uns verjagen. Er,„Aber Baas Teunis will uns verjagen.“ Er,"""But Baas Teunis wants to drive us out."" He",Wird geladen...
NL-UtHUA_A363596_2662,35,"verſprach, an den Baas Teunis u. den Land-","versprach, an den Baas Teunis und den Landdrost",promised to the Baas Teunis and the Landdrost,belowe aan die Baas Teunis en die Landdros
NL-UtHUA_A363596_2663,35,"droſt von Schwellendam zu ſchreiben, daß ſie","von Swellendam zu schreiben, dass sie",to write from Swellendam that they,om van Swellendam af te skryf dat hulle
NL-UtHUA_A363596_2664,35,"dafür zu ſorgen hätten, daß den Hottentotten","dafür zu sorgen hätten, dass den Hottentotten",to ensure that the Hottentots,om te verseker dat die Hottentotte
NL-UtHUA_A363596_2665,35,nichts in den Weg gelegt würde; ſollte es aber,nichts in den Weg gelegt würde; sollte es aber,nothing would be put in the way; but should it,niks sou in die pad gesit word nie; maar sou dit
NL-UtHUA_A363596_2666,35,"geſchehen, ſo ſollten ſie nur wieder zu ihm kommen,","geschehen, so sollten sie nur wieder zu ihm kommen,","If that happens, they should just come back to him again.","As dit gebeur, moet hulle net weer na hom terugkom."
NL-UtHUA_A363596_2667,35,"u. er würde ſchon wiſſen, was er zu thun hätte.","und er würde schon wissen, was er zu tun hätte.",and he would know what to do.,en hy sou weet wat om te doen.
NL-UtHUA_A363596_2668,35,d. 22ten wurde ein Söhnlein unſerer Schweſter,Am 22. wurde ein Söhnlein unserer Schwester,"On the 22nd, our sister's baby boy was born.",Op die 22ste is ons suster se babaseuntjie gebore.
NL-UtHUA_A363596_2669,35,Catharina mit Namen Joseph getauft. d.,Catharina mit Namen Joseph getauft. Am,Catharina was baptized with the name Joseph. On,Catharina is met die naam Josef gedoop.
NL-UtHUA_A363596_2670,35,24ten meldete uns der Aufſeher vom,24. meldete uns der Aufseher vom,"On the 24th, the supervisor reported to us from",Op die 24ste het die toesighouer aan ons verslag gedoen vanaf
NL-UtHUA_A363596_2671,35,"warmen Bad, daß wir dieſe Woche einen","warmen Bad, dass wir diese Woche einen","warm bath, that we have one this week","warm bad, dat ons een hierdie week het"
NL-UtHUA_A363596_2672,35,Vornehmen,Vornehmen,undertake,onderneem
NL-UtHUA_A363596_2673,35,,,,
NL-UtHUA_A363596_2674,35,"<pb n=""50a"" source=""NL-UtHUA_A363596_000050.jpg"" />","<pb n=""50a"" source=""NL-UtHUA_A363596_000050.jpg"" />","<pb n=""50a"" source=""NL-UtHUA_A363596_000050.jpg"" />","<pb n=""50a"" bron=""NL-UtHUA_A363596_000050.jpg"" />"
NL-UtHUA_A363596_2675,35,"woraus man Beſuch bekommen würden, wenn ſie von","woraus man Besuch bekommen würde, wenn sie von",which would result in visitors if they were from,wat besoekers sou tot gevolg hê as hulle van
NL-UtHUA_A363596_2677,35,einem Oberſten u. Obriſt Lieutenant der Engliſchen,einem Obersten und Oberstleutnant der englischen,a colonel and lieutenant colonel of the English,'n kolonel en luitenant-kolonel van die Engelse
NL-UtHUA_A363596_2678,35,Truppen. Dieſe Herren ließen bey dem Baas den,Truppen. Diese Herren ließen beim Baas am,Troops. These gentlemen had the boss at,Troepe. Hierdie here het die baas by gehad
NL-UtHUA_A363596_2679,35,"28t durch einen Hottentotten grüßen, u. anfra⸗","28. durch einen Hottentotten grüßen und anfragen,","28. To greet and inquire through a Hottentot,","28. Om 'n Hottentot te groet en deur hom navraag te doen,"
NL-UtHUA_A363596_2680,35,"gen, daß ſie uns am Sontag beſuchen wollten.",dass sie uns am Sonntag besuchen wollten.,that they wanted to visit us on Sunday.,dat hulle ons Sondag wou besoek.
NL-UtHUA_A363596_2681,35,"D. 29t fingen wir die Schulen wieder an, welche","Am 29. fingen wir die Schulen wieder an, welche","On the 29th, we started the schools again, which","Op die 29ste het ons weer met die skole begin, wat"
NL-UtHUA_A363596_2682,35,wir ſeit dem 18ten July ausgeſetzt hatten;,wir seit dem 18. Juli ausgesetzt hatten;,we had suspended since July 18th;,ons was sedert 18 Julie geskors;
NL-UtHUA_A363596_2683,35,"Wir wußten aber nur mit den Getauften,","Wir wussten aber nur mit den Getauften,","But we only knew about the baptized,","Maar ons het net van die gedooptes geweet,"
NL-UtHUA_A363596_2684,35,"den Tauf⸗Candidaten, u. deren Kindern. Doch",den Taufkandidaten und deren Kindern. Doch,the baptismal candidates and their children. But,die doopkandidate en hulle kinders. Maar
NL-UtHUA_A363596_2685,35,"ſind wir Willens, auch die andern wieder","sind wir gewillt, auch die anderen wieder",are we willing to do the same for the others?,Is ons bereid om dieselfde vir die ander te doen?
NL-UtHUA_A363596_2686,36,anzunehmen; nur muß jedes einzeln zu uns,anzunehmen; nur muss jedes einzeln zu uns,to accept; only each one must come to us individually,om te aanvaar; slegs elkeen moet individueel na ons toe kom
NL-UtHUA_A363596_2687,36,"kommen u. darum bitten, u. den ganzen Sinn",kommen und darum bitten und den ganzen Sinn,come and ask for it and the whole meaning,kom vra daarvoor en die hele betekenis
NL-UtHUA_A363596_2688,36,"bezeugen, aus Liebe dem lieben Heiland in","bezeugen, aus Liebe dem lieben Heiland in","to bear witness, out of love for the dear Savior in","om te getuig, uit liefde vir die geliefde Verlosser in"
NL-UtHUA_A363596_2689,36,"dieſer Welt zu leben, u. zwar das kleine","dieser Welt zu leben, und zwar das Kleine","to live in this world, and that is the small part.","om in hierdie wêreld te leef, en dit is die klein deeltjie."
NL-UtHUA_A363596_2690,36,"ſo gut wie das größte. Wir hatten gedacht,","sowohl wie das Größte. Wir hatten gedacht,","as well as the biggest one. We had thought,","sowel as die grootste een. Ons het gedink,"
NL-UtHUA_A363596_2691,36,"daß, wenn das große Stein des Anſtoßes,","dass, wenn der große Stein des Anstoßes,","that, if the major stumbling block,","dat, as die grootste struikelblok,"
NL-UtHUA_A363596_2692,36,"die Schule, wegfiele, u. wir blos Verſamm⸗","die Schule, wegfiele und wir bloß Versammlungen",the school would be eliminated and we would only have meetings,die skool sou uitgeskakel word en ons sou slegs vergaderings hê
NL-UtHUA_A363596_2693,36,"lungen hielten, als dann viele wegbleiben","hielten, dass dann viele wegbleiben",They believed that many would then stay away.,Hulle het geglo dat baie dan sou wegbly.
NL-UtHUA_A363596_2694,36,würden; und ſo hatte auch Baas Teunis ge⸗,würden; und so hatte auch Baas Teunis gedacht.,would; and that was what Baas Teunis had thought as well.,sou; en dit was wat Baas Teunis ook gedink het.
NL-UtHUA_A363596_2695,36,dacht. Aber nun haben wir es anders geſehen;,Aber nun haben wir es anders gesehen;,But now we see things differently;,Maar nou sien ons dinge anders;
NL-UtHUA_A363596_2696,36,ob wir gleich ſeit mehr als 3 Monaten keine,obwohl wir seit mehr als drei Monaten keine,although we haven't had any for more than three months,alhoewel ons dit vir meer as drie maande nie gehad het nie
NL-UtHUA_A363596_2697,36,"Schule gehalten haben, ſo wichen wir doch nicht","Schule gehalten haben, so wichen wir doch nicht","Although we had kept to school, we did not budge.","Alhoewel ons by die skool gebly het, het ons nie geroer nie."
NL-UtHUA_A363596_2698,36,"eins, das weggezogen wäre, außer den vielen","einen einzigen, der weggezogen wäre, außer den vielen","a single one who had moved away, apart from the many","'n enkele een wat weggetrek het, afgesien van die vele"
NL-UtHUA_A363596_2699,36,"am 18ten July, denen wir es ſelbst riethen. —","am 18. Juli, denen wir es selbst rieten. —","on July 18th, whom we ourselves advised to do so. —","op 18 Julie, wat ons self aangeraai het om dit te doen. —"
NL-UtHUA_A363596_2700,36,Wir beſchloſſen auch dieſen Monat mit Lob u.,Wir beschlossen auch diesen Monat mit Lob und,We also ended this month with praise and,Ons het ook hierdie maand met lof en lof afgesluit
NL-UtHUA_A363596_2701,36,"<pb n=""50b"" source=""NL-UtHUA_A363596_000050.jpg"" />","<pb n=""50b"" source=""NL-UtHUA_A363596_000050.jpg"" />","<pb n=""50b"" source=""NL-UtHUA_A363596_000050.jpg"" />","<pb n=""50b"" bron=""NL-UtHUA_A363596_000050.jpg"" />"
NL-UtHUA_A363596_2702,36,"Dank gegen unſern lieben Herrn, der uns wie der","Dank gegen unsern lieben Herrn, der uns wieder","Thanks to our dear Lord, who has given us back","Dankie aan ons liewe Heer, wat ons teruggegee het"
NL-UtHUA_A363596_2703,36,Ruhe u. Friede von außen geſchenkt hatte.,Ruhe und Friede von außen geschenkt hatte.,had bestowed peace and tranquility from the outside.,het van buite af vrede en rustigheid geskenk.
NL-UtHUA_A363596_2704,36,"Daher wird auch die Haupt⸗Sache, ſo ſehen wir","Daher wird auch die Hauptsache, so sehen wir","Therefore, the main thing, as we see it, will also be","Daarom sal die belangrikste ding, soos ons dit sien, ook wees"
NL-UtHUA_A363596_2705,36,"dankbar u. beſchämt an, für den Segen, den","dankbar und beschämt an, für den Segen, den",grateful and ashamed for the blessing that,dankbaar en skaam vir die seën wat
NL-UtHUA_A363596_2706,36,Er uns ſehen läßt. Denn Er u. Sein Geiſt,Er uns sehen lässt. Denn Er und Sein Geist,He lets us see. For He and His Spirit,Hy laat ons sien. Want Hy en Sy Gees
NL-UtHUA_A363596_2707,36,beweiſen ſich an den Herzen der Hottentotten,beweisen sich an den Herzen der Hottentotten,prove themselves in the hearts of the Hottentots,bewys hulself in die harte van die Hottentotte
NL-UtHUA_A363596_2708,36,"auf eine wundervolle Weiſe, u. ſo, wie wir es","auf eine wundervolle Weise und so, wie wir es",in a wonderful way and just as we wanted,op 'n wonderlike manier en net soos ons wou hê
NL-UtHUA_A363596_2709,36,biſher noch nicht geſehen haben. Sie kommen nicht,bisher noch nicht gesehen haben. Sie kommen nicht,have not seen them yet. They are not coming.,het hulle nog nie gesien nie. Hulle kom nie.
NL-UtHUA_A363596_2710,36,"nur einzeln, (andere viele mit einander,) um","nur einzeln, (andere viele miteinander,) um","only individually, (others many together,) in order to","slegs individueel, (ander baie saam,) om te"
NL-UtHUA_A363596_2711,36,"mit uns zu ſprechen, u. nicht nur am Tage,","mit uns zu sprechen, und nicht nur am Tage,","to talk to us, and not just during the day,","om met ons te praat, en nie net gedurende die dag nie,"
NL-UtHUA_A363596_2712,36,"ſondern auch in der Nacht, u. ſagen unter","sondern auch in der Nacht, und sagen unter","but also at night, and say under","maar ook in die nag, en sê onder"
NL-UtHUA_A363596_2713,36,"vielen Thränen: „Ach ich weiß nicht, wo","vielen Tränen: „Ach, ich weiß nicht, wo","many tears: ""Oh, I don't know where","baie trane: ""Ag, ek weet nie waar nie"
NL-UtHUA_A363596_2714,36,ich vor Angſt meines Herzens hin ſoll; denn,ich vor Angst meines Herzens hin soll; denn,I should go because of the anguish of my heart; for,Ek moet gaan weens die benoudheid van my hart; want
NL-UtHUA_A363596_2715,36,"ich habe den lieben Heiland ſo viel betrübt,","ich habe den lieben Heiland so viel betrübt,","I have grieved the dear Savior so much,","Ek het die liewe Verlosser so bedroef,"
NL-UtHUA_A363596_2716,36,u. nun habe ich Sein Wort ſchon ſo lange ge⸗,und nun habe ich Sein Wort schon so lange gehört,And now I have heard His word for so long,En nou het ek Sy woord so lank gehoor
NL-UtHUA_A363596_2717,36,"hört, u. doch nicht darnach gelebt, ich muß Ver⸗","und doch nicht danach gelebt, ich muss verloren","and yet I did not live by that, I must have lost.","en tog het ek nie daarvolgens geleef nie, ek moes verloor het."
NL-UtHUA_A363596_2718,36,"loren gehen, u. ſ. w.","gehen, usw.","go, etc.","gaan, ens."
NL-UtHUA_A363596_2719,36,D. 1ten Nov. wurden 3 Perſonen in Jeſu Todt,Am 1. Nov. wurden drei Personen in Jesu Tod,"On November 1st, three people died in Jesus' death.",Op 1 November het drie mense in Jesus se dood gesterf.
NL-UtHUA_A363596_2720,36,"getauft, Margaretha, Alida und Esther. Wir","getauft, Margaretha, Alida und Esther. Wir","baptized: Margaretha, Alida, and Esther. We","gedoop: Margaretha, Alida, en Esther. Ons"
NL-UtHUA_A363596_2721,36,"ſahen einen Wagen über den Fluß auf uns zukommen,","sahen einen Wagen über den Fluss auf uns zukommen,","We saw a car coming towards us across the river,","Ons het 'n motor oor die rivier na ons toe sien kom,"
NL-UtHUA_A363596_2722,36,"aber das Waſſer war jezt ſo ange wachſen, daß","aber das Wasser war jetzt so angewachsen, dass",but the water level had now risen so much that,maar die watervlak het nou soveel gestyg dat
NL-UtHUA_A363596_2723,36,"niemand durch konte, u. der Wagen mußte",niemand durch konnte und der Wagen musste,no one could get through and the car had to,niemand kon deurkom nie en die motor moes
NL-UtHUA_A363596_2724,36,"wieder umkehren. Wir vermutheten, daß es","wieder umkehren. Wir vermuteten, dass es",turn back. We suspected that it,draai terug. Ons het vermoed dat dit
NL-UtHUA_A363596_2725,36,"die Engliſchen Officiers wären, die ſich","die englischen Offiziere wären, die sich","the English officers would be, who","die Engelse offisiere sou wees, wie"
NL-UtHUA_A363596_2726,36,hatten anmelden laſſen p. Einen Beſuch,hatten anmelden lassen. Einen Besuch,had registered for a visit.,het vir 'n besoek geregistreer.
NL-UtHUA_A363596_2727,36,wir,wir,we,ons
NL-UtHUA_A363596_2728,36,"<pb n=""51a"" source=""NL-UtHUA_A363596_000051.jpg"" />","<pb n=""51a"" source=""NL-UtHUA_A363596_000051.jpg"" />","<pb n=""51a"" source=""NL-UtHUA_A363596_000051.jpg"" />","<pb n=""51a"" bron=""NL-UtHUA_A363596_000051.jpg"" />"
NL-UtHUA_A363596_2729,36,wir nicht auch recht gegen einander gehabt haben..,wir nicht auch recht gegeneinander gehabt haben.,We were not also right against each other.,Ons was ook nie reg teenoor mekaar nie.
NL-UtHUA_A363596_2730,36,"Dies hat, wurde auch am 3ten beſtätigt. Wir hatten",Dies wurde auch am 3. bestätigt. Wir hatten,This was also confirmed on the 3rd. We had,Dit is ook op die 3de bevestig. Ons het
NL-UtHUA_A363596_2731,36,"in dieſer Zeit ſo viel Regen wetters, daß wir die","in dieser Zeit so viel Regenwetter, dass wir die",During this time there was so much rain that we,Gedurende hierdie tyd het dit soveel gereën dat ons
NL-UtHUA_A363596_2732,36,Schule ausſetzen mußten. Denn ſie müſſen unter,Schule aussetzen mussten. Denn sie müssen unter,They had to suspend school. Because they have to...,Hulle moes skool opskort. Want hulle moet...
NL-UtHUA_A363596_2733,36,"den Bäumen gehalten werden, weil es im Hauſe,","den Bäumen gehalten werden, weil es im Hause,","are kept in the trees because it is in the house,","word in die bome gehou omdat dit in die huis is,"
NL-UtHUA_A363596_2734,36,wegen Mangel am Platz ſchlechterdings unmöglich,wegen Mangel an Platz schlechterdings unmöglich,"Due to lack of space, it is simply impossible.",Weens 'n gebrek aan spasie is dit eenvoudig onmoontlik.
NL-UtHUA_A363596_2735,36,iſt. D. 13ten Nov. begingen wir unter andern mit,ist. Am 13. Nov. begingen wir unter anderem mit,"is. On November 13th, we celebrated, among other things, with",is. Op 13 November het ons onder andere gevier met
NL-UtHUA_A363596_2736,36,"einem Liebesmahl mit unſern Getauften, und","einem Liebesmahl mit unsern Getauften, und","a love feast with our baptized, and","'n liefdesfees met ons gedooptes, en"
NL-UtHUA_A363596_2737,36,"die Johanna, eine von den 4 Ausgeſchloſſenen, wurde","die Johanna, eine von den vier Ausgeschlossenen, wurde","Johanna, one of the four excluded, was","Johanna, een van die vier wat uitgesluit is, was"
NL-UtHUA_A363596_2738,36,wieder angenommen. Wir gedachten dabey auch an,wieder angenommen. Wir gedachten dabei auch an,It was accepted again. We also thought of,Dit is weer aanvaar. Ons het ook daaraan gedink
NL-UtHUA_A363596_2739,36,"Unſre lieben Gemeinen im Vaterland, u. an andre",unsere lieben Gemeinden im Vaterland und an andere,our dear communities in the fatherland and to others,ons liewe gemeenskappe in die vaderland en aan ander
NL-UtHUA_A363596_2740,36,"Gnadenpöſten, von denen wir unſern Leuten","Gnadenposten, von denen wir unsern Leuten","Mercy posts, from which we can send our people","Genadeposte, vanwaar ons ons mense kan stuur"
NL-UtHUA_A363596_2741,36,manches erzählten. Bey ſolchen Gelegenheiten fällt,manches erzählten. Bei solchen Gelegenheiten fällt,"They told many stories. On such occasions, it often happens that",Hulle het baie stories vertel. By sulke geleenthede gebeur dit dikwels dat
NL-UtHUA_A363596_2742,36,"uns oft der Wunſch ein, daß unſre lieben Brüder in","uns oft der Wunsch ein, dass unsre lieben Brüder in",We often feel the wish that our dear brothers in,Ons voel dikwels die wens dat ons liewe broers in
NL-UtHUA_A363596_2743,36,Holland uns doch etwas aus den Nachrichten von,Holland uns doch etwas aus den Nachrichten von,"Holland, let's get something out of the news from","Holland, kom ons kry iets uit die nuus van"
NL-UtHUA_A363596_2744,36,andern Gnadenpoſten zum Gebrauch für unſre Ge⸗,andern Gnadenposten zum Gebrauch für unsre Gemeindelein,other posts of grace for the use of our little community,ander plasings van genade vir die gebruik van ons klein gemeenskap
NL-UtHUA_A363596_2745,36,meinlein; überſetzen möchten; denn wir können es,übersetzen möchten; denn wir können es,would like to translate; because we can do it,wil graag vertaal; want ons kan dit doen
NL-UtHUA_A363596_2747,36,nicht. D. 16ten wurde der Mann unſrer Margaretha,nicht. Am 16. wurde der Mann unsrer Margaretha,"No. On the 16th, our Margaret's husband was...",Nee. Op die 16de was ons Margaret se man...
NL-UtHUA_A363596_2748,36,"durch ein giftiges Thiergen, ſo als Daum⸗Dick ſeyn,","durch ein giftiges Tierchen, das etwa daumendick war,","by a poisonous creature that was about the thickness of a thumb,","deur 'n giftige wese wat omtrent so dik soos 'n duim was,"
NL-UtHUA_A363596_2749,36,"daß er ſich legen mußte, und beynahe ſprachlos",dass er sich legen musste und beinahe sprachlos,that he had to lie down and was almost speechless,dat hy moes gaan lê en amper sprakeloos was
NL-UtHUA_A363596_2750,36,wurde. Einige Hottentotten wußten ſehr gute,wurde. Einige Hottentotten wussten sehr gute,was. Some Hottentots knew very good things.,was. Sommige Hottentotte het baie goeie dinge geweet.
NL-UtHUA_A363596_2751,36,"Mittel gegen einen ſolchen Biß, es war grade","Mittel gegen einen solchen Biss, es war gerade","Remedies against such a bite, it was just","Middels teen so 'n byt, dit was net"
NL-UtHUA_A363596_2752,36,jemand bey der Hand. Es gibt hier eine kleine,jemand bei der Hand. Es gibt hier eine kleine,Someone to help. There's a small one here.,Iemand om te help. Daar is 'n klein een hier.
NL-UtHUA_A363596_2753,36,"Art von Schlangen, kaum wie eine Pfeifen lang,","Art von Schlangen, kaum so lang wie eine Pfeife,","A type of snake, barely as long as a pipe,","'n Soort slang, skaars so lank soos 'n pyp,"
NL-UtHUA_A363596_2754,36,deren Biß mehrertheils tödtlich iſt. Es iſt,deren Biss meistens tödlich ist. Es ist,whose bite is usually fatal. It is,wie se byt gewoonlik dodelik is. Dit is
NL-UtHUA_A363596_2755,36,gewiß,gewiss,certainly,beslis
NL-UtHUA_A363596_2756,36,"<pb n=""51b"" source=""NL-UtHUA_A363596_000051.jpg"" />","<pb n=""51b"" source=""NL-UtHUA_A363596_000051.jpg"" />","<pb n=""51b"" source=""NL-UtHUA_A363596_000051.jpg"" />","<pb n=""51b"" bron=""NL-UtHUA_A363596_000051.jpg"" />"
NL-UtHUA_A363596_2757,36,"gewiß eine beſondere Bewahrung Gottes, daß","gewiss eine besondere Bewahrung Gottes, dass","certainly a special protection from God, that","beslis 'n spesiale beskerming van God, wat"
NL-UtHUA_A363596_2758,36,wir auf die Weiſe noch nicht zu Schaden ge kommen,wir auf diese Weise noch nicht zu Schaden gekommen,we have not yet been harmed in this way,ons is nog nie op hierdie manier benadeel nie
NL-UtHUA_A363596_2759,36,"ſind. Denn es iſt ſchon etliche mal vorgekommen,","sind. Denn es ist schon etliche Male vorgekommen,","are. Because it has already happened several times,","is. Omdat dit al verskeie kere gebeur het,"
NL-UtHUA_A363596_2760,36,"daß, wenn wir etwas von der Erde aufhoben","dass, wenn wir etwas von der Erde aufhoben",that if we picked something up from the earth,dat as ons iets van die aarde af optel
NL-UtHUA_A363596_2761,36,"haben, oder auf heben wollen, als dann die Hotten⸗","haben oder aufheben wollen, dass dann die Hottentotten,","have or want to remove, so that then the Hottentots,","het of wil verwyder, sodat dan die Hottentotte,"
NL-UtHUA_A363596_2762,37,totten die von Jugend an auf dergleichen Achtung,die von Jugend an auf dergleichen Achtung,those who have been shown such respect from a young age,diegene aan wie van jongs af sulke respek getoon is
NL-UtHUA_A363596_2763,37,"geben, u. überhaupt ſehr ſcharf ſehen können,","geben und überhaupt sehr scharf sehen können,",give and be able to see very sharply in general.,gee en in die algemeen baie skerp kan sien.
NL-UtHUA_A363596_2764,37,"uns zugerufen haben: Da liegt eine Schlange,","uns zugerufen haben: „Da liegt eine Schlange,“","They shouted to us: ""There's a snake!""","Hulle het vir ons geskree: ""Daar's 'n slang!"""
NL-UtHUA_A363596_2765,37,welches wir vielleicht nicht bemerkt haben würden.,was wir vielleicht nicht bemerkt hätten.,something we might not have noticed.,iets wat ons dalk nie opgemerk het nie.
NL-UtHUA_A363596_2766,37,"Auch gibt es eine kleine Art Spinnen, deren","Auch gibt es eine kleine Art Spinnen, deren",There is also a small type of spider whose,Daar is ook 'n klein soort spinnekop wie se
NL-UtHUA_A363596_2767,37,"Biß tödtlich iſt, wenn nicht auf der Stelle das","Biss tödlich ist, wenn nicht auf der Stelle das",A bite can be fatal if not immediately treated.,'n Byt kan dodelik wees as dit nie onmiddellik behandel word nie.
NL-UtHUA_A363596_2768,37,gehörige Mittel gebraucht wird. Den 22ten be⸗,gehörige Mittel gebraucht wird. Am 22. besuchten,"Adequate resources are needed. On the 22nd, they visited",Voldoende hulpbronne word benodig. Op die 22ste het hulle besoek afgelê
NL-UtHUA_A363596_2769,37,"ſuchten uns Hr. Claude, der den Platz in unſrer","uns Herr Claude, der den Platz in unsrer","and Mr. Claude, who took the place in our","en mnr. Claude, wat die plek in ons ingeneem het"
NL-UtHUA_A363596_2770,37,"Nähe gekauft hat, Hr. Hofman u. Andreas","Nähe gekauft hat, Herr Hofmann und Andreas",Mr. Hofmann and Andreas bought nearby,Mnr. Hofmann en Andreas het naby gekoop
NL-UtHUA_A363596_2771,37,Otto. Sie wohnten der Sontags⸗Verſammlung,Otto. Sie wohnten der Sonntagsversammlung,Otto. They attended the Sunday service.,Otto. Hulle het die Sondagsdiens bygewoon.
NL-UtHUA_A363596_2772,37,"bey, u. waren erſtaunt über die große",bei und waren erstaunt über die große,and were amazed by the large,en was verbaas oor die groot
NL-UtHUA_A363596_2773,37,Menge Volks. Die Herren Claude u. Hofmann,Menge Volks. Die Herren Claude und Hofmann,Crowd of people. Messrs. Claude and Hofmann,Skare mense. Menere Claude en Hofmann
NL-UtHUA_A363596_2774,37,"ſagten, es ſey hier eine ganz erſtaun⸗dige Sache,","sagten, es sei hier eine ganz erstaunliche Sache,","said it was quite an amazing thing here,","het gesê dit was nogal 'n wonderlike ding hier,"
NL-UtHUA_A363596_2775,37,ein großes Verſammlungs Haus zu bauen. Wir,ein großes Versammlungshaus zu bauen. Wir,to build a large assembly hall. We,om 'n groot vergaderlokaal te bou. Ons
NL-UtHUA_A363596_2776,37,"ſelbſt hatten darüber ſchon oft wieder gedacht,","selbst hatten darüber schon oft wieder gedacht,","We ourselves had often thought about it again,","Ons het self al dikwels weer daaroor nagedink,"
NL-UtHUA_A363596_2777,37,u. hätten gern den Rath unſrer lieben Brüder,und hätten gern den Rat unsrer lieben Brüder,and would like the advice of our dear brothers,en wil graag die raad van ons liewe broers hê
NL-UtHUA_A363596_2778,37,von der Unit. Aelt. Conferenz in der Sache,von der Unit. Ält. Konferenz in der Sache,From the unit. Old conference on the matter.,Van die eenheid. Ou konferensie oor die saak.
NL-UtHUA_A363596_2779,37,vernommen; da wir aber jezt keine Briefe,vernommen; da wir aber jetzt keine Briefe,heard; but since we now have no letters,gehoor; maar aangesien ons nou geen briewe het nie
NL-UtHUA_A363596_2780,37,"zu hoffen haben, u. die Jahrs zeit da iſt,","zu hoffen haben und die Jahreszeit da ist,","to hope and the time of year is here,","om te hoop en die tyd van die jaar is hier,"
NL-UtHUA_A363596_2781,37,da,da,there,daar
NL-UtHUA_A363596_2782,37,"<pb n=""52a"" source=""NL-UtHUA_A363596_000052.jpg"" />","<pb n=""52a"" source=""NL-UtHUA_A363596_000052.jpg"" />","<pb n=""52a"" source=""NL-UtHUA_A363596_000052.jpg"" />","<pb n=""52a"" bron=""NL-UtHUA_A363596_000052.jpg"" />"
NL-UtHUA_A363596_2783,37,"da etwas in dem Dache geſchehen muß, wenn ſie","da etwas in dem Dach geschehen muss, wenn sie",something needs to happen in the roof if they,iets moet in die dak gebeur as hulle
NL-UtHUA_A363596_2784,37,"nicht ein ganzes Jahr liegen bleiben ſoll, ſo be⸗","nicht ein ganzes Jahr liegen bleiben soll, so beschlossen",It was decided that it should not remain unused for a whole year.,Daar is besluit dat dit nie vir 'n hele jaar ongebruik moes bly nie.
NL-UtHUA_A363596_2785,37,"ſchloſſen wir in einer Conferenz den 28t, daß Br.","wir in einer Konferenz am 28., dass Br.",We discussed in a conference on the 28th that Br.,Ons het in 'n konferensie op die 28ste bespreek dat Br.
NL-UtHUA_A363596_2786,37,Marsveld am folgenden Tage nach der Cap,Marsveld am folgenden Tage nach der Kap,Marsveld the day after the Cape,Marsveld die dag ná die Kaap
NL-UtHUA_A363596_2787,37,"reiſen ſollte, um beym General die erforderliche","reisen sollte, um beim General die erforderliche",should travel to meet with the general to obtain the necessary information.,moet reis om met die generaal te vergader om die nodige inligting te bekom.
NL-UtHUA_A363596_2788,37,Erlaubnis dazu zu ſuchen. Er kam am 6ten Dec.,Erlaubnis dazu zu suchen. Er kam am 6. Dez.,to seek permission to do so. He arrived on December 6th.,om toestemming te vra om dit te doen. Hy het op 6 Desember aangekom.
NL-UtHUA_A363596_2789,37,"wieder zurück, und meldet von ſeiner Reiſe",wieder zurück und meldet von seiner Reise,back and reports from his trip,terug en verslae van sy reis
NL-UtHUA_A363596_2790,37,folgendes: D. 1ten Dec. ging ich zum Hr. General,folgendes: Am 1. Dez. ging ich zum Herrn General,"The following happened: On December 1st, I went to see the General.",Die volgende het gebeur: Op 1 Desember het ek die Generaal gaan sien.
NL-UtHUA_A363596_2791,37,"Craig, und bat um Erlaubniß, Bauholz zu","Craig und bat um Erlaubnis, Bauholz zu",Craig and asked for permission to use lumber,Craig en het toestemming gevra om hout te gebruik
NL-UtHUA_A363596_2792,37,"einem Verſammlungs⸗Haus, fällen zu dürfen.",einem Versammlungshaus fällen zu dürfen.,to be allowed to fell a tree in a meeting house.,om toegelaat te word om 'n boom in 'n vergaderhuis te kap.
NL-UtHUA_A363596_2793,37,"Er antwortete, daß ich darüber mit dem Land⸗","Er antwortete, dass ich darüber mit dem Landdrost",He replied that I should discuss it with the Landdrost.,Hy het geantwoord dat ek dit met die Landdros moet bespreek.
NL-UtHUA_A363596_2794,37,"droſt ſprechen, und dieſer an ihn in der Sache",sprechen und dieser an ihn in der Sache,speak and address him regarding the matter,praat en spreek hom aan oor die saak
NL-UtHUA_A363596_2795,37,geſchrieben müßte. Ich ging zum Landdroſt,geschrieben müsste. Ich ging zum Landdrost,I should have written it down. I went to the district administrator.,Ek moes dit neergeskryf het. Ek het na die distriksadministrateur gegaan.
NL-UtHUA_A363596_2796,37,"von Stellenbosch, der mich freundlich empfing,","von Stellenbosch, der mich freundlich empfing","from Stellenbosch, who received me kindly.","van Stellenbosch, wat my vriendelik ontvang het."
NL-UtHUA_A363596_2797,37,u. mir ein Schreiben zu geben verſprach.,und mir ein Schreiben zu geben versprach.,and promised to give me a letter.,en het belowe om vir my 'n brief te gee.
NL-UtHUA_A363596_2798,37,"Dieſes bekamen wir d 7t, u. der General nahm","Dieses bekamen wir am 7., und der General nahm","We received this on the 7th, and the general took","Ons het dit op die 7de ontvang, en die generaal het geneem"
NL-UtHUA_A363596_2799,37,es ſehr günſtig auf. Ich ſprach mit ihm von,es sehr günstig auf. Ich sprach mit ihm von,It's very affordable. I spoke to him about,Dis baie bekostigbaar. Ek het met hom gepraat oor
NL-UtHUA_A363596_2800,37,"den vielen Miſſionen, die wir unter Eng⸗","den vielen Missionen, die wir unter englischer",the many missions we under English,die vele missies wat ons onder Engels
NL-UtHUA_A363596_2801,37,"liſcher Hoheit haben, und welche durch Sie",Hoheit haben und welche durch Sie,have sovereignty and which are exercised by you,soewereiniteit het en wat deur jou uitgeoefen word
NL-UtHUA_A363596_2802,37,"allen Schutz genieſſen. Er antwortete, daß","allen Schutz genießen. Er antwortete, dass",enjoy all protection. He replied that,geniet alle beskerming. Hy het geantwoord dat
NL-UtHUA_A363596_2803,37,"wir in allem getroſt fortfahren ſollten,","wir in allem getrost fortfahren sollten,",we should confidently continue in everything,ons moet vol vertroue in alles voortgaan
NL-UtHUA_A363596_2804,37,"u. wenn uns etwas in den Weg gelegt würde,","und wenn uns etwas in den Weg gelegt würde,","and if something were put in our way,","en as iets in ons pad gestel word,"
NL-UtHUA_A363596_2805,37,ſollten wir es ihm gewiſſen thun. D. 3ten,sollten wir es ihm mitteilen. Am 3.,We should tell him. On the 3rd.,Ons moet hom vertel. Op die 3de.
NL-UtHUA_A363596_2806,37,"bekam ich von ihm ſchriftlich die Erlaubniß,","bekam ich von ihm schriftlich die Erlaubnis,","I received written permission from him,","Ek het skriftelike toestemming van hom ontvang,"
NL-UtHUA_A363596_2807,37,Bauholz zu unſerm Verſammlungs Hauſe,Bauholz zu unserm Versammlungshaus,Timber for our meeting house,Hout vir ons vergaderhuis
NL-UtHUA_A363596_2808,37,fällen,fällen,felling,kap
NL-UtHUA_A363596_2809,37,"<pb n=""52b"" source=""NL-UtHUA_A363596_000052.jpg"" />","<pb n=""52b"" source=""NL-UtHUA_A363596_000052.jpg"" />","<pb n=""52b"" source=""NL-UtHUA_A363596_000052.jpg"" />","<pb n=""52b"" bron=""NL-UtHUA_A363596_000052.jpg"" />"
NL-UtHUA_A363596_2810,37,"fällen zu laſſen, mit der merkwürdigen Tags⸗","fällen zu lassen, mit der merkwürdigen Tageslosung:","to have it felled, with the curious daily motto:","om dit te laat kap, met die eienaardige daaglikse leuse:"
NL-UtHUA_A363596_2811,37,"loſung: „Deine Knechte wolten gern, daß","„Deine Knechte wollten gern, dass","""Your servants wanted that","""U dienaars wou dit hê"
NL-UtHUA_A363596_2812,37,"Zion gebauet würde, und ſehen gern, daß","Zion gebaut würde und sehen gern, dass",Zion would be built and they would like to see that,Sion sou gebou word en hulle sou dit graag wou sien
NL-UtHUA_A363596_2813,37,ihre Steine und Kalk zugerichtet würden;“,ihre Steine und Kalk zugerichtet würden;“,their stones and lime would be prepared;”,hulle klippe en kalk sou voorberei word;”
NL-UtHUA_A363596_2814,37,worauf ich am 4ten vergnügt die Rückreiſe,worauf ich am 4. vergnügt die Rückreise,whereupon I happily began my return journey on the 4th.,waarna ek op die 4de gelukkig my terugreis begin het.
NL-UtHUA_A363596_2815,37,"an trat, und am 6ten wieder bey meinen",antrat und am 6. wieder bei meinen,started and was back at my place on the 6th.,het begin en was op die 6de terug by my plek.
NL-UtHUA_A363596_2817,37,lieben Brüdern eintraf.,lieben Brüdern eintraf.,arrived at my dear brothers' house.,by my liewe broers se huis aangekom.
NL-UtHUA_A363596_2818,37,Zum Schluſſe dieſes Diarii beſteht unſre,Zum Schluss dieses Diariums besteht unsre,"Finally, this diary contains our",Laastens bevat hierdie dagboek ons
NL-UtHUA_A363596_2819,37,Hottentotten gemein aus,Hottentottengemeinde aus,Hottentot community from,Hottentot-gemeenskap van
NL-UtHUA_A363596_2820,37,8. Communicanten,8. Kommunikanten,8. Communicants,8. Kommunikante
NL-UtHUA_A363596_2821,37,3. Tauf⸗Candidaten,3. Taufkandidaten,3. Baptismal candidates,3. Doopkandidate
NL-UtHUA_A363596_2822,37,18. Getauften Erwachſenen,18. Getauften Erwachsenen,18. Baptized adults,18. Gedoopte volwassenes
NL-UtHUA_A363596_2823,37,4. getauften Kindern,4. getauften Kindern,4. baptized children,4. gedoopte kinders
NL-UtHUA_A363596_2824,37,29 Tauf⸗Candidaten,29 Taufkandidaten,29 baptismal candidates,29 doopkandidate
NL-UtHUA_A363596_2825,37,"Sum̃ a 62 Perſonen, die wir alle, nebſt","Summa 62 Personen, die wir alle, nebst","A total of 62 people, all of whom we, besides","'n Totaal van 62 mense, almal van wie ons, behalwe"
NL-UtHUA_A363596_2826,37,"dem übrigen großen Volk, und uns ſelbſt,","dem übrigen großen Volk und uns selbst,","to the rest of the great people and ourselves,","aan die res van die groot mense en onsself,"
NL-UtHUA_A363596_2827,37,dem treuen Gebet u. Andenken aller Geſchw.,dem treuen Gebet und Andenken aller Geschw.,In faithful prayer and remembrance of all our brothers and sisters.,In getroue gebed en gedagtenis aan al ons broers en susters.
NL-UtHUA_A363596_2828,37,empfehlen.,empfehlen.,recommend.,aanbeveel.
NL-UtHUA_A363596_2829,37,Hendrik Marsveld,Hendrik Marsveld,Hendrik Marsveld,Hendrik Marsveld
NL-UtHUA_A363596_2830,37,Daniel Schwinn,Daniel Schwinn,Daniel Schwinn,Daniël Schwinn
NL-UtHUA_A363596_2831,37,Joh. Chr. Kühnel.,Joh. Chr. Kühnel.,Joh. Chr. Kühnel.,Joh. Chr. Kühnel.
NL-UtHUA_A363596_2832,37,"<pb n=""53"" source=""NL-UtHUA_A363596_000053.jpg"" />","<pb n=""53"" source=""NL-UtHUA_A363596_000053.jpg"" />","<pb n=""53"" source=""NL-UtHUA_A363596_000053.jpg"" />","<pb n=""53"" bron=""NL-UtHUA_A363596_000053.jpg"" />"
NL-UtHUA_A363596_2833,37,"<pb n=""54a"" source=""NL-UtHUA_A363596_000054.jpg"" />","<pb n=""54a"" source=""NL-UtHUA_A363596_000054.jpg"" />","<pb n=""54a"" source=""NL-UtHUA_A363596_000054.jpg"" />","<pb n=""54a"" bron=""NL-UtHUA_A363596_000054.jpg"" />"
NL-UtHUA_A363596_2834,37,"<pb n=""54b"" source=""NL-UtHUA_A363596_000054.jpg"" />","<pb n=""54b"" source=""NL-UtHUA_A363596_000054.jpg"" />","<pb n=""54b"" source=""NL-UtHUA_A363596_000054.jpg"" />","<pb n=""54b"" bron=""NL-UtHUA_A363596_000054.jpg"" />"
NL-UtHUA_A363596_2835,37,Von den Hottentotten.,Von den Hottentotten.,From the Hottentots.,Van die Hottentotte.
NL-UtHUA_A363596_2836,37,"Diarium von Bavianskloof, vom 7ten","Diarium von Bavianskloof, vom 7.","Diary of Bavianskloof, from the 7th.","Dagboek van Bavianskloof, vanaf die 7de."
NL-UtHUA_A363596_2837,37,December 1795; bis 14ten Maerz 1796.,Dezember 1795 bis 14. März 1796.,"December 1795 to March 14, 1796.",Desember 1795 tot 14 Maart 1796.
NL-UtHUA_A363596_2838,38,Nach der Rückkunft des Bruders Marsveld,Nach der Rückkunft des Bruders Marsveld,After the return of Brother Marsveld,Na die terugkeer van Broeder Marsveld
NL-UtHUA_A363596_2839,38,"von der Capſtadt, wo er vom Engliſchen Gene⸗","von der Kapstadt, wo er vom englischen General","from Cape Town, where he was visited by the English general","van Kaapstad, waar hy besoek is deur die Engelse generaal"
NL-UtHUA_A363596_2840,38,"ral Erlaubnis bekommen hat, Bauholz zu ei⸗","Erlaubnis bekommen hat, Bauholz zu einer",has received permission to use construction timber for a,het toestemming ontvang om konstruksiehout te gebruik vir 'n
NL-UtHUA_A363596_2841,38,"ner Kirche zu fällen, hatten wir am 7ten","Kirche zu fällen, hatten wir am 7.",We had planned to fell the church on the 7th.,Ons het beplan om die kerk op die 7de te vernietig.
NL-UtHUA_A363596_2842,38,"December eine Ueberlegung, wie groß wir","Dezember eine Überlegung, wie groß wir","In December, we'll consider how big we should be.",In Desember sal ons oorweeg hoe groot ons moet wees.
NL-UtHUA_A363596_2843,38,"ſie bauen wollen. Wir beſchloſſen, den Saal","sie bauen wollen. Wir beschlossen, den Saal",they want to build it. We decided to build the hall,hulle wil dit bou. Ons het besluit om die saal te bou
NL-UtHUA_A363596_2844,38,"60. Fuß lang, und 18. Fuß breit zu ma⸗","60 Fuß lang und 18 Fuß breit zu machen,","to make it 60 feet long and 18 feet wide,","om dit 60 voet lank en 18 voet breed te maak,"
NL-UtHUA_A363596_2845,38,"chen, mit einer Kammer auf jeder Seite,","mit einer Kammer auf jeder Seite,","with a chamber on each side,","met 'n kamer aan elke kant,"
NL-UtHUA_A363596_2846,38,16. Fuß ins Gevierte. Da es die höchſte,16 Fuß ins Gevierte. Da es die höchste,16 feet square. Since it is the highest,16 voet vierkant. Aangesien dit die hoogste is
NL-UtHUA_A363596_2847,38,"Zeit iſt, dieſe Arbeit anzufangen, ſo","Zeit ist, diese Arbeit anzufangen, so","It's time to start this work, so","Dis tyd om met hierdie werk te begin, so"
NL-UtHUA_A363596_2848,38,"ſchickten wir nach dem Maurer, der an un⸗","schickten wir nach dem Maurer, der an unserm",We sent for the bricklayer who was working on our,Ons het die messelaar laat roep wat besig was om aan ons
NL-UtHUA_A363596_2849,38,ſerm Hauſe gearbeitet hatte. Er iſt dama⸗,Hause gearbeitet hatte. Er ist damalen,He had been working from home. He was then,Hy het van die huis af gewerk. Hy was toe
NL-UtHUA_A363596_2850,38,"len beym Landdroſt, 3. Stunden von hier,","beim Landdrost, drei Stunden von hier,","at the Landdrost, three hours from here,","by die Landdrost, drie uur van hier af,"
NL-UtHUA_A363596_2851,38,"und verſprach, in 8. Tagen zu uns zu kom̅en,","und versprach, in acht Tagen zu uns zu kommen",and promised to come to us in eight days.,en het belowe om binne agt dae na ons toe te kom.
NL-UtHUA_A363596_2852,38,und für einen billigen Preiß zu arbeiten.,und für einen billigen Preis zu arbeiten.,and to work for a cheap price.,en om vir 'n goedkoop prys te werk.
NL-UtHUA_A363596_2853,38,Der hier gewöhnliche Tax für einen Mau⸗,Der hier gewöhnliche Taxe für einen Maurer,The usual rate for a bricklayer here,Die gewone tarief vir 'n messelaar hier
NL-UtHUA_A363596_2854,38,rer iſt täglich ein Reichs Thaler. Um die,ist täglich ein Reichstaler. Um die,is one Reichstaler per day. To the,is een Reichstaler per dag. Aan die
NL-UtHUA_A363596_2855,38,"Arbeit zu beſchleunigen, wollte er noch einen","Arbeit zu beschleunigen, wollte er noch einen","To speed up the work, he wanted to do one more thing.","Om die werk te bespoedig, wou hy nog een ding doen."
NL-UtHUA_A363596_2856,38,Gehülfen ſuchen. Noch heute wurde die Bau⸗,Gehilfen suchen. Noch heute wurde die BauStelle,Looking for helpers. The construction site was opened today.,Soek helpers. Die konstruksieterrein is vandag oopgemaak.
NL-UtHUA_A363596_2857,38,Stelle,,,
NL-UtHUA_A363596_2858,38,"<pb n=""55a"" source=""NL-UtHUA_A363596_000055.jpg"" />","<pb n=""55a"" source=""NL-UtHUA_A363596_000055.jpg"" />","<pb n=""55a"" source=""NL-UtHUA_A363596_000055.jpg"" />","<pb n=""55a"" bron=""NL-UtHUA_A363596_000055.jpg"" />"
NL-UtHUA_A363596_2859,38,"Stelle, gerade vor unſerm Hauſe, abge⸗","Stelle, gerade vor unserm Hause, abgesteckt.","The spot, right in front of our house, has been marked out.","Die plek, reg voor ons huis, is uitgemerk."
NL-UtHUA_A363596_2860,38,ſteckt. Den 8ten wurde der Anfang ge⸗,"Am 8. wurde der Anfang gemacht,",The beginning was made on the 8th.,Die begin is op die 8ste gemaak.
NL-UtHUA_A363596_2861,38,"macht, den Grund zu graben, wobey uns","den Grund zu graben, wobei uns","to dig the ground, whereby we","om die grond te grawe, waardeur ons"
NL-UtHUA_A363596_2862,38,die Looſung ſehr gemerklich war: „Wie man,die Losung sehr merklich war: „Wie man,"The slogan was very noticeable: ""How to","Die slagspreuk was baie opvallend: ""Hoe om"
NL-UtHUA_A363596_2863,38,"den Samen nennen, die den Tempel des","den Samen nennen, die den Tempel des",call the seed that the temple of,noem die saad wat die tempel van
NL-UtHUA_A363596_2864,38,HERRN bauen werden. — Und keines thut,HERRN bauen werden. — Und keines tut,They will build for the Lord. — And none does.,Hulle sal vir die Here bou. — En niemand doen dit nie.
NL-UtHUA_A363596_2865,38,"dabey, als ob es müßte.“ Sie ging buch⸗","dabei, als ob es müsste.“ Sie ging buchstäblich",“As if it had to be done.” She literally went,“Asof dit gedoen moes word.” Sy het letterlik gegaan
NL-UtHUA_A363596_2866,38,ſtäblich in Erfüllung; denn jezt kamen,in Erfüllung; denn jetzt kamen,in fulfillment; for now came,in vervulling; want nou het gekom
NL-UtHUA_A363596_2867,38,5. Hottentotten mit Frauen und Kindern,fünf Hottentotten mit Frauen und Kindern,five Hottentots with women and children,vyf Hottentotte met vroue en kinders
NL-UtHUA_A363596_2868,38,"weit aus dem Lande her, um, wie ſie ſelbſt","weit aus dem Lande her, um, wie sie selbst","from far out in the country, in order to, as they themselves","van ver in die land, om, soos hulle self,"
NL-UtHUA_A363596_2869,38,"ſagten, das Wort Gottes zu hören. Sie","sagten, das Wort Gottes zu hören. Sie",They said they wanted to hear the word of God.,Hulle het gesê hulle wou die woord van God hoor.
NL-UtHUA_A363596_2870,38,"freuten ſich ſehr über den werdenden Bau,","freuten sich sehr über den werdenden Bau,","were very pleased about the construction underway,","was baie tevrede met die konstruksie wat aan die gang is,"
NL-UtHUA_A363596_2871,38,"und verſprachen zu helfen, wo ſie könnten.","und versprachen zu helfen, wo sie könnten.",and promised to help where they could.,en het belowe om te help waar hulle kon.
NL-UtHUA_A363596_2872,38,"Br. Kühnel ritt zu Christian Franz, um bey","Br. Kühnel ritt zu Christian Franz, um bei",Brother Kühnel rode to Christian Franz to visit him.,Broer Kühnel het na Christian Franz gery om hom te besoek.
NL-UtHUA_A363596_2873,38,ihm bretter zu kaufen. Am 9ten war er,ihm Bretter zu kaufen. Am 9. war er,to buy him boards. On the 9th he was,om vir hom planke te koop. Op die 9de was hy
NL-UtHUA_A363596_2874,38,"auf der Jagt, um dem Baas Teunis die ſchrift⸗","auf der Jagd, um dem Baas Teunis die schriftliche",on the hunt to deliver the written message to Baas Teunis,op soek om die geskrewe boodskap aan Baas Teunis af te lewer
NL-UtHUA_A363596_2875,38,"liche Erlaubniß zu zeigen, die wir bekommen","Erlaubnis zu zeigen, die wir bekommen",To show permission we receive,Om toestemming te toon wat ons ontvang
NL-UtHUA_A363596_2876,38,"hatten, Bauholz zu fällen, und das nöthige","hatten, Bauholz zu fällen und das Nötige",had to fell timber and provide the necessary materials.,moes hout kap en die nodige materiaal verskaf.
NL-UtHUA_A363596_2877,38,mit ihm zu verabreden. Heute war das,mit ihm zu verabreden. Heute war das,to arrange a meeting with him. Today was the day.,om 'n vergadering met hom te reël. Vandag was die dag.
NL-UtHUA_A363596_2878,38,"Sprengen mit den Getauften, wobey wir uns","Sprengen mit den Getauften, wobei wir uns","Blasting with the baptized, whereby we","Skitter met die gedooptes, waardeur ons"
NL-UtHUA_A363596_2879,38,über die meiſten wundern konnten. Den 10ten,über die meisten wundern konnten. Am 10.,Most people were surprised by this. On the 10th.,Die meeste mense was hierdeur verbaas. Op die 10de.
NL-UtHUA_A363596_2880,38,"hatten wir Beſuch von 2. Herren aus der Cap,","hatten wir Besuch von zwei Herren aus der Kap,","We had a visit from two gentlemen from the Cape,","Ons het besoek gehad van twee here van die Kaap,"
NL-UtHUA_A363596_2881,38,die ſodann auf die Jagt gingen. Heute mel⸗,die sodann auf die Jagd gingen. Heute meldete,who then went hunting. Today it was reported,wat toe gaan jag het. Vandag is berig
NL-UtHUA_A363596_2882,38,"dete uns der Maurer, daß er keinen Gehuͤl⸗","uns der Maurer, dass er keinen Gehilfen",The bricklayer told us that he had no assistant.,Die messelaar het vir ons gesê dat hy geen assistent gehad het nie.
NL-UtHUA_A363596_2883,38,fen habe bekommen können. Wir ſchrieben nach,habe bekommen können. Wir schrieben nach,I was able to get it. We wrote afterwards.,Ek kon dit kry. Ons het daarna geskryf.
NL-UtHUA_A363596_2884,38,der,der,the,die
NL-UtHUA_A363596_2885,38,"<pb n=""55b"" source=""NL-UtHUA_A363596_000055.jpg"" />","<pb n=""55b"" source=""NL-UtHUA_A363596_000055.jpg"" />","<pb n=""55b"" source=""NL-UtHUA_A363596_000055.jpg"" />","<pb n=""55b"" bron=""NL-UtHUA_A363596_000055.jpg"" />"
NL-UtHUA_A363596_2886,38,"der Cap, daß man uns einen Maurer und","der Kap, dass man uns einen Maurer und","the cape, that they give us a bricklayer and","die kaap, dat hulle vir ons 'n messelaar gee en"
NL-UtHUA_A363596_2887,38,einen Zimmermann ſchicken möchte. Den 11ten,einen Zimmermann schicken möchte. Am 11.,I would like to send a carpenter. On the 11th.,Ek wil graag 'n skrynwerker stuur. Op die 11de.
NL-UtHUA_A363596_2888,38,"beſuchte uns ein Metzgerknecht, der ſeit 4. Mo⸗","besuchte uns ein Metzgerknecht, der seit vier Monaten",We were visited by a butcher's apprentice who had been there for four months,Ons is besoek deur 'n slagtersleerling wat al vier maande daar was.
NL-UtHUA_A363596_2889,38,"naten auf der Reiſe iſt, Schlachtung zuſam̅en","auf der Reise ist, Schlachtung zusammen","on the journey, slaughter together","op reis, slag saam"
NL-UtHUA_A363596_2890,38,zu treiben. Er hat von Ochſen und Schaafen über,zu treiben. Er hat von Ochsen und Schafen über,to drive. He has of oxen and sheep over,om te dryf. Hy het osse en skape oor
NL-UtHUA_A363596_2891,38,5000. Stück beyſammen. Den 12t hatten wir das,5000 Stück beisammen. Am 12. hatten wir das,We collected 5000 pieces. We had that on the 12th.,Ons het 5000 stukke ingesamel. Ons het dit op die 12de gehad.
NL-UtHUA_A363596_2892,38,"heil. Abendmahl, wobey die Maria als Confirman⸗","heiliges Abendmahl, wobei die Maria als Konfirmandin","Holy Communion, with Mary as a confirmand","Heilige Nagmaal, met Maria as 'n bevestigde"
NL-UtHUA_A363596_2893,38,"din, und die Catharina als Candidatin zuſahen.",und die Catharina als Kandidatin zusahen.,and watched Catharina as a candidate.,en het Catharina as kandidaat dopgehou.
NL-UtHUA_A363596_2894,38,"Den 13t kam der Maurer bey uns an, um die","Am 13. kam der Maurer bei uns an, um die",The bricklayer arrived at our place on the 13th to...,Die messelaar het op die 13de by ons aangekom om...
NL-UtHUA_A363596_2895,38,Arbeit an der Kirche anzufangen. Wir hat⸗,Arbeit an der Kirche anzufangen. Wir hatten,to begin work on the church. We had,om werk aan die kerk te begin. Ons het
NL-UtHUA_A363596_2896,38,ten die Tage her mit den Frauen und Kindern,die Tage her mit den Frauen und Kindern,the days gone with the women and children,die dae wat verby is met die vroue en kinders
NL-UtHUA_A363596_2897,38,"ſo viel Steine als möglich zuſammen getragen,","so viel Steine wie möglich zusammengetragen,","gathered as many stones as possible,","soveel klippe as moontlik bymekaargemaak,"
NL-UtHUA_A363596_2898,38,um den Grund damit zu mauern. Geſtern,um den Grund damit zu mauern. Gestern,to build a wall around the foundation. Yesterday,om 'n muur om die fondament te bou. Gister
NL-UtHUA_A363596_2899,38,"hatten wir auch den Anfang gemacht, Ziegeln","hatten wir auch den Anfang gemacht, Ziegel","We had also made a start, bricks","Ons het ook begin, bakstene"
NL-UtHUA_A363596_2900,38,"zu ſtreichen, deren wir gegen 60000. nöthig","zu streichen, deren wir gegen 60000 nötig","to cancel, of which we need around 60,000","om te kanselleer, waarvan ons ongeveer 60 000 benodig"
NL-UtHUA_A363596_2901,38,haben werden. Die Seiten⸗Mauern werden,haben werden. Die Seitenmauern werden,will have. The side walls will,sal hê. Die sywande sal
NL-UtHUA_A363596_2902,38,nach hieſiger Art von ungebrannten Ziegeln,nach hiesiger Art von ungebrannten Ziegeln,made from unbaked bricks in the local style,gemaak van ongebakte bakstene in die plaaslike styl
NL-UtHUA_A363596_2903,38,"gemacht werden, aber für die Giebel müſſen","gemacht werden, aber für die Giebel müssen","to be done, but for the gables they need to be done","gedoen moet word, maar vir die gewels moet hulle gedoen word"
NL-UtHUA_A363596_2904,38,ſie gebrannt werden. Alles dieſes wird Ar⸗,sie gebrannt werden. Alles dieses wird Arbeit,They will be burned. All of this will be work.,Hulle sal verbrand word. Dit alles sal werk wees.
NL-UtHUA_A363596_2905,38,"beit koſten, wir ſind aber jetzt nicht ſo ſehr","kosten, wir sind aber jetzt nicht so sehr","costs, but we're not so much about that now","koste, maar ons is nie nou soseer daaroor nie"
NL-UtHUA_A363596_2906,38,"um die Ziegeln verlegen, als um das Holz,","um die Ziegel verlegen, als um das Holz,","to lay the bricks, rather than the wood,","om die stene te lê, eerder as die hout,"
NL-UtHUA_A363596_2907,38,"welches noch wächſt, indem wir noch niemand","welches noch wächst, indem wir noch niemand","which is still growing, as we have yet to meet anyone","wat steeds groei, aangesien ons nog niemand ontmoet het nie"
NL-UtHUA_A363596_2908,38,"haben, es zu fällen. Uebrigens werden wir","haben, es zu fällen. Übrigens werden wir","have to cut it down. Incidentally, we will","moet dit afkap. Terloops, ons sal"
NL-UtHUA_A363596_2909,38,uns d. Steine an weit herholen müſſen. Heute,uns die Steine von weit herholen müssen. Heute,We have to get the stones from far away. Today,Ons moet die klippe van ver af kry. Vandag
NL-UtHUA_A363596_2910,38,"machten wir in der Verſammlung bekannt, daß","machten wir in der Versammlung bekannt, dass",We announced at the meeting that,Ons het by die vergadering aangekondig dat
NL-UtHUA_A363596_2911,38,wir,wir,we,ons
NL-UtHUA_A363596_2912,38,"<pb n=""56a"" source=""NL-UtHUA_A363596_000056.jpg"" />","<pb n=""56a"" source=""NL-UtHUA_A363596_000056.jpg"" />","<pb n=""56a"" source=""NL-UtHUA_A363596_000056.jpg"" />","<pb n=""56a"" bron=""NL-UtHUA_A363596_000056.jpg"" />"
NL-UtHUA_A363596_2913,39,wir morgen in aller Frühe den Grundſtein,wir morgen in aller Frühe den Grundstein,We will lay the foundation stone very early tomorrow morning.,Ons sal môreoggend baie vroeg die hoeksteen lê.
NL-UtHUA_A363596_2914,39,"zu unſrer Kirche legen wollten, wozu","zu unsrer Kirche legen wollten, wozu","who wanted to place it in our church, for what purpose","wie wou dit in ons kerk plaas, vir watter doel"
NL-UtHUA_A363596_2915,39,"ſich alles, Groß und Klein, einfinden möchte.","sich alles, Groß und Klein, einfinden möchte.","Everyone, big and small, wants to come together.","Almal, groot en klein, wil saamkom."
NL-UtHUA_A363596_2916,39,Den 14ten früh um Halb 6. Uhr war alles,Am 14. früh um halb 6 Uhr war alles,On the morning of the 14th at 5:30 a.m. everything was,Op die oggend van die 14de om 5:30 vm. was alles
NL-UtHUA_A363596_2917,39,hier beyſammen. Wir ſtellten die Leute rund,hier beisammen. Wir stellten die Leute rund,gathered here. We put the people around,hier bymekaargekom. Ons het die mense rondom geplaas
NL-UtHUA_A363596_2918,39,"um den Bauplatz herum, und ſangen einen Vers,","um den Bauplatz herum und sangen einen Vers,","around the building site and sang a verse,","rondom die bouperseel en 'n vers gesing,"
NL-UtHUA_A363596_2919,39,"worauf Br. Marsveld ſagte, daß es ſchon lange","worauf Br. Marsveld sagte, dass es schon lange",to which Brother Marsveld said that it had been a long time.,waarop Broer Marsveld gesê het dat dit al lank gelede was.
NL-UtHUA_A363596_2920,39,"von uns und ihnen gewunſcht worden wäre,","von uns und ihnen gewünscht worden wäre,",would have been desired by us and them.,sou deur ons en hulle verlang gewees het.
NL-UtHUA_A363596_2921,39,einen größeren Verſammlungs⸗Platz zu haben;,einen größeren Versammlungsplatz zu haben;,to have a larger meeting place;,om 'n groter vergaderplek te hê;
NL-UtHUA_A363596_2922,39,"der Heiland habe es nun ſo gefügt, daß","der Heiland habe es nun so gefügt, dass",The Savior has now arranged it so that,Die Verlosser het dit nou so gereël dat
NL-UtHUA_A363596_2923,39,"wir einen bauen könnten, und jetzt wären",wir einen bauen könnten und jetzt wären,we could build one and now would,ons kon een bou en nou sou
NL-UtHUA_A363596_2924,39,"wir beyſammen, den Grundſtein dazu zu","wir beisammen, den Grundstein dazu zu","we together, to lay the foundation for","ons saam, om die fondament te lê vir"
NL-UtHUA_A363596_2925,39,"legen, und Gott um Seinen Segen und",legen und Gott um Seinen Segen und,lay down and ask God for His blessing and,gaan lê neer en vra God vir Sy seën en
NL-UtHUA_A363596_2926,39,Beyſtand zu bitten. Nach dem Geſang,Beistand zu bitten. Nach dem Gesang,To ask for assistance. After the singing.,Om hulp te vra. Na die sang.
NL-UtHUA_A363596_2927,39,"eines Verſes, kniete Br. Marsveld auf",eines Verses kniete Br. Marsveld auf,Brother Marsveld knelt during one of the verses.,Broer Marsveld het tydens een van die verse gekniel.
NL-UtHUA_A363596_2928,39,"den Grundſtein nieder, die Verſammlung","den Grundstein nieder, die Versammlung","lay the foundation stone, the assembly","lê die hoeksteen, die vergadering"
NL-UtHUA_A363596_2929,39,"kniete ebenfalls, und der Heiland wurde",kniete ebenfalls und der Heiland wurde,"He also knelt, and the Savior was","Hy het ook gekniel, en die Verlosser was"
NL-UtHUA_A363596_2930,39,"herzlich angefleht, dieſen Bau zum Segen","herzlich angefleht, diesen Bau zum Segen",earnestly implored to make this building a blessing,ernstig gesmeek om hierdie gebou 'n seën te maak
NL-UtHUA_A363596_2931,39,"vieler Menſchen zu ſetzen, ihn glücklich von","vieler Menschen zu setzen, ihn glücklich von","to put many people, make him happy from","om baie mense te sit, hom gelukkig te maak van"
NL-UtHUA_A363596_2932,39,"Statten gehen zu laſſen, und alle, die","Statten gehen zu lassen und alle, die",Instead of letting go and all those who,In plaas daarvan om los te laat en almal wat
NL-UtHUA_A363596_2933,39,"daran arbeiten würden, vor Schaden zu","daran arbeiten würden, vor Schaden zu",would work to prevent damage,sou werk om skade te voorkom
NL-UtHUA_A363596_2934,39,behüten. Dann wurde der Beſchluß mit,behüten. Dann wurde der Beschluss mit,protect. Then the decision was made with,beskerm. Toe is die besluit geneem met
NL-UtHUA_A363596_2935,39,dem Geſang eines Verſes gemacht. Es wal⸗,dem Gesang eines Verses gemacht. Es waltete,made of the song of a verse. It prevailed.,gemaak van die lied van 'n vers. Dit het geseëvier.
NL-UtHUA_A363596_2936,39,tete bey dieſer Handlung ein mächtiges,bei dieser Handlung ein mächtiges,a powerful force was involved in this action.,'n kragtige mag was by hierdie aksie betrokke.
NL-UtHUA_A363596_2937,39,"Gnadengefühl. Der Maurer ſagte nachher,","Gnadengefühl. Der Maurer sagte nachher,","A feeling of grace. The bricklayer said afterwards,","'n Gevoel van grasie. Die messelaar het daarna gesê,"
NL-UtHUA_A363596_2938,39,"daß,","dass,","that,","dit,"
NL-UtHUA_A363596_2939,39,"<pb n=""56b"" source=""NL-UtHUA_A363596_000056.jpg"" />","<pb n=""56b"" source=""NL-UtHUA_A363596_000056.jpg"" />","<pb n=""56b"" source=""NL-UtHUA_A363596_000056.jpg"" />","<pb n=""56b"" bron=""NL-UtHUA_A363596_000056.jpg"" />"
NL-UtHUA_A363596_2940,39,"daß, als er den Stein hätte legen ſollen, ihn","dass, als er den Stein hätte legen sollen, ihn","that when he should have laid the stone, he","dat toe hy die klip moes lê, hy"
NL-UtHUA_A363596_2941,39,"etwas angewandelt habe, das er nicht beſchrei⸗","etwas angewandelt habe, das er nicht beschreiben",I have changed something that he cannot describe,Ek het iets verander wat hy nie kan beskryf nie
NL-UtHUA_A363596_2942,39,"ben könne. Die Looſung hieß: „Wer mich ehret,","könne. Die Losung hieß: „Wer mich ehrt,","could. The motto was: ""Whoever honors me,","kon. Die leuse was: ""Wie My eer,"
NL-UtHUA_A363596_2943,39,den will Ich auch ehren. — Die Wahl der Gna⸗,den will Ich auch ehren. — Die Wahl der Gnaden,I will honor him too. — The Choice of Graces,Ek sal hom ook eer. — Die Keuse van Genade
NL-UtHUA_A363596_2944,39,"den iſt uns unergründenswerth, was ſind wir","ist uns unergründlich, was sind wir","It is unfathomable to us, what are we?","Dit is vir ons ondeurgrondelik, wat is ons?"
NL-UtHUA_A363596_2945,39,"Maden, daß uns der Herr ſo ehrt!“","Maden, dass uns der Herr so ehrt!“","Maggots, that the Lord honors us so!","Maaiers, dat die Here ons so eer!"
NL-UtHUA_A363596_2946,39,"Den 16ten kamen 2. Hottentotten zu Hauſe,","Am 16. kamen zwei Hottentotten nach Hause,","On the 16th, two Hottentots came home,","Op die 16de het twee Hottentotte huis toe gekom,"
NL-UtHUA_A363596_2947,39,die bey einem Bauer in der Erndte gearbeitet,die bei einem Bauer in der Ernte gearbeitet,who worked for a farmer during the harvest,wat tydens die oes vir 'n boer gewerk het
NL-UtHUA_A363596_2948,39,"hatten, und wollten nun zu einem andern",hatten und wollten nun zu einem andern,had and now wanted to go to another,gehad en wou nou na 'n ander een gaan
NL-UtHUA_A363596_2949,39,Bauer gehen. Wir hätten ſie gern da behal⸗,"Bauer gehen. Wir hätten sie gern da behalten,",Farmers are leaving. We would have liked to keep them there.,Boere vertrek. Ons sou hulle graag daar wou hou.
NL-UtHUA_A363596_2950,39,"ten, weil wir um Arbeitsleute verlegen",weil wir um Arbeitsleute verlegen,because we are relocating workers,omdat ons werkers verskuif
NL-UtHUA_A363596_2951,39,ſind; doch wollten wir ſie nicht von dem Bau⸗,sind; doch wollten wir sie nicht von dem Bauer,are; but we didn't want them from the farmer,is; maar ons wou hulle nie van die boer hê nie
NL-UtHUA_A363596_2952,39,er abhalten. Als ſie eine Stunde weit weg,abhalten. Als sie eine Stunde weit weg,to stop. When they were an hour away,om te stop. Toe hulle 'n uur weg was
NL-UtHUA_A363596_2953,39,"waren, wurden ſie ſo ängſtlich, daß ſie nicht","waren, wurden sie so ängstlich, dass sie nicht",They were so scared that they couldn't,Hulle was so bang dat hulle nie kon nie
NL-UtHUA_A363596_2954,39,"weiter gehen konnten, ſie kehrten um, und","weiter gehen konnten, sie kehrten um und","They were unable to continue, they turned back and","Hulle kon nie voortgaan nie, hulle het omgedraai en"
NL-UtHUA_A363596_2955,39,"boten ſich an, bey uns zu arbeiten. Den 19t","boten sich an, bei uns zu arbeiten. Am 19.",They offered to work for us. On the 19th.,Hulle het aangebied om vir ons te werk. Op die 19de.
NL-UtHUA_A363596_2956,39,"kamen viele Hottentotten, die in der Erndte","kamen viele Hottentotten, die in der Ernte",Many Hottentots came who were in the harvest,Baie Hottentotte het gekom wat in die oes was
NL-UtHUA_A363596_2957,39,"geweſen waren, wieder nach Hauſe, und","gewesen waren, wieder nach Hause, und","had been, back home, and","was, terug by die huis, en"
NL-UtHUA_A363596_2958,39,wir nahmen ſie gleich in Arbeit. Mit dem,wir nahmen sie gleich in Arbeit. Mit dem,We put them to work immediately. With the,Ons het hulle dadelik aan die werk gesit. Met die
NL-UtHUA_A363596_2959,39,wenigen Volk hatten wir doch in der letzten,wenigen Volk hatten wir doch in der letzten,We had so few people in the last,Ons het so min mense gehad in die laaste
NL-UtHUA_A363596_2960,39,Woche gute Fortſchritte gemacht. Den 21ten,Woche gute Fortschritte gemacht. Am 21.,Good progress was made this week. On the 21st.,Goeie vordering is hierdie week gemaak. Op die 21ste.
NL-UtHUA_A363596_2961,39,"kamen noch mehrere von der Erndte nach Hauſe,","kamen noch mehrere von der Ernte nach Hause,","Several more people came home from the harvest,","Nog 'n paar mense het van die oes af huis toe gekom,"
NL-UtHUA_A363596_2962,39,"und am 22ten 15 ganz neue Leute, die unter","und am 22. 15 ganz neue Leute, die unter","and on the 22nd, 15 completely new people, who are under","en op die 22ste, 15 heeltemal nuwe mense, wat onder"
NL-UtHUA_A363596_2963,39,"Schwellendam gewohnt hatten, und nun",Swellendam gewohnt hatten und nun,had lived in Swellendam and now,het in Swellendam gewoon en nou
NL-UtHUA_A363596_2964,39,Gottes Wort hören wollten. Den 23ten,Gottes Wort hören wollten. Am 23.,They wanted to hear God's word. On the 23rd.,Hulle wou God se woord hoor. Op die 23ste.
NL-UtHUA_A363596_2965,39,war,war,was,was
NL-UtHUA_A363596_2966,39,,,,
NL-UtHUA_A363596_2967,39,"<pb n=""57a"" source=""NL-UtHUA_A363596_000057.jpg"" />","<pb n=""57a"" source=""NL-UtHUA_A363596_000057.jpg"" />","<pb n=""57a"" source=""NL-UtHUA_A363596_000057.jpg"" />","<pb n=""57a"" source=""NL-UtHUA_A363596_000057.jpg"" />"
NL-UtHUA_A363596_2968,39,war das Sprechen der Tauf⸗Candi da⸗,war das Sprechen der Taufkandidaten.,was the speaking of the baptismal candidates.,was die spraak van die doopkandidate.
NL-UtHUA_A363596_2969,39,"ten. Ueber die, welche bey den Bauren","ten. Über die, welche bei den Bauern",ten. About those which are among the farmers,tien. Oor diegene wat onder die boere is
NL-UtHUA_A363596_2970,39,"gearbeitet hatten, waren wir verlegen","gearbeitet hatten, waren wir verlegen",We were embarrassed after we had worked on it.,Ons was verleë nadat ons daaraan gewerk het.
NL-UtHUA_A363596_2971,39,"geweſen, wegen des Weintrinkens, bis","gewesen, wegen des Weintrinkens, bis","It had been because of the wine drinking, until","Dit was as gevolg van die wyndrinkery, totdat"
NL-UtHUA_A363596_2972,39,jetzt aber hörten wir nichts bedenkliches.,jetzt aber hörten wir nichts Bedenkliches.,But now we haven't heard anything concerning.,Maar nou het ons niks aangaande gehoor nie.
NL-UtHUA_A363596_2973,39,Heute zog eine ſtarke familie zum Maſ⸗,Heute zog eine starke Familie zum Masvan,Today a large family moved to Masvan,Vandag het 'n groot gesin na Masvan verhuis
NL-UtHUA_A363596_2974,39,"van Ginger. Andreas Otto ließ uns erſuchen,","Ginger. Andreas Otto ließ uns ersuchen,",Ginger. Andreas Otto asked us to,Gemmer. Andreas Otto het ons gevra om
NL-UtHUA_A363596_2975,39,die Verſammlung am erſten Weihnachtſ⸗,die Versammlung am ersten Weihnachtsfeiertag,the meeting on Christmas Day,die vergadering op Kersdag
NL-UtHUA_A363596_2976,39,"feyertag nicht zu früh zu halten, weil","nicht zu früh zu halten, weil","not to stop too early, because","om nie te vroeg op te hou nie, want"
NL-UtHUA_A363596_2977,39,er und mehrere derſelben gern beywoh⸗,er und mehrere derselben gern beiwohnen,he and several of them like to attend,hy en verskeie van hulle wil graag bywoon
NL-UtHUA_A363596_2978,39,nen möchten. Den 24ſten kam der ver⸗,möchten. Den 24. kam der verlangte,want. The requested one arrived on the 24th.,"wil hê. Die een wat gevra is, het op die 24ste aangekom."
NL-UtHUA_A363596_2979,39,langte Maurer von der Cap bey uns,Maurer von der Kap bei uns,Bricklayers from the Cape with us,Steenleggers van die Kaap saam met ons
NL-UtHUA_A363596_2980,39,an. Er iſt ein Sclave. Heute wurde,an. Er ist ein Sklave. Heute wurde,He is a slave. Today was,Hy is 'n slaaf. Vandag was
NL-UtHUA_A363596_2981,39,die Winnower am Gewände fertig.,die Winnower am Gewände fertig.,The Winnower finished the garment.,Die Winnower het die kledingstuk klaargemaak.
NL-UtHUA_A363596_2982,39,Gleich nach den Feyertagen wird mit,Gleich nach den Feiertagen wird mit,"Immediately after the holidays, with","Onmiddellik na die vakansie, met"
NL-UtHUA_A363596_2983,39,getrockneten Ziegeln gemauert wer⸗,getrockneten Ziegeln gemauert werden.,They are built with dried bricks.,Hulle word met gedroogde bakstene gebou.
NL-UtHUA_A363596_2984,39,den. Gegen Abend beſuchten uns die,Gegen Abend besuchten uns die,"Towards evening, the","Teen die aand, die"
NL-UtHUA_A363596_2985,39,"beiden Herren Lind und Marx, welches","beiden Herren Lind und Marx, was","both gentlemen Lind and Marx, what","beide here Lind en Marx, wat"
NL-UtHUA_A363596_2986,39,"uns nicht angenehm war, da wir an","uns nicht angenehm war, da wir an","It was not pleasant for us, as we were at","Dit was nie lekker vir ons nie, want ons was by"
NL-UtHUA_A363596_2987,39,der Heiligen Chriſtnacht mit unſern,der Heiligen Christnacht mit unseren,the Holy Christmas Eve with our,die Heilige Kersaand met ons
NL-UtHUA_A363596_2988,40,Getauften ein Liebesmahl halten woll⸗,Getauften ein Liebesmahl halten wollten.,They wanted to hold a love feast for the baptized.,Hulle wou 'n liefdesfees vir die gedooptes hou.
NL-UtHUA_A363596_2989,40,"ten. Wir konnten nicht anders, als ihnen","Wir konnten nicht anders, als ihnen",We couldn't help but tell them,Ons kon nie anders as om vir hulle te sê
NL-UtHUA_A363596_2990,40,"ſagen, daß wir mit unſern Getauften","sagen, dass wir mit unseren Getauften",say that we with our baptized,sê dat ons met ons gedooptes
NL-UtHUA_A363596_2991,40,"gern allein ſeyn wollten, und erſuchten","gern allein sein wollten, und ersuchten",They wanted to be alone and requested,Hulle wou alleen wees en het versoek
NL-UtHUA_A363596_2992,40,"Sie, ſich derweilen in einer Kämmer aufzu⸗","Sie, sich derweilen in einer Kammer aufzu-","They, meanwhile, stayed in a room-",Hulle het intussen in 'n kamer gebly-
NL-UtHUA_A363596_2993,40,"<pb n=""57b"" source=""NL-UtHUA_A363596_000057.jpg"" />","<pb n=""57b"" source=""NL-UtHUA_A363596_000057.jpg"" />","<pb n=""57b"" source=""NL-UtHUA_A363596_000057.jpg"" />","<pb n=""57b"" source=""NL-UtHUA_A363596_000057.jpg"" />"
NL-UtHUA_A363596_2994,40,halten. dieſes ſchien ihnen wol nicht recht,halten. Dieses schien ihnen wohl nicht recht,stop. This didn't seem quite right to them.,Stop. Dit het nie heeltemal reg vir hulle gelyk nie.
NL-UtHUA_A363596_2995,40,"zu ſeyn, doch ließßen ſie ſichs gefallen.","zu sein, doch ließen sie sich's gefallen.","to be, but they put up with it.","om te wees, maar hulle het dit verduur."
NL-UtHUA_A363596_2996,40,Vor dem Liebesmahl hielten wir eine all⸗,Vor dem Liebesmahl hielten wir eine allgemeine,"Before the love feast, we held a general",Voor die liefdesfees het ons 'n algemene
NL-UtHUA_A363596_2997,40,"gemeine Singſtunde, in welcher wir uns ſe[hr]","Singstunde, in welcher wir uns sehr","Singing lesson, in which we felt very comfortable","Sangles, waarin ons baie gemaklik gevoel het"
NL-UtHUA_A363596_2998,40,Vergnügten. In der folgenden Nacht reg⸗,vergnügten. In der folgenden Nacht regnete,They were merry. It rained the following night.,Hulle was vrolik. Dit het die volgende nag gereën.
NL-UtHUA_A363596_2999,40,"nete es ſo ſtark, daß der erwartete","es so stark, dass der erwartete",it is so strong that the expected,dit is so sterk dat die verwagte
NL-UtHUA_A363596_3000,40,"Beſuch zum erſten feyertage ausblieb,","Besuch zum ersten Feiertage ausblieb,",No visitors came for the first holiday.,Geen besoekers het vir die eerste vakansie gekom nie.
NL-UtHUA_A363596_3001,40,welches uns recht lieb war. Das Wetter,was uns recht lieb war. Das Wetter,which we really liked. The weather,waarvan ons baie gehou het. Die weer
NL-UtHUA_A363596_3002,40,"wurde doch noch ſo, daß wir die Verſamm⸗","wurde doch noch so, dass wir die Versammlung",It turned out that we could hold the meeting.,Dit het geblyk dat ons die vergadering kon hou.
NL-UtHUA_A363596_3003,40,lung unter den Bäumen halten konnten.,unter den Bäumen halten konnten.,were able to stop under the trees.,kon onder die bome stop.
NL-UtHUA_A363596_3004,40,Es waren ſehr viele Hottentotten zum,Es waren sehr viele Hottentotten zum,There were a great many Hottentots at,Daar was baie Hottentotte by
NL-UtHUA_A363596_3005,40,"Beſuch hier, welche auch über die feyertage","Besuch hier, welche auch über die Feiertage","Visit here, which is also open over the holidays.","Besoek hier, wat ook oor die vakansiedae oop is."
NL-UtHUA_A363596_3006,40,hier blieben. wir ſchätzten die Zahl auf,hier blieben. Wir schätzten die Zahl auf,stayed here. We estimated the number to be...,hier gebly. Ons het die getal beraam op...
NL-UtHUA_A363596_3007,40,500. Den 26ſten frühe ſangen wir mit den,500. Den 26. früh sangen wir mit den,"500. Early on the 26th, we sang with the",500. Vroeg op die 26ste het ons saam met die
NL-UtHUA_A363596_3008,40,Getauften und Tauf⸗Candidaten eine Litur⸗,Getauften und Taufkandidaten eine Liturgie,a liturgy for the baptized and baptismal candidates,'n liturgie vir die gedooptes en doopkandidate
NL-UtHUA_A363596_3009,40,gie zum Sohne. Um 10 Uhr hatten wir,zum Sohne. Um 10 Uhr hatten wir,to my son. We had lunch at 10 o'clock.,aan my seun. Ons het om 10 uur middagete geëet.
NL-UtHUA_A363596_3010,40,"eine Taufhandlung, da 4 perſonen mit Na⸗","eine Taufhandlung, da 4 Personen mit Namen","a baptism ceremony, since 4 people with names","'n doopseremonie, aangesien 4 mense met name"
NL-UtHUA_A363596_3011,40,"men Sara, Regina, Wilhelmina und Benig⸗","Sara, Regina, Wilhelmina und Benigna","Sara, Regina, Wilhelmina and Benigna","Sara, Regina, Wilhelmina en Benigna"
NL-UtHUA_A363596_3012,40,na in den Tod Jeſu getauft wurden.,in den Tod Jesu getauft wurden.,were baptized into the death of Jesus.,is in die dood van Jesus gedoop.
NL-UtHUA_A363596_3013,40,Den 27ſten beſchloſſen wir die feyertage,Den 27. beschlossen wir die Feiertage,We decided to celebrate the holidays on the 27th.,Ons het besluit om die vakansie op die 27ste te vier.
NL-UtHUA_A363596_3014,40,mit Lob und Dank gegen unſern lieben,mit Lob und Dank gegen unseren lieben,with praise and thanks to our dear,met lof en dank aan ons dierbare
NL-UtHUA_A363596_3015,40,"HErrn für den Segen, den Er auf unſer","Herrn für den Segen, den Er auf unser","Lord, for the blessing He has bestowed upon us","Here, vir die seën wat Hy aan ons geskenk het"
NL-UtHUA_A363596_3016,40,Zeugniß von Seiner Menſchwerdung und,Zeugnis von Seiner Menschwerdung und,Testimony of His Incarnation and,Getuienis van Sy Inkarnasie en
NL-UtHUA_A363596_3017,40,Seinem Tode gelegt hat. In allen Verſamm⸗,Seinem Tode gelegt hat. In allen Versammlungen,He laid himself to death. In all assemblies,Hy het homself doodgemaak. In alle vergaderings
NL-UtHUA_A363596_3018,40,lungen bewies Er ſich mächtig und Kräftig,bewies Er sich mächtig und kräftig,He proved himself powerful and strong,Hy het homself magtig en sterk bewys
NL-UtHUA_A363596_3019,40,an,an,to,om
NL-UtHUA_A363596_3020,40,"<pb n=""58a"" source=""NL-UtHUA_A363596_000058.jpg"" />","<pb n=""58a"" source=""NL-UtHUA_A363596_000058.jpg"" />","<pb n=""58a"" source=""NL-UtHUA_A363596_000058.jpg"" />","<pb n=""58a"" bron=""NL-UtHUA_A363596_000058.jpg"" />"
NL-UtHUA_A363596_3021,40,"an den Herzen. Wir glauben, daß viele,","an den Herzen. Wir glauben, dass viele,","in their hearts. We believe that many,","in hul harte. Ons glo dat baie,"
NL-UtHUA_A363596_3022,40,"die nur zum Beſuch hier waren, einen Ein⸗","die nur zum Besuch hier waren, einen Eindruck","those who were only here for a visit, get an impression","diegene wat net hier was vir 'n besoek, kry 'n indruk"
NL-UtHUA_A363596_3023,40,druck mit nach Hauſe nehmen werden.,mit nach Hause nehmen werden.,will take home with them.,sal saam met hulle huis toe neem.
NL-UtHUA_A363596_3024,40,Heute Nachmittag ſchickten wir verſchie⸗,Heute Nachmittag schickten wir verschiedene,This afternoon we sent various,Vanmiddag het ons verskeie gestuur
NL-UtHUA_A363596_3025,40,"dene Hottentotten in den Buſch, um Holz","Hottentotten in den Busch, um Holz",Hottentots into the bush to gather wood,Hottentotte in die bos om hout te versamel
NL-UtHUA_A363596_3026,40,"zu fällen, und den 28ſten gingen ihnen","zu fällen, und den 28. gingen ihnen","to fell, and on the 28th they went","om te val, en op die 28ste het hulle gegaan"
NL-UtHUA_A363596_3027,40,"meherere nach, ſo daß wir jetzt 8 ſtarke","mehrere nach, sodass wir jetzt 8 starke","several more, so that we now have 8 strong ones","nog 'n paar, sodat ons nou 8 sterkes het"
NL-UtHUA_A363596_3028,40,Männer bey dieſer Arbeit haben. Den,Männer bei dieser Arbeit haben. Den,Men have to do this job.,Mans moet hierdie werk doen.
NL-UtHUA_A363596_3029,40,"30ſten kam ein Hottentottiſcher Capitain,","30. kam ein Hottentottischer Kapitän,","On the 30th, a Hottentot captain arrived,","Op die 30ste het 'n Hottentot-kaptein aangekom,"
NL-UtHUA_A363596_3030,40,"mit 8. Hottentotten aus einer Gegend,","mit 8 Hottentotten aus einer Gegend,","with 8 Hottentots from one area,","met 8 Hottentotte van een gebied,"
NL-UtHUA_A363596_3031,40,"etwa 20. Meilen von hier, bey uns an.","etwa 20 Meilen von hier, bei uns an.","about 20 miles from here, to our place.","omtrent 20 myl van hier af, na ons plek toe."
NL-UtHUA_A363596_3032,40,Sie hatten einen gefangenen Hottentotten,Sie hatten einen gefangenen Hottentotten,They had captured a Hottentot.,Hulle het 'n Hottentot gevange geneem.
NL-UtHUA_A363596_3033,40,"mit, der ſeine Frau todtgeſchlagen hatte,","mit, der seine Frau totgeschlagen hatte,","with, who had beaten his wife to death,","met, wat sy vrou doodgeslaan het,"
NL-UtHUA_A363596_3034,40,und der nun nach der Cap gebracht werden,und der nun nach der Kap gebracht werden,and who will now be taken to the Cape,en wie sal nou na die Kaap geneem word
NL-UtHUA_A363596_3035,40,"ſollte. Sie baten um Erlaubniß, bis übers","sollte. Sie baten um Erlaubnis, bis übers",should. They asked for permission to continue until after,moet. Hulle het toestemming gevra om voort te gaan tot daarna
NL-UtHUA_A363596_3036,40,Neujahr hier zu bleiben. Den 31ſten gegen,Neujahr hier zu bleiben. Den 31. gegen,To stay here for New Year's. The 31st against,Om hier te bly vir Nuwejaar. Die 31ste teen
NL-UtHUA_A363596_3037,40,Mitternacht hatten wir eine allgemeine,Mitternacht hatten wir eine allgemeine,At midnight we had a general,Om middernag het ons 'n algemene
NL-UtHUA_A363596_3038,40,"Verſammlung zum Jahresſchluß, wozu ſich","Versammlung zum Jahresschluss, wozu sich","Year-end meeting, to which","Jaareindvergadering, waarna"
NL-UtHUA_A363596_3039,40,die Hottentotten von allen Seiten her⸗,die Hottentotten von allen Seiten herbei,the Hottentots from all sides,die Hottentotte van alle kante
NL-UtHUA_A363596_3040,40,bey fanden. Br. Schwinn erinnerte ſie,fanden. Br. Schwinn erinnerte sie,found. Brother Schwinn reminded them.,gevind. Broer Schwinn het hulle daaraan herinner.
NL-UtHUA_A363596_3041,40,"an die vielen Wohlthaten Gottes, die","an die vielen Wohltaten Gottes, die","to the many blessings of God, which","tot die vele seëninge van God, wat"
NL-UtHUA_A363596_3042,40,"ſie in dieſem Jahre genoſſen hätten, und","sie in diesem Jahre genossen hätten, und","they would have enjoyed this year, and","hulle sou hierdie jaar geniet het, en"
NL-UtHUA_A363596_3043,40,forderte ſie zum Lobe und Dank auf. wor⸗,"forderte sie zum Lob und Dank auf, worauf","She called for praise and thanks, whereupon","Sy het om lof en dank gevra, waarop"
NL-UtHUA_A363596_3044,40,auf wir unter Gebet und flehen auf den,wir unter Gebet und Flehen auf den,we prayed and supplied to the,ons het gebid en voorsien aan die
NL-UtHUA_A363596_3045,40,Knieen in das neue Jahr eintraten. Was,Knieen in das neue Jahr eintraten. Was,They entered the new year on their knees. What,Hulle het die nuwe jaar op hul knieë binnegegaan. Wat
NL-UtHUA_A363596_3046,40,für,für,for,vir
NL-UtHUA_A363596_3047,40,"<pb n=""58b"" source=""NL-UtHUA_A363596_000058.jpg"" />","<pb n=""58b"" source=""NL-UtHUA_A363596_000058.jpg"" />","<pb n=""58b"" source=""NL-UtHUA_A363596_000058.jpg"" />","<pb n=""58b"" bron=""NL-UtHUA_A363596_000058.jpg"" />"
NL-UtHUA_A363596_3048,40,für ein Gefühl in dieſer Verſammlung gewaltet,für ein Gefühl in dieser Versammlung gewaltet,a feeling prevailed in this assembly,'n Gevoel het in hierdie vergadering geheers
NL-UtHUA_A363596_3049,40,können wir nicht beſchreiben. Das Gebet wur⸗,können wir nicht beschreiben. Das Gebet wurde,We cannot describe it. The prayer was,Ons kan dit nie beskryf nie. Die gebed was
NL-UtHUA_A363596_3050,40,de durch lautes Weinen unterbrochen.,durch lautes Weinen unterbrochen.,interrupted by loud crying.,onderbreek deur harde gehuil.
NL-UtHUA_A363596_3051,40,"Nun, lieber Geſchwiſter! Was ſollen","Nun, liebe Geschwister! Was sollen","Well, dear brothers and sisters! What should","Wel, liewe broers en susters! Wat behoort"
NL-UtHUA_A363596_3052,40,wir beym Schluß dieſes Jahres ſagen!,wir beim Schluss dieses Jahres sagen!,as we say at the end of this year!,soos ons aan die einde van hierdie jaar sê!
NL-UtHUA_A363596_3053,40,"Wir haben keine Worte, uns auszudrücken.","Wir haben keine Worte, uns auszudrücken.",We have no words to express ourselves.,Ons het geen woorde om onsself uit te druk nie.
NL-UtHUA_A363596_3054,40,"Der Teufel hat greulich gewütet, und es","Der Teufel hat greulich gewütet, und es","The devil wreaked terrible havoc, and it","Die duiwel het verskriklike verwoesting gesaai, en dit"
NL-UtHUA_A363596_3055,40,"iſt ihm auch gelungen, daß wir unſere Schaafe","ist ihm auch gelungen, dass wir unsere Schafe",He also succeeded in getting us to keep our sheep,Hy het ook daarin geslaag om ons te kry om ons skape aan te hou
NL-UtHUA_A363596_3056,40,auf eine Zeitlang haben verlaſſen müſſen.,auf eine Zeitlang haben verlassen müssen.,had to rely on them for a while.,moes 'n rukkie op hulle staatmaak.
NL-UtHUA_A363596_3057,40,"Was wir dabey erfahren haben, das können","Was wir dabei erfahren haben, das können","What we learned during this process, we can","Wat ons tydens hierdie proses geleer het, kan ons"
NL-UtHUA_A363596_3058,40,"wir nicht beſchreiben. Wer hätte aber gedacht,","wir nicht beschreiben. Wer hätte aber gedacht,","we cannot describe. But who would have thought,","ons kan nie beskryf nie. Maar wie sou kon dink,"
NL-UtHUA_A363596_3059,40,daß es der Heiland ſo fügen und ändern,dass es der Heiland so fügen und ändern,that the Savior would so ordain and change it,dat die Verlosser dit so sou verorden en verander
NL-UtHUA_A363596_3060,40,"würde, ja ſo ändern, daß wir nun eine","würde, ja so ändern, dass wir nun eine",would change it so that we now have a,sou dit verander sodat ons nou 'n
NL-UtHUA_A363596_3061,40,Mauer zu unſerm Verſammlungshauſe ſehen.,Mauer zu unserem Versammlungshause sehen.,See the wall of our meeting house.,Kyk na die muur van ons vergaderlokaal.
NL-UtHUA_A363596_3062,40,Wenn wir die mächtige Gnadenarbeit an,Wenn wir die mächtige Gnadenarbeit an,When we consider the powerful work of grace on,Wanneer ons die kragtige werk van genade oorweeg
NL-UtHUA_A363596_3063,41,"den Herzen dieſer armen Leute ſehen, ſo","den Herzen dieser armen Leute sehen, so","to see the hearts of these poor people, so","om die harte van hierdie arme mense te sien, so"
NL-UtHUA_A363596_3064,41,ſtehen wir beſchämt und verwundert da.,stehen wir beschämt und verwundert da.,We stand there ashamed and bewildered.,Ons staan daar skaam en verbysterd.
NL-UtHUA_A363596_3065,41,Seit einiger Zeit kamen faſt alle Tage neue,Seit einiger Zeit kamen fast alle Tage neue,"For some time now, new ones have been appearing almost every day.",Vir 'n geruime tyd nou verskyn daar amper elke dag nuwes.
NL-UtHUA_A363596_3066,41,"Leute, ſo daß die Zahl ſtark anwächſt.","Leute, sodass die Zahl stark anwächst.","People, so that the number increases significantly.","Mense, sodat die getal aansienlik toeneem."
NL-UtHUA_A363596_3067,41,Es ſind in dieſem Jahre getauft worden,Es sind in diesem Jahre getauft worden,These were baptized this year,Hulle is vanjaar gedoop
NL-UtHUA_A363596_3068,41,"20. Erwachſene und 4. Kinder, zum Heil.","20 Erwachsene und 4 Kinder, zum Heil.","20 adults and 4 children, for healing.","20 volwassenes en 4 kinders, vir genesing."
NL-UtHUA_A363596_3069,41,"Abendmahl ſind gelangt 5. Perſonen, und 4","Abendmahl sind gelangt 5 Personen, und 4","Five people received Holy Communion, and four...","Vyf mense het die Heilige Nagmaal ontvang, en vier..."
NL-UtHUA_A363596_3070,41,ſind dazu Candidaten worden. Unter die,sind dazu Kandidaten worden. Unter die,have become candidates. Among them,het kandidate geword. Onder hulle
NL-UtHUA_A363596_3071,41,Tauf⸗Candidaten ſind 24. gekommen. Heim,Taufkandidaten sind 24 gekommen. Heim,Twenty-four baptismal candidates have come. Home,Vier-en-twintig doopkandidate het gekom. Huis toe.
NL-UtHUA_A363596_3072,41,gegangen iſt eine Schweſter. Unſere Gemein,gegangen ist eine Schwester. Unsere Gemeinlein,A sister has passed away. Our congregation,'n Suster is oorlede. Ons gemeente
NL-UtHUA_A363596_3073,41,lein,,,
NL-UtHUA_A363596_3074,41,"<pb n=""59a"" source=""NL-UtHUA_A363596_000059.jpg"" />","<pb n=""59a"" source=""NL-UtHUA_A363596_000059.jpg"" />","<pb n=""59a"" source=""NL-UtHUA_A363596_000059.jpg"" />","<pb n=""59a"" source=""NL-UtHUA_A363596_000059.jpg"" />"
NL-UtHUA_A363596_3075,41,lein beſteht zum Schluß des Jahres aus,lein besteht zum Schluss des Jahres aus,Lein consists of the following at the end of the year:,Lein bestaan uit die volgende aan die einde van die jaar:
NL-UtHUA_A363596_3076,41,"9. Communicanten,","9 Kommunikanten,","9 communicants,","9 kommunikante,"
NL-UtHUA_A363596_3077,41,"1. Confirmandin,","1 Konfirmandin,","1 confirmand,","1 bevestigde,"
NL-UtHUA_A363596_3078,41,"3. A. Mahls, Candidaten,","3 Abendmahlskandidaten,","3 candidates for Holy Communion,","3 kandidate vir die Heilige Nagmaal,"
NL-UtHUA_A363596_3079,41,"21. getauften Erwachſenen,","21 getauften Erwachsenen,","21 baptized adults,","21 gedoopte volwassenes,"
NL-UtHUA_A363596_3080,41,"4. getauften Kindern,","4 getauften Kindern,","4 baptized children,","4 gedoopte kinders,"
NL-UtHUA_A363596_3081,41,"27. Tauf⸗Candidaten,","27 Taufkandidaten,","27 baptismal candidates,","27 doopkandidate,"
NL-UtHUA_A363596_3082,41,"Sa. 65. Perſonen, von denen jedoch","Summa 65 Personen, von denen jedoch","A total of 65 people, of whom, however,","'n Totaal van 65 mense, van wie egter"
NL-UtHUA_A363596_3083,41,eine Getaufte und eine Tauf⸗Candida⸗,eine Getaufte und eine Taufkandidatin,a baptized woman and a baptismal candidate,'n gedoopte vrou en 'n doopkandidaat
NL-UtHUA_A363596_3084,41,tin für die Zeit ausgeſchloſſen ſind.,für die Zeit ausgeschlossen sind.,are excluded for that period.,word vir daardie tydperk uitgesluit.
NL-UtHUA_A363596_3085,41,Ao 1796.,Anno 1796.,Year 1796.,Jaar 1796.
NL-UtHUA_A363596_3086,41,Den 1ſten Januar wohnte der Bauer,Den 1. Januar wohnte der Bauer,"On January 1st, the farmer was living",Op 1 Januarie het die boer gewoon
NL-UtHUA_A363596_3087,41,Grunewald mit ſeiner Frau und 4. Kin⸗,Grunewald mit seiner Frau und 4 Kindern,Grunewald with his wife and 4 children,Grunewald saam met sy vrou en 4 kinders
NL-UtHUA_A363596_3088,41,"dern der Neujahrs⸗Verſammlung bey,","der Neujahrsversammlung bei,","at the New Year's meeting,","by die Nuwejaarsvergadering,"
NL-UtHUA_A363596_3089,41,die wir unter den Bäumen hielten.,die wir unter den Bäumen hielten.,which we kept under the trees.,wat ons onder die bome gehou het.
NL-UtHUA_A363596_3090,41,Den 2ten war br. Kühnel bey Daniel,Den 2. war Br. Kühnel bei Daniel,Brother Kühnel was with Daniel on the second day.,Broer Kühnel was op die tweede dag saam met Daniël.
NL-UtHUA_A363596_3091,41,"Dohi, um eine fracht Mehl zu kaufen,","Dohi, um eine Fracht Mehl zu kaufen,","Dohi, to buy a load of flour,","Dohi, om 'n vrag meel te koop,"
NL-UtHUA_A363596_3092,41,welche dieſer in 8. Tagen zu liefern ver⸗,welche dieser in 8 Tagen zu liefern versprach.,which promised to be delivered in 8 days.,wat belowe het om binne 8 dae afgelewer te word.
NL-UtHUA_A363596_3093,41,ſprach. Sowol bey ihm als bey ſeinem Bru⸗,Sowohl bei ihm als bei seinem Bruder,Both him and his brother,Beide hy en sy broer
NL-UtHUA_A363596_3094,41,der ſind viele von unſern Hottentotten in,sind viele von unseren Hottentotten in,are many of our Hottentots in,is baie van ons Hottentotte in
NL-UtHUA_A363596_3095,41,"der Ernte geweſen, und beide gaben ihnen","der Ernte gewesen, und beide gaben ihnen","The harvest had been, and both gave them","Die oes was daar, en albei het hulle gegee"
NL-UtHUA_A363596_3096,41,"das Zeugniß, daß ſie nie beſſere Leute","das Zeugnis, dass sie nie bessere Leute",the testimony that they never had better people,die getuienis dat hulle nog nooit beter mense gehad het nie
NL-UtHUA_A363596_3097,41,gehabt hätten; ſie wünſchten ſich alle,gehabt hätten; sie wünschten sich alle,would have had; they all wished,sou gehad het; hulle het almal gewens
NL-UtHUA_A363596_3098,41,Jahre ſolche zu haben. Den 4ten beſuchte,Jahre solche zu haben. Den 4. besuchte,Having years like that. I visited the 4th.,Met sulke jare. Ek het die 4de besoek.
NL-UtHUA_A363596_3099,41,uns,uns,us,ons
NL-UtHUA_A363596_3100,41,"<pb n=""59b"" source=""NL-UtHUA_A363596_000059.jpg"" />","<pb n=""59b"" source=""NL-UtHUA_A363596_000059.jpg"" />","<pb n=""59b"" source=""NL-UtHUA_A363596_000059.jpg"" />","<pb n=""59b"" bron=""NL-UtHUA_A363596_000059.jpg"" />"
NL-UtHUA_A363596_3101,41,"uns die Frau Teunis, mit noch 2. Capiſchen","uns die Frau Teunis, mit noch 2 kapischen","us Mrs. Teunis, with 2 more caps","ons Mev. Teunis, met nog 2 pette"
NL-UtHUA_A363596_3102,41,"frauen, welche recht freundſchaftlich waren.","Frauen, welche recht freundschaftlich waren.",Women who were quite friendly.,Vroue wat nogal vriendelik was.
NL-UtHUA_A363596_3103,41,"Den 9ten hatten wir das Heil: A Mahl, wel⸗","Den 9. hatten wir das Heilige Abendmahl, welches","On the 9th we had Holy Communion, which","Op die 9de het ons die Heilige Nagmaal gehad, wat"
NL-UtHUA_A363596_3104,41,ches die Maria zum erſtenmal genoß. Den,die Maria zum ersten Mal genoss. Den,which Maria enjoyed for the first time.,wat Maria vir die eerste keer geniet het.
NL-UtHUA_A363596_3105,41,"11t hatten wir Regenwetter, dahe mit dem","11. hatten wir Regenwetter, daher mit dem","On the 11th we had rainy weather, therefore with the","Op die 11de het ons reënweer gehad, daarom met die"
NL-UtHUA_A363596_3106,41,Ziegelſtreichen inne gehalten werden mußte.,Ziegelstreichen innegehalten werden musste.,Bricklaying had to be stopped.,Metselwerk moes gestaak word.
NL-UtHUA_A363596_3107,41,Bis jetzt haben wir zu unſerm Bau das er⸗,Bis jetzt haben wir zu unserem Bau das erwünschte,"So far, we have achieved the desired results for our construction project.",Tot dusver het ons die verlangde resultate vir ons bouprojek behaal.
NL-UtHUA_A363596_3108,41,"wünſchte Wetter gehabt, aber was uns","Wetter gehabt, aber was uns","We had good weather, but what we","Ons het goeie weer gehad, maar wat ons"
NL-UtHUA_A363596_3109,41,"jetzt verlegen macht, iſt, daß wir noch keinen","jetzt verlegen macht, ist, dass wir noch keinen",What's embarrassing now is that we don't have one yet.,"Wat nou verleentheid veroorsaak, is dat ons nog nie een het nie."
NL-UtHUA_A363596_3110,41,Zimmermann haben. Gegen Abend brachte,Zimmermann haben. Gegen Abend brachte,have a carpenter. Towards evening he brought,het 'n skrynwerker. Teen die aand het hy gebring
NL-UtHUA_A363596_3111,41,Daniel Dohi die beſtellte fracht Mehl. Es,Daniel Dohi die bestellte Fracht Mehl. Es,Daniel Dohi ordered the shipment of flour.,Daniel Dohi het die verskeping van meel beveel.
NL-UtHUA_A363596_3112,41,"war die höchſte Zeit, denn wir aßen am letz⸗","war die höchste Zeit, denn wir aßen am letzten","It was high time, because we ate on the last","Dit was hoog tyd, want ons het op die laaste geëet"
NL-UtHUA_A363596_3113,41,"ten Brode, und hatten kein Mehl mehr. Es geht",Brot und hatten kein Mehl mehr. Es geht,They had no bread or flour left. It's going on.,Hulle het geen brood of meel oor gehad nie. Dit gaan aan.
NL-UtHUA_A363596_3114,41,"jetzt viel bey uns auf, da wir alle Tage","jetzt viel bei uns auf, da wir alle Tage","We noticed a lot recently, since we were there every day","Ons het onlangs baie opgemerk, aangesien ons elke dag daar was"
NL-UtHUA_A363596_3115,41,über 20. Arbeitsleute mit Brod und fleiſch ver⸗,über 20 Arbeitsleute mit Brot und Fleisch versorgen,to provide over 20 workers with bread and meat,om meer as 20 werkers van brood en vleis te voorsien
NL-UtHUA_A363596_3116,41,ſorgen müſſen. Zum Glück wird die Ziegel⸗,müssen. Zum Glück wird die ZiegelArbeit,"must. Fortunately, the brickwork will be completed.",moet. Gelukkig sal die baksteenwerk voltooi wees.
NL-UtHUA_A363596_3117,41,Arbeit bald fertig ſeyn. Den 12ten kamen,bald fertig sein. Den 12. kamen,It will be finished soon. The 12th arrived.,Dit sal binnekort klaar wees. Die 12de het aangekom.
NL-UtHUA_A363596_3118,41,"2. Hottentotten⸗Capitains hieher, und","2 Hottentotten-Kapitäne hierher, und","Two Hottentot captains here, and","Twee Hottentot-kapteins hier, en"
NL-UtHUA_A363596_3119,41,"ſagten, daß ſie mit einem Theil ihrer Mann⸗","sagten, dass sie mit einem Teil ihrer Mannschaft",said that they were with part of their team,het gesê dat hulle saam met 'n deel van hul span was
NL-UtHUA_A363596_3120,41,"ſchaft nach der Cap gehen wollten, um mit","nach der Kap gehen wollten, um mit",after they wanted to go to the Cape to meet,nadat hulle na die Kaap wou gaan om te ontmoet
NL-UtHUA_A363596_3121,41,dem General wegen der Unterländiſchen,dem General wegen der unterländischen,the general because of the lowland,die generaal as gevolg van die laagland
NL-UtHUA_A363596_3122,41,"Bauren zu ſprechen, welche wieder ſehr","Bauern zu sprechen, welche wieder sehr","to speak to farmers, who are again very","om met boere te praat, wat weer baie"
NL-UtHUA_A363596_3123,41,"rebelliſch ſind, und auch gegen uns und die","rebellisch sind, und auch gegen uns und die","are rebellious, and also against us and the","is opstandig, en ook teen ons en die"
NL-UtHUA_A363596_3124,41,Hottentotten Drohungen hören laſſen.,Hottentotten Drohungen hören lassen.,To make Hottentots hear threats.,Om Hottentotte dreigemente te laat hoor.
NL-UtHUA_A363596_3125,41,"Verſchiedene Hottentotten, die von ihnen","Verschiedene Hottentotten, die von ihnen","Various Hottentots, who were descended from them","Verskeie Hottentotte, wat van hulle afgestam het"
NL-UtHUA_A363596_3126,41,gehen,gehen,go,gaan
NL-UtHUA_A363596_3127,41,"<pb n=""60a"" source=""NL-UtHUA_A363596_000060.jpg"" />","<pb n=""60a"" source=""NL-UtHUA_A363596_000060.jpg"" />","<pb n=""60a"" source=""NL-UtHUA_A363596_000060.jpg"" />","<pb n=""60a"" bron=""NL-UtHUA_A363596_000060.jpg"" />"
NL-UtHUA_A363596_3128,41,"gehen wollten, ſollten ſie die Sehnen","gehen wollten, sollten sie die Sehnen","If they wanted to go, they should strain their tendons.","As hulle wou gaan, moes hulle hul senings span."
NL-UtHUA_A363596_3129,41,unter den Waden entzwey geſchnitten,unter den Waden entzwei geschnitten,cut in two below the calves,sny in twee onder die kuite
NL-UtHUA_A363596_3130,41,"haben, damit ſie nicht gehen können.","haben, damit sie nicht gehen können.",have so that they cannot leave.,het sodat hulle nie kan vertrek nie.
NL-UtHUA_A363596_3131,41,"Da unſer Zimmermann noch nicht da iſt,","Da unser Zimmermann noch nicht da ist,","Since our carpenter isn't here yet,","Aangesien ons skrynwerker nog nie hier is nie,"
NL-UtHUA_A363596_3132,41,"unſer Bau aber ſo weit vorgerückt iſt,","unser Bau aber so weit vorgerückt ist,","Our construction has progressed so far,","Ons konstruksie het tot dusver gevorder,"
NL-UtHUA_A363596_3133,41,daß die Zimmerarbeit angefangen wer⸗,dass die Zimmerarbeit angefangen werden,that the carpentry work will begin,dat die timmerwerk sal begin
NL-UtHUA_A363596_3134,41,"den muß, ſo ſchickten wir am 13ten un⸗","muss, so schickten wir am 13. unsern","We had to, so on the 13th we sent our","Ons moes, so op die 13de het ons ons gestuur"
NL-UtHUA_A363596_3135,41,"ſern Karren nach der Cap, theils ihn","Karren nach der Kap, teils ihn","Cart to the Cape, partly him","Kar na die Kaap, gedeeltelik hy"
NL-UtHUA_A363596_3136,41,"herzubringen, theils auch das nöthige","herzubringen, teils auch das nötige","to bring here, and in some cases also the necessary","om hierheen te bring, en in sommige gevalle ook die nodige"
NL-UtHUA_A363596_3137,41,Eiſenwerk zu holen. Den 17ten beſuchte,Eisenwerk zu holen. Den 17. besuchte,to get the ironworks. Visited the 17th.,om die ysterwerke te kry. Het die 17de besoek.
NL-UtHUA_A363596_3138,42,"uns der junge Teunis, mit noch 2. andern","uns der junge Teunis, mit noch 2 anderen","us, the young Teunis, with 2 others","ons, die jong Teunis, met 2 ander"
NL-UtHUA_A363596_3139,42,"Herren. Der eine, Namens van Baling,","Herren. Der eine, namens van Baling,","Gentlemen. One of them, named van Baling,","Meneer. Een van hulle, genaamd Van Baling,"
NL-UtHUA_A363596_3140,42,"ehemals Capitain, nun aber wie alle","ehemals Kapitän, nun aber wie alle","formerly captain, but now like all","voorheen kaptein, maar nou soos almal"
NL-UtHUA_A363596_3141,42,"andern außer Dienſten, iſt oft in Zeist","anderen außer Diensten, ist oft in Zeist","other out of service, is often in Zeist","ander buite diens, is dikwels in Zeist"
NL-UtHUA_A363596_3142,42,"geweſen, und auch hier gefiel ihm alles","gewesen, und auch hier gefiel ihm alles","He had been there, and he liked everything here too.","Hy was al daar, en hy het ook van alles hier gehou."
NL-UtHUA_A363596_3143,42,ſehr wohl. Den 18t ritt Br. Kühnel in,sehr wohl. Den 18. ritt Br. Kühnel in,"Very well. On the 18th, Brother Kühnel rode in",Baie goed. Op die 18de het Broer Kühnel ingery
NL-UtHUA_A363596_3144,42,"den Buſch, um zu ſehen, wie weit es mit","den Busch, um zu sehen, wie weit es mit","the bush, to see how far it goes with","die bos, om te sien hoe ver dit gaan met"
NL-UtHUA_A363596_3145,42,dem Fällen des Bauholzes gekommen iſt;,dem Fällen des Bauholzes gekommen ist;,the felling of the timber;,die afkap van die hout;
NL-UtHUA_A363596_3146,42,und auch um bey einem Bauer einen Wagen,und auch um bei einem Bauern einen Wagen,and also to borrow a wagon from a farmer,en ook om 'n wa van 'n boer te leen
NL-UtHUA_A363596_3147,42,"zu miethen, um das Holz herzuſchaffen.","zu mieten, um das Holz herbeizuschaffen.",to rent in order to bring in the wood.,te huur om die hout in te bring.
NL-UtHUA_A363596_3148,42,Er bekam einen Wagen zu ein paar frach⸗,Er bekam einen Wagen für ein paar Frachten.,He got a car for a few loads.,Hy het 'n motor vir 'n paar vragte gekry.
NL-UtHUA_A363596_3149,42,"ten. Es macht uns ſehr viel Mühe, Wa⸗","Es macht uns sehr viel Mühe, Wagen",It takes us a lot of effort to car,Dit verg baie moeite van ons om te motor
NL-UtHUA_A363596_3150,42,"gen zu bekommen, denn ſie leiden in den","zu bekommen, denn sie leiden in den","to get, because they suffer in the","om te kry, want hulle ly in die"
NL-UtHUA_A363596_3151,42,"Bergen viel, und da das Eiſen gegen⸗","Bergen viel, und da das Eisen gegenwärtig","Mountains a lot, and since the iron is present","Berge baie, en aangesien die yster teenwoordig is"
NL-UtHUA_A363596_3152,42,"wärtig ſo theuer iſt, ſo koſtet ein Wagen","so teuer ist, so kostet ein Wagen","that expensive, a car costs","so duur, kos 'n motor"
NL-UtHUA_A363596_3153,42,jetzt,jetzt,now,nou
NL-UtHUA_A363596_3154,42,"<pb n=""60b"" source=""NL-UtHUA_A363596_000060.jpg"" />","<pb n=""60b"" source=""NL-UtHUA_A363596_000060.jpg"" />","<pb n=""60b"" source=""NL-UtHUA_A363596_000060.jpg"" />","<pb n=""60b"" bron=""NL-UtHUA_A363596_000060.jpg"" />"
NL-UtHUA_A363596_3155,42,jetzt 300. Reichsthaler. Wenn uns ein Bauer,jetzt 300 Reichstaler. Wenn uns ein Bauer,Now 300 Reichstaler. If a farmer,Nou 300 Reichstaler. As 'n boer
NL-UtHUA_A363596_3156,42,"ſeinen Wagen für eine, höchſtens zwey","seinen Wagen für eine, höchstens zwei","his car for one, at most two","sy motor vir een, hoogstens twee"
NL-UtHUA_A363596_3157,42,"frachten, hergibt, ſo iſt es viel; und wir","Frachten, hergibt, so ist es viel; und wir","Freight forwarding, there is much; and we","Vragversending, daar is baie; en ons"
NL-UtHUA_A363596_3158,42,müſſen mehr als 10. frachten haben. Die,müssen mehr als 10 Frachten haben. Die,They must have more than 10 shipments.,Hulle moet meer as 10 besendings hê.
NL-UtHUA_A363596_3159,42,ochſen bekamen wir von den Hottentotten.,Ochsen bekamen wir von den Hottentotten.,We got oxen from the Hottentots.,Ons het osse van die Hottentotte gekry.
NL-UtHUA_A363596_3160,42,Den 19ten kam unſer Karrn von der Cap,Den 19. kam unser Karren von der Kap,"On the 19th, our cart arrived from the Cape.",Op die 19de het ons karretjie van die Kaap af aangekom.
NL-UtHUA_A363596_3161,42,"zurück, und zugleich unſer Zimmermann. Er","zurück, und zugleich unser Zimmermann. Er","back, and at the same time our carpenter. He","terug, en terselfdertyd ons skrynwerker. Hy"
NL-UtHUA_A363596_3162,42,fing am 20ſten ſeine Arbeit an. Wir ſchick⸗,fing am 20. seine Arbeit an. Wir schickten,He started work on the 20th. We sent,Hy het op die 20ste begin werk. Ons het gestuur
NL-UtHUA_A363596_3163,42,ten 20. Hottentotten⸗Weiber auf einen,20 Hottentotten-Weiber auf einen,20 Hottentot women in one,20 Hottentot-vroue in een
NL-UtHUA_A363596_3164,42,"Baurenplatz 1½. Stunden von hier, um","Bauernplatz 1½ Stunden von hier, um",Farmers' Square 1½ hours from here to,Boereplein 1½ uur van hier af na
NL-UtHUA_A363596_3165,42,"Korn auszuschlagen, damit wir Stroh zu","Korn auszuschlagen, damit wir Stroh zu",to shake out the grain so that we can make straw,om die graan uit te skud sodat ons strooi kan maak
NL-UtHUA_A363596_3166,42,unſerm Kirchen⸗Dach bekommen können. Das,unserem Kirchendach bekommen können. Das,we can get our church roof.,ons kan ons kerkdak kry.
NL-UtHUA_A363596_3167,42,Stroh bekommen wir von dem Bauer unent⸗,"Stroh bekommen wir von dem Bauern unentgeldlich,","We get straw from the farmer free of charge,","Ons kry strooi gratis van die boer,"
NL-UtHUA_A363596_3168,42,"geldlich, aber das Ausſchlagen wird uns",aber das Ausschlagen wird uns,but the rejection will give us,maar die verwerping sal ons gee
NL-UtHUA_A363596_3169,42,"viel koſten, da wir die Leute beköſtigen","viel kosten, da wir die Leute beköstigen","It costs a lot, since we are feeding the people.","Dit kos baie, aangesien ons die mense voed."
NL-UtHUA_A363596_3170,42,"müſſen. Um dieſe Arbeit zu beſchleunigen,","müssen. Um diese Arbeit zu beschleunigen,","must. In order to speed up this work,","moet. Om hierdie werk te bespoedig,"
NL-UtHUA_A363596_3171,42,"welche wenigſtens 3. Wochen dauern wird,","welche wenigstens 3 Wochen dauern wird,","which will last at least 3 weeks,","wat ten minste 3 weke sal duur,"
NL-UtHUA_A363596_3172,42,"beſchloſſen wir in der folge, daß immer einer","beschlossen wir in der Folge, dass immer einer",We subsequently decided that one of them would always be there.,Ons het daarna besluit dat een van hulle altyd daar sou wees.
NL-UtHUA_A363596_3173,42,"von uns, und zwar nach der Reihe, dabey","von uns, und zwar nach der Reihe, dabei","from us, one after the other, while","van ons, een na die ander, terwyl"
NL-UtHUA_A363596_3174,42,"ſeyn ſollte; ſo beſchwerlich es auch war, den","sein sollte; so beschwerlich es auch war, den",should be; however arduous it may have been to do so,behoort te wees; hoe moeilik dit ook al mag gewees het om dit te doen
NL-UtHUA_A363596_3175,42,ganzen Tag bey großer Hitze unter freyem,ganzen Tag bei großer Hitze unter freiem,all day outdoors in intense heat,heeldag buite in intense hitte
NL-UtHUA_A363596_3176,42,Himmel zu ſtehen. Wir hatten jetzt über 30,Himmel zu stehen. Wir hatten jetzt über 30,to stand in the sky. We've now had over 30,om in die lug te staan. Ons het nou meer as 30 gehad
NL-UtHUA_A363596_3177,42,Menſchen in Arbeit. Den 6t Februar hatten,Menschen in Arbeit. Den 6. Februar hatten,People at work. February 6th had,Mense by die werk. 6 Februarie het
NL-UtHUA_A363596_3178,42,"wir das Heil. A Mahl, wobey die Louiſe als","wir das Heilige Abendmahl, wobei die Luise als","we celebrate Holy Communion, with Louise as","Ons vier Nagmaal, saam met Louise as"
NL-UtHUA_A363596_3179,42,Confirmandin zuſahe. Den 8ten wurde die,Konfirmandin zusah. Den 8. wurde die,The confirmand watched. The 8th was the,Die konfirmand het gekyk. Die 8ste was die
NL-UtHUA_A363596_3180,42,eine,eine,one,een
NL-UtHUA_A363596_3181,42,"<pb n=""61a"" source=""NL-UtHUA_A363596_000061.jpg"" />","<pb n=""61a"" source=""NL-UtHUA_A363596_000061.jpg"" />","<pb n=""61a"" source=""NL-UtHUA_A363596_000061.jpg"" />","<pb n=""61a"" bron=""NL-UtHUA_A363596_000061.jpg"" />"
NL-UtHUA_A363596_3182,42,"eine Hälfte von dem Dachſparren aufgeſetzt,","eine Hälfte von dem Dachsparren aufgesetzt,","one half of the roof rafter was placed on top,","een helfte van die dakbalk is bo-op geplaas,"
NL-UtHUA_A363596_3183,42,"wobey alles glücklich ging, aber am 11ten hätte","wobei alles glücklich ging, aber am 11. hätte","Everything went well, but on the 11th...","Alles het goed gegaan, maar op die 11de..."
NL-UtHUA_A363596_3184,42,leicht ein großes Unglück geſchehen können.,leicht ein großes Unglück geschehen können.,A major accident could easily happen.,’n Groot ongeluk kan maklik gebeur.
NL-UtHUA_A363596_3185,42,Beym Mauern an den Giebeln trat der eine,Beim Mauern an den Giebeln trat der eine,"While building the walls on the gables, one of them stepped","Terwyl hulle die mure op die gewels gebou het, het een van hulle getrap"
NL-UtHUA_A363596_3186,42,"Maurer zu weit aus Ende von einem Brett,","Maurer zu weit ans Ende von einem Brett,","Bricklayer too far to the end of a board,","Messelaar te ver aan die einde van 'n plank,"
NL-UtHUA_A363596_3187,42,"und eben wollte es mit ihm umſchlagen, als","und eben wollte es mit ihm umschlagen, als",and it was just about to turn against him when,en dit was net op die punt om teen hom te draai toe
NL-UtHUA_A363596_3188,42,er noch von dem andern Maurer und einem,er noch von dem anderen Maurer und einem,he still from the other bricklayer and one,hy nog steeds van die ander messelaar en een
NL-UtHUA_A363596_3189,42,Hottentotten ergriffen und gerettet wur⸗,Hottentotten ergriffen und gerettet wurde.,Hottentots were captured and rescued.,Hottentotte is gevang en gered.
NL-UtHUA_A363596_3190,42,de. Wir dankten dem Heiland herzlich,Wir dankten dem Heiland herzlich,We thanked the Savior heartily,Ons het die Verlosser hartlik gedank
NL-UtHUA_A363596_3191,42,für dieſe Bewahrung. Den 13ten beſchlos⸗,für diese Bewahrung. Den 13. beschlossen,for this preservation. Decided on the 13th.,vir hierdie bewaring. Besluit op die 13de.
NL-UtHUA_A363596_3192,42,"ſen wir die Ziegel⸗Arbeit, indem wir","wir die Ziegelarbeit, indem wir",we the brickwork by,ons die baksteenwerk by
NL-UtHUA_A363596_3193,42,nun genug zu haben glaubten. Den 14ten,nun genug zu haben glaubten. Den 14.,They now thought they had enough. The 14th.,Hulle het nou gedink hulle het genoeg gehad. Die 14de.
NL-UtHUA_A363596_3194,42,"wurde die Roſina, die ſich mehrmalen","wurde die Rosina, die sich mehrmals","Rosina, who had several","Rosina, wat verskeie gehad het"
NL-UtHUA_A363596_3195,42,über ihre Vergnügung ſehr reuig be⸗,über ihre Vergnügung sehr reuig bezeugt,testified very remorsefully about her enjoyment,het baie berouvol getuig oor haar genot
NL-UtHUA_A363596_3196,42,"zeuget hatte, wieder angenommen, und ſol⸗","hatte, wieder angenommen, und solches","had, again accepted, and such","het, weer aanvaar, en so aan"
NL-UtHUA_A363596_3197,42,ches in der Verſammlung zur Warnung bekannt,in der Versammlung zur Warnung bekannt,The warning was announced at the assembly.,Die waarskuwing is by die vergadering aangekondig.
NL-UtHUA_A363596_3198,42,gemacht. Heute erzählte uns ein Hotten⸗,"gemacht. Heute erzählte uns ein Hottentott,","done. Today a Hottentot told us,","klaar. Vandag het 'n Hottentot vir ons gesê,"
NL-UtHUA_A363596_3199,42,"tott, Baas Teunis habe ihm geſagt, daß","Baas Teunis habe ihm gesagt, dass",Baas Teunis told him that,Baas Teunis het hom vertel dat
NL-UtHUA_A363596_3200,42,die Unterländiſchen Bauren noch dieſe,die unterländischen Bauern noch diese,the farmers from the lowlands still have these,die boere van die laaglande het steeds hierdie
NL-UtHUA_A363596_3201,42,"Woche kommen, und mit Bavians Kloof ein",Woche kommen und mit Bavians Kloof ein,Come this week and join Bavian's Kloof!,Kom hierdie week en sluit aan by Bavian se Kloof!
NL-UtHUA_A363596_3202,42,Ende machen würden. Solche Reden haben,Ende machen würden. Solche Reden haben,would bring it to an end. Such speeches have,sou dit tot 'n einde bring. Sulke toesprake het
NL-UtHUA_A363596_3203,42,"wir die Zeit her ſchon oft gehört, und",wir die Zeit her schon oft gehört und,we have often heard of that time before and,ons het al dikwels van daardie tyd gehoor en
NL-UtHUA_A363596_3204,42,aber nichts daraus gemacht. Gewiß iſt,aber nichts daraus gemacht. Gewiss ist,"But nothing came of it. Certainly,","Maar niks het daarvan gekom nie. Sekerlik,"
NL-UtHUA_A363596_3205,42,"es, daß Satan aufs neue raſet, und","es, dass Satan aufs Neue rast, und","that Satan is raging anew, and","dat Satan opnuut woed, en"
NL-UtHUA_A363596_3206,42,Baas Teunis iſt eins von ſeinen Werkzeugen.,Baas Teunis ist eins von seinen Werkzeugen.,Baas Teunis is one of his tools.,Baas Teunis is een van sy werktuie.
NL-UtHUA_A363596_3207,42,Kürzlich,Kürzlich,Recently,Onlangs
NL-UtHUA_A363596_3208,42,"<pb n=""61b"" source=""NL-UtHUA_A363596_000061.jpg"" />","<pb n=""61b"" source=""NL-UtHUA_A363596_000061.jpg"" />","<pb n=""61b"" source=""NL-UtHUA_A363596_000061.jpg"" />","<pb n=""61b"" bron=""NL-UtHUA_A363596_000061.jpg"" />"
NL-UtHUA_A363596_3209,42,Kürzlich hat er mit vielen fluchworten zu,Kürzlich hat er mit vielen Fluchworten zu,He recently used a lot of swear words.,Hy het onlangs baie vloekwoorde gebruik.
NL-UtHUA_A363596_3210,42,"den Hottentotten geſagt, daß keiner von","den Hottentotten gesagt, dass keiner von",told the Hottentots that none of them,het vir die Hottentotte gesê dat geeneen van hulle
NL-UtHUA_A363596_3211,42,ihnen mit einem fuß in das neue Haus kom⸗,ihnen mit einem Fuß in das neue Haus kommen,They can get one foot in the new house,Hulle kan een voet in die nuwe huis kry
NL-UtHUA_A363596_3212,42,"men ſollte. Wir dachten, auch jetzt auf ſolche","sollte. Wir dachten, auch jetzt auf solche",should. We thought we'd also consider such things now.,moet. Ons het gedink ons sal nou ook sulke dinge oorweeg.
NL-UtHUA_A363596_3213,43,Reden weiter nicht zu achten; aber zu Mit⸗,Reden weiter nicht zu achten; aber zu Mittag,Further speeches should be ignored; but at noon,Verdere toesprake moet geïgnoreer word; maar teen die middaguur
NL-UtHUA_A363596_3214,43,tag kam ein Expreßer von Baas Teunis zu,kam ein Expresser von Baas Teunis zu,An express train from Baas Teunis arrived,'n Ekspres-trein van Baas Teunis het aangekom
NL-UtHUA_A363596_3215,43,"uns mit der mündlichen Nachricht, daß mor⸗","uns mit der mündlichen Nachricht, dass morgen",us with the verbal message that tomorrow,ons met die mondelinge boodskap dat môre
NL-UtHUA_A363596_3216,43,gen oder übermorgen ein Comando Bauren,oder übermorgen ein Kommando Bauern,or the day after tomorrow a commando of farmers,of oormôre 'n kommando van boere
NL-UtHUA_A363596_3217,43,"zu uns kommen würden; er glaube, ſie würden","zu uns kommen würden; er glaube, sie würden",would come to us; he believed they would,sou na ons toe kom; hy het geglo hulle sou
NL-UtHUA_A363596_3218,43,in der Nacht kommen; ob ſie Bavians Kloof,in der Nacht kommen; ob sie Bavians Kloof,come at night; whether they are Bavian's Kloof,kom in die nag; of hulle nou Bavian se Kloof is
NL-UtHUA_A363596_3219,43,"zerſtören wollten oder nicht, wiſſe er","zerstören wollten oder nicht, wisse er","Whether they wanted to destroy it or not, he knew.","Of hulle dit wou vernietig of nie, hy het geweet."
NL-UtHUA_A363596_3220,43,nicht. Wie uns bey dieſer Botſchaft zu,nicht. Wie uns bei dieser Botschaft zu,No. As we learned from this message...,Nee. Soos ons uit hierdie boodskap geleer het...
NL-UtHUA_A363596_3221,43,"Muthe war, können wir nicht beſchreiben.","Mute war, können wir nicht beschreiben.",Mute was something we cannot describe.,Stilte was iets wat ons nie kan beskryf nie.
NL-UtHUA_A363596_3222,43,Auch die armen Hottentotten wurden von,Auch die armen Hottentotten wurden von,Even the poor Hottentots were,Selfs die arme Hottentotte was
NL-UtHUA_A363596_3223,43,einem großen Schrecken ergriffen. Vorigen,einem großen Schrecken ergriffen. Vorigen,seized by great terror. Previous,deur groot vrees gegryp. Vorige
NL-UtHUA_A363596_3224,43,Monat waren ſie bey dem Engliſchen Gene⸗,Monat waren sie bei dem englischen General,They spent a month with the English general,Hulle het 'n maand saam met die Engelse generaal deurgebring
NL-UtHUA_A363596_3225,43,"ral auf der Cap geweſen, der ihnen einen","auf der Kap gewesen, der ihnen einen","They had been on the Cape, which gave them a","Hulle was aan die Kaap, wat hulle 'n"
NL-UtHUA_A363596_3226,43,Brief an den Landdroſt auf Stellenbosch,Brief an den Landdrost auf Stellenbosch,Letter to the Landdrost of Stellenbosch,Brief aan die Landdros van Stellenbosch
NL-UtHUA_A363596_3227,43,mitgab. Und der Landdroſt gab ihnen wie⸗,mitgab. Und der Landdrost gab ihnen wieder,and the Landdrost gave them back.,en die Landdrost het hulle teruggegee.
NL-UtHUA_A363596_3228,43,"der einen Brief, den ſie den Bauren, wenn","einen Brief, den sie den Bauern, wenn","a letter that she sends to the farmer, if","'n brief wat sy aan die boer stuur, indien"
NL-UtHUA_A363596_3229,43,"ſie je kämen, vorzeigen ſollten. Dieſen","sie je kämen, vorzeigen sollten. Diesen",They should present what they ever came to have. This,Hulle moet aanbied wat hulle ooit gekry het.
NL-UtHUA_A363596_3230,43,"Brief haben wir in Verwahrung, er iſt für","Brief haben wir in Verwahrung, er ist für",We have the letter in our custody; it is for,Ons het die brief in ons bewaring; dit is vir
NL-UtHUA_A363596_3231,43,uns günſtig genug; da aber gedachte Bauren,uns günstig genug; da aber gedachte Bauern,cheap enough for us; but since the farmers in question,goedkoop genoeg vir ons; maar aangesien die betrokke boere
NL-UtHUA_A363596_3232,43,in Empörung gegen die Engliſche Regierung,in Empörung gegen die englische Regierung,in outrage against the English government,in woede teen die Engelse regering
NL-UtHUA_A363596_3233,43,"ſind, und die Abſicht haben, die Capſtadt aus","sind, und die Absicht haben, die Kapstadt aus-","are, and intend to explore Cape Town-","is, en beoog om Kaapstad te verken-"
NL-UtHUA_A363596_3234,43,"<pb n=""62a"" source=""NL-UtHUA_A363596_000062.jpg"" />","<pb n=""62a"" source=""NL-UtHUA_A363596_000062.jpg"" />","<pb n=""62a"" source=""NL-UtHUA_A363596_000062.jpg"" />","<pb n=""62a"" bron=""NL-UtHUA_A363596_000062.jpg"" />"
NL-UtHUA_A363596_3235,43,"zuhungern, ſo können wir darauf weiter kei⸗","zuhungern, so können wir darauf weiter keine","If we starve to death, we cannot continue to do so.","As ons van die honger omkom, kan ons nie daarmee voortgaan nie."
NL-UtHUA_A363596_3236,43,ne Rechnung machen. Kürzlich hatte der,Rechnung machen. Kürzlich hatte der,"To bill him. Recently, the","Om hom te faktureer. Onlangs, die"
NL-UtHUA_A363596_3237,43,"Landdroſt den Hottentotten geſagt, ſo","Landdrost den Hottentotten gesagt, so","Landdrost told the Hottentots, so","Landdrost het vir die Hottentotte gesê, so"
NL-UtHUA_A363596_3238,43,"bald ſie hören würden, daß die Bauren","bald sie hören würden, dass die Bauern",soon they would hear that the farmers,binnekort sou hulle hoor dat die boere
NL-UtHUA_A363596_3239,43,"wirklich im Anzuge wären, ſo ſollten ſie","wirklich im Anzuge wären, so sollten sie","If they were truly in the running, they should","As hulle werklik in die wedloop was, moes hulle"
NL-UtHUA_A363596_3240,43,ihm ſchleunig Nachricht davon geben. Es mach⸗,ihm schleunig Nachricht davon geben. Es machte,to inform him of this immediately. It made,om hom onmiddellik hiervan in kennis te stel. Dit het gemaak
NL-UtHUA_A363596_3241,43,te ſich daher ſchon heute der größte Theil,sich daher schon heute der größte Teil,"Therefore, the largest part already exists today",Daarom bestaan die grootste deel reeds vandag
NL-UtHUA_A363596_3242,43,"auf den Weg, theils zu Pferde, theils zu fuß,","auf den Weg, teils zu Pferde, teils zu Fuß,","on the way, partly on horseback, partly on foot,","op pad, gedeeltelik te perd, gedeeltelik te voet,"
NL-UtHUA_A363596_3243,43,"nach Stellenbosch, um auch von da zum Theil","nach Stellenbosch, um auch von da zum Teil","to Stellenbosch, partly from there as well","na Stellenbosch, gedeeltelik ook van daar af"
NL-UtHUA_A363596_3244,43,weiter nach der Cap zu gehen. Viele fragten,weiter nach der Kap zu gehen. Viele fragten,to continue towards the Cape. Many asked,om voort te gaan na die Kaap. Baie het gevra
NL-UtHUA_A363596_3245,43,"uns, was ſie thun ſollten, wir wußten ihnen","uns, was sie tun sollten, wir wussten ihnen","We told them what to do, we knew them","Ons het vir hulle gesê wat om te doen, ons het hulle geken"
NL-UtHUA_A363596_3246,43,aber nichts zu rathen. Ging in Abſicht auf,aber nichts zu raten. Ging in Absicht auf,But there's nothing to advise. It was intentionally aimed at...,Maar daar is niks om te adviseer nie. Dit was doelbewus gemik op...
NL-UtHUA_A363596_3247,43,"uns mußten wir nichts zu thun, als auf die","uns mussten wir nichts zu tun, als auf die",We didn't have to do anything but go to the,Ons hoef niks te doen behalwe om na die
NL-UtHUA_A363596_3248,43,Hülfe des Heilandes zu ſehen; denn es iſt,Hilfe des Heilandes zu sehen; denn es ist,to see the Savior's help; for it is,om die Verlosser se hulp te sien; want dit is
NL-UtHUA_A363596_3249,43,ja Sein Werk. Der 15te und 16te gingen,ja Sein Werk. Der 15. und 16. gingen,"Yes, his work. The 15th and 16th centuries went","Ja, sy werk. Die 15de en 16de eeue het gegaan"
NL-UtHUA_A363596_3250,43,"ruhig vorüber, und es erſchienen keine Bauren.","ruhig vorüber, und es erschienen keine Bauern.","It passed quietly, and no farmers appeared.","Dit het stil verbygegaan, en geen boere het opgedaag nie."
NL-UtHUA_A363596_3251,43,"Den 17ten hörten wir ſogar, daß Baas","Den 17. hörten wir sogar, dass Baas",On the 17th we even heard that Baas,Op die 17de het ons selfs gehoor dat Baas
NL-UtHUA_A363596_3252,43,Teunis zu einem Hottentotten geſagt hät⸗,"Teunis zu einem Hottentotten gesagt hätte,",Teunis would have said to a Hottentot,Teunis sou vir 'n Hottentot gesê het
NL-UtHUA_A363596_3253,43,"te, die ganze Sache ſey nicht wahr, und daß","die ganze Sache sei nicht wahr, und dass","the whole thing is not true, and that","die hele ding is nie waar nie, en dit"
NL-UtHUA_A363596_3254,43,"er ſehr wünſchen würde, daß die Hot⸗","er sehr wünschen würde, dass die Hottentotten",he would very much like the Hottentots to,hy sou baie graag wou hê dat die Hottentotte
NL-UtHUA_A363596_3255,43,"tentotten gleich zum Landdroſt, und nach der",gleich zum Landdrost und nach der,straight to the Landdrost and after the,reguit na die Landdros en na die
NL-UtHUA_A363596_3256,43,Cap gelaufen wären. Den 19t kam der junge,Kap gelaufen wären. Den 19. kam der junge,They would have run to the cape. The young man arrived on the 19th.,Hulle sou na die kaap gehardloop het. Die jongman het op die 19de aangekom.
NL-UtHUA_A363596_3257,43,"Teunis, und ſagte, daß heute ein Ordonanz⸗","Teunis, und sagte, dass heute ein OrdonnanzReiter","Teunis, and said that today an orderly cavalryman","Teunis, en het gesê dat vandag 'n ordelike kavallerist"
NL-UtHUA_A363596_3258,43,"Reuter zu ſeinem Vater gekommen ſey, mit","zu seinem Vater gekommen sei, mit","had come to his father, with","het na sy pa gekom, met"
NL-UtHUA_A363596_3259,43,einem ſcharfen Brief vom Landdroſt wegen,einem scharfen Brief vom Landdrost wegen,a strongly worded letter from the Landdrost,'n Sterk geformuleerde brief van die Landdros
NL-UtHUA_A363596_3260,43,der,der,the,die
NL-UtHUA_A363596_3261,43,"<pb n=""62b"" source=""NL-UtHUA_A363596_000062.jpg"" />","<pb n=""62b"" source=""NL-UtHUA_A363596_000062.jpg"" />","<pb n=""62b"" source=""NL-UtHUA_A363596_000062.jpg"" />","<pb n=""62b"" bron=""NL-UtHUA_A363596_000062.jpg"" />"
NL-UtHUA_A363596_3262,43,"der Klagen der Hottentotten, der General",der Klagen der Hottentotten; der General,the complaints of the Hottentots; the general,die klagtes van die Hottentotte; die generaal
NL-UtHUA_A363596_3263,43,"habe befohlen, daß jede Gewaltthätigkeit,","habe befohlen, dass jede Gewalttätigkeit,","I have ordered that all violence,","Ek het beveel dat alle geweld,"
NL-UtHUA_A363596_3264,43,"die an den Hottentotten ausgeübt werde,","die an den Hottentotten ausgeübt werde,",which is perpetrated against the Hottentots,wat teen die Hottentotte gepleeg word
NL-UtHUA_A363596_3265,43,ſtreng beſtraft werden ſollte; auch habe ſein,streng bestraft werden sollte; auch habe sein,"should be severely punished; also, his","moet swaar gestraf word; ook, sy"
NL-UtHUA_A363596_3266,43,"Vater einen ſcharfen Verweis bekommen, daß","Vater einen scharfen Verweis bekommen, dass",Father received a stern reprimand that,Pa het 'n streng berisping ontvang dat
NL-UtHUA_A363596_3267,43,er das Vorhaben der Bauren nicht angezeigt,er das Vorhaben der Bauern nicht angezeigt,he did not report the farmers' plan,Hy het nie die boere se plan gerapporteer nie
NL-UtHUA_A363596_3268,43,"hätte. Er ließ uns nun erſuchen, daß morgen","hätte. Er ließ uns nun ersuchen, dass morgen",would have. He now asked us to request that tomorrow,sou hê. Hy het ons nou gevra om dit môre te versoek
NL-UtHUA_A363596_3269,43,einer oder zwey von uns zu ihm kommen möch⸗,"einer oder zwei von uns zu ihm kommen möchten,",one or two of us would like to come to him,een of twee van ons wil graag na hom toe kom
NL-UtHUA_A363596_3270,43,"ten, weil er nothwendig mit uns zu ſprechen",weil er notwendig mit uns zu sprechen,because he needs to talk to us,want hy moet met ons praat
NL-UtHUA_A363596_3271,43,müſſe. Demnach ritten am 20ſten die Brüder,müsse. Demnach ritten am 20. die Brüder,"must. According to this, the brothers rode on the 20th.",moet. Hiervolgens het die broers op die 20ste gery.
NL-UtHUA_A363596_3272,43,Marsveld und Kühnel zu ihm hin. Er hatte,Marsveld und Kühnel zu ihm hin. Er hatte,Marsveld and Kühnel approached him. He had,Marsveld en Kühnel het hom genader. Hy het
NL-UtHUA_A363596_3273,43,auch den feld⸗Corporal Otto kommen laſſen.,auch den Feldkorporal Otto kommen lassen.,also have Field Corporal Otto come.,laat ook Veldkorporaal Otto kom.
NL-UtHUA_A363596_3274,43,"Als wir hinkamen, nahm er uns mit dem","Als wir hinkamen, nahm er uns mit dem","When we arrived, he took us with the","Toe ons daar aankom, het hy ons saamgeneem met die"
NL-UtHUA_A363596_3275,43,"Corporal in eine aparte Kamer, fragte","Korporal in eine aparte Kammer, fragte","Corporal into a separate chamber, asked","Korporaal in 'n aparte kamer, gevra"
NL-UtHUA_A363596_3276,43,"uns, welche Verwirrung das Laufen der","uns, welche Verwirrung das Laufen der","us, what confusion the running of","ons, watter verwarring die bestuur van"
NL-UtHUA_A363596_3277,43,Hottentotten nach Stellenbosch und nach,Hottentotten nach Stellenbosch und nach,Hottentots to Stellenbosch and to,Hottentotte na Stellenbosch en na
NL-UtHUA_A363596_3278,43,"der Cap angerichtet hätte, las uns die er⸗","der Kap angerichtet hätte, las uns die erhaltenen","the Cape would have wrought, read the received","die Kaap sou bewerkstellig het, lees die ontvangde"
NL-UtHUA_A363596_3279,43,"haltenen Briefe vor, und ſagte, es ſey","Briefe vor und sagte, es sei",letters in front and said it was,letters voorin en gesê dit was
NL-UtHUA_A363596_3280,43,an der ganzen Sache nichts wahres. Er,an der ganzen Sache nichts Wahres. Er,There's nothing true about the whole thing. He,Daar is niks waar omtrent die hele ding nie. Hy
NL-UtHUA_A363596_3281,43,"leugnete gänzlich, daß er jene Botſchaft","leugnete gänzlich, dass er jene Botschaft",completely denied that he had sent that message,heeltemal ontken dat hy daardie boodskap gestuur het
NL-UtHUA_A363596_3282,43,an uns geſchickt hätte; er wolle denſelben,an uns geschickt hätte; er wolle denselben,had sent it to us; he wanted the same,het dit vir ons gestuur; hy wou dieselfde hê
NL-UtHUA_A363596_3283,43,"Hottentotten kommen laſſen, und ihn ge⸗",Hottentotten kommen lassen und ihn gebunden,Let the Hottentots come and tie him up,Laat die Hottentotte kom en hom vasbind
NL-UtHUA_A363596_3284,43,bunden nach Stellenbosch ſchicken. Wir,nach Stellenbosch schicken. Wir,send to Stellenbosch. We,stuur na Stellenbosch. Ons
NL-UtHUA_A363596_3285,43,"antworteten, daß nicht nur dieſer, ſondern","antworteten, dass nicht nur dieser, sondern","answered that not only this one, but","het geantwoord dat nie net hierdie een nie, maar"
NL-UtHUA_A363596_3286,43,auch mehrere Hottentotten ſolche Worte,auch mehrere Hottentotten solche Worte,Several Hottentots also used such words,Verskeie Hottentotte het ook sulke woorde gebruik
NL-UtHUA_A363596_3287,43,von,von,from,van
NL-UtHUA_A363596_3288,44,"<pb n=""63a"" source=""NL-UtHUA_A363596_000063.jpg"" />","<pb n=""63a"" source=""NL-UtHUA_A363596_000063.jpg"" />","<pb n=""63a"" source=""NL-UtHUA_A363596_000063.jpg"" />","<pb n=""63a"" source=""NL-UtHUA_A363596_000063.jpg"" />"
NL-UtHUA_A363596_3289,44,von ihm gehört hätten; welches er zwar nicht,von ihm gehört hätten; was er zwar nicht,"had heard from him; which he had not, in fact,","van hom gehoor het; wat hy in werklikheid nie gehad het nie,"
NL-UtHUA_A363596_3290,44,"läugnen konnte, aber doch zu entſchuldigen","leugnen konnte, aber doch zu entschuldigen","could deny it, but still excuse it","kan dit ontken, maar steeds verskoon"
NL-UtHUA_A363596_3291,44,"ſuchte. Er ſagte, der General wolle ein","suchte. Er sagte, der General wolle ein",searched. He said the general wanted a,deursoek. Hy het gesê die generaal wou 'n
NL-UtHUA_A363596_3292,44,ſtarkes Commando Soldaten nach Stellen⸗,starkes Kommando Soldaten nach Stellenbosch,A strong commando of soldiers was sent to Stellenbosch.,'n Sterk kommando van soldate is na Stellenbosch gestuur.
NL-UtHUA_A363596_3293,44,"bosch ſchicken, er aber habe zurückgeſchrie⸗","schicken, er aber habe zurückgeschrieben,","send, but he wrote back,","stuur, maar hy het teruggeskryf,"
NL-UtHUA_A363596_3294,44,"ben, daß alles Lügen wären. Dann ſagte",dass alles Lügen wären. Dann sagte,that it was all lies. Then he said,dat dit alles leuens was. Toe het hy gesê
NL-UtHUA_A363596_3295,44,"er: „Es iſt wol wahr, daß ein Comando von","er: „Es ist wohl wahr, dass ein Kommando von",he: “It is probably true that a command of,hy: “Dit is waarskynlik waar dat 'n bevel van
NL-UtHUA_A363596_3296,44,"100. Bauren zu euch kommen wollen, und","100 Bauern zu euch kommen wollen, und","100 farmers want to come to you, and","100 boere wil na jou toe kom, en"
NL-UtHUA_A363596_3297,44,ich erwarte ſie noch heute hier; ſie wollen,ich erwarte sie noch heute hier; sie wollen,I expect them here today; they want,Ek verwag hulle vandag hier; hulle wil hê
NL-UtHUA_A363596_3298,44,"aber euch nichts thun, ſondern nur die Hot⸗","aber euch nichts tun, sondern nur die Hottentotten,","but they will not harm you, only the Hottentots,","maar hulle sal jou nie skade aandoen nie, net die Hottentotte,"
NL-UtHUA_A363596_3299,44,"tentotten, die ihnen ſchuldig ſind, und da⸗","die ihnen schuldig sind, und dafür","who owe them, and for that","wie hulle skuldig is, en daarvoor"
NL-UtHUA_A363596_3300,44,"für bey ihnen arbeiten müſſen, aufſuchen,","bei ihnen arbeiten müssen, aufsuchen,","They have to work for them, visit them,","Hulle moet vir hulle werk, hulle besoek,"
NL-UtHUA_A363596_3301,44,und vor ſich hertreiben.“ Wir antwor⸗,und vor sich hertreiben.“ Wir antworteten:,and drive them before them.” We replied:,en dryf hulle voor hulle uit.” Ons het geantwoord:
NL-UtHUA_A363596_3302,44,"teten: „Es iſt alſo doch die Wahrheit,","„Es ist also doch die Wahrheit,","""So it is indeed the truth,","""So dit is inderdaad die waarheid,"
NL-UtHUA_A363596_3303,44,daß ſie kommen wollen; Und heißt das nicht,dass sie kommen wollen; Und heißt das nicht,that they want to come; And doesn't that mean,dat hulle wil kom; En beteken dit nie
NL-UtHUA_A363596_3304,44,"Gewalt, wenn ſie die Hottentotten auf⸗","Gewalt, wenn sie die Hottentotten aufgreifen",Violence when they capture the Hottentots,Geweld wanneer hulle die Hottentotte gevange neem
NL-UtHUA_A363596_3305,44,"greifen, und vor den Pferden hertreiben",und vor den Pferden hertreiben,and drive them ahead of the horses,en dryf hulle voor die perde uit
NL-UtHUA_A363596_3306,44,"wollen?“ Er verſprach, ſein möglichſtes","wollen?“ Er versprach, sein Möglichstes","""Want?"" He promised to do his best.","""Wil jy?"" Hy het belowe om sy bes te doen."
NL-UtHUA_A363596_3307,44,"zu thun, ſie von uns abzuhalten; und wir","zu tun, sie von uns abzuhalten; und wir","to do, to keep them away from us; and we","om te doen, om hulle van ons weg te hou; en ons"
NL-UtHUA_A363596_3308,44,"glauben auch, daß er es thun wird, denn","glauben auch, dass er es tun wird, denn","They also believe he will do it, because","Hulle glo ook hy sal dit doen, want"
NL-UtHUA_A363596_3309,44,er hat es bey der Regierung zu verant⸗,er hat es bei der Regierung zu verantworten.,He is accountable to the government for it.,Hy is daarvoor aanspreeklik teenoor die regering.
NL-UtHUA_A363596_3310,44,"worten. – Die Schulden der Hottentotten,","– Die Schulden der Hottentotten,","– The debts of the Hottentots,","– Die skuld van die Hottentotte,"
NL-UtHUA_A363596_3311,44,"die jetzt zum Vorwand genommen werden,","die jetzt zum Vorwand genommen werden,","which are now being used as a pretext,","wat nou as voorwendsel gebruik word,"
NL-UtHUA_A363596_3312,44,"um ſie zu treiben, rühren größtentheils","um sie zu treiben, rühren größtenteils","to drive them, mostly stir","om hulle te dryf, meestal roer"
NL-UtHUA_A363596_3313,44,"daher, daß die Männer ſo lange Solda⸗","daher, dass die Männer so lange Soldaten",because the men were soldiers for so long,omdat die manne so lank soldate was
NL-UtHUA_A363596_3314,44,ten,,,
NL-UtHUA_A363596_3315,44,"<pb n=""63b"" source=""NL-UtHUA_A363596_000063.jpg"" />","<pb n=""63b"" source=""NL-UtHUA_A363596_000063.jpg"" />","<pb n=""63b"" source=""NL-UtHUA_A363596_000063.jpg"" />","<pb n=""63b"" bron=""NL-UtHUA_A363596_000063.jpg"" />"
NL-UtHUA_A363596_3316,44,"ten Dienſte auf der Cap haben thun müſſen,","ten Dienste auf der Kap haben tun müssen,","ten services on the Cape have had to do,","tien dienste aan die Kaap moes doen,"
NL-UtHUA_A363596_3317,44,"während welcher Zeit ihre Weiber, um ſich","während welcher Zeit ihre Weiber, um sich",during which time their wives to,gedurende watter tyd hul vrouens aan
NL-UtHUA_A363596_3318,44,"und ihre Kinder durchzubringen, bey den","und ihre Kinder durchzubringen, bei den","and to raise their children, at the","en om hul kinders groot te maak, by die"
NL-UtHUA_A363596_3319,44,Bauren haben borgen müſſen. Der Land⸗,Bauern haben borgen müssen. Der Landdrost,Farmers had to borrow money. The district administrator,Boere moes geld leen. Die distriksadministrateur
NL-UtHUA_A363596_3320,44,"Droſt hat auch an uns geſchrieben, daß wir","hat auch an uns geschrieben, dass wir",also wrote to us that we,het ook vir ons geskryf dat ons
NL-UtHUA_A363596_3321,44,"die Hottentotten anhalten ſollen, ihre Schul⸗","die Hottentotten anhalten sollen, ihre Schulden",to stop the Hottentots from paying their debts,om die Hottentotte te keer om hul skuld te betaal
NL-UtHUA_A363596_3322,44,den bey den Bauren abzuverdienen; wir,bei den Bauern abzuverdienen; wir,to earn money from the farmers; we,om geld van die boere te verdien; ons
NL-UtHUA_A363596_3323,44,"laſſen es auch an Ermahnungen nicht fehlen,","lassen es auch an Ermahnungen nicht fehlen,","They also don't skimp on admonitions,","Hulle spaar ook nie op vermanings nie,"
NL-UtHUA_A363596_3324,44,"und viele thun was ſie können, es will aber","und viele tun, was sie können, es will aber","And many do what they can, but it doesn't want to.","En baie doen wat hulle kan, maar dit wil nie."
NL-UtHUA_A363596_3325,44,nicht auf einmal gehen. Die beiden Brüder,nicht auf einmal gehen. Die beiden Brüder,not leave at once. The two brothers,nie dadelik vertrek nie. Die twee broers
NL-UtHUA_A363596_3326,44,kamen heute wieder nach Hauſe. Den 21ſten,kamen heute wieder nach Hause. Den 21.,"We came home again today, the 21st.","Ons het vandag, die 21ste, weer huis toe gekom."
NL-UtHUA_A363596_3327,44,"kam ein Hottentott von der Post gelaufen,","kam ein Hottentott von der Post gelaufen,","A Hottentot came running from the post office,","'n Hottentot het van die poskantoor af aangehardloop gekom,"
NL-UtHUA_A363596_3328,44,"und ſagte, daß morgen das Comando kommen","und sagte, dass morgen das Kommando kommen",and said that the command would come tomorrow.,en gesê dat die bevel môre sou kom.
NL-UtHUA_A363596_3329,44,"würde. Er hatte 18. auf der Jagt geſehen,","würde. Er hatte 18 auf der Jagd gesehen,","would. He had seen 18 while hunting,","sou. Hy het 18 gesien terwyl hy gejag het,"
NL-UtHUA_A363596_3330,44,und 30. wären auf einem andern Platz eine,und 30 wären auf einem anderen Platz eine,and 30 would be in another place,en 30 sou op 'n ander plek wees
NL-UtHUA_A363596_3331,44,"Stunde davon, alle bewaffnet. An einem","Stunde davon, alle bewaffnet. An einem","An hour of it, all armed. On one","'n Uur daarvan, almal gewapen. Op een"
NL-UtHUA_A363596_3332,44,andern Orte hätte unſer Maurer 12. Mann,anderen Orte hätte unser Maurer 12 Mann,"In other places, our bricklayer would have needed 12 men.",Op ander plekke sou ons messelaar 12 mans nodig gehad het.
NL-UtHUA_A363596_3333,44,geſprochen. Man hätte bisher immer von Un⸗,gesprochen. Man hätte bisher immer von Unterländischen,We've always spoken about the lowlands.,Ons het nog altyd oor die laaglande gepraat.
NL-UtHUA_A363596_3334,44,terländiſchen Bauren geſprochen; nun zeige,Bauern gesprochen; nun zeige,farmers spoke; now show,boere het gepraat; wys nou
NL-UtHUA_A363596_3335,44,"ſichs aber, daß es die Hieſigen ſind, und dar⸗","sich's aber, dass es die Hiesigen sind, und darunter","But make sure that they are the locals, and among them","Maar maak seker dat hulle die plaaslike inwoners is, en onder hulle"
NL-UtHUA_A363596_3336,44,"unter einige, die nicht weit von uns wohnen.","einige, die nicht weit von uns wohnen.",Some who live not far from us.,Sommige wat nie ver van ons af woon nie.
NL-UtHUA_A363596_3337,44,"Es waren heute nicht viele in der Verſammlung,","Es waren heute nicht viele in der Versammlung,",There weren't many people at the meeting today.,Daar was nie baie mense by die vergadering vandag nie.
NL-UtHUA_A363596_3338,44,weil die meiſten Weiber mit ihren Kindern in,weil die meisten Weiber mit ihren Kindern in,because most women with their children in,omdat die meeste vroue met hul kinders in
NL-UtHUA_A363596_3339,44,"die Berge geflüchtet waren, aus furcht vor","die Berge geflüchtet waren, aus Furcht vor","the mountains had fled, out of fear of",die berge het gevlug uit vrees vir
NL-UtHUA_A363596_3340,44,den Bauren. Als die Brüder Schwinn und,den Bauern. Als die Brüder Schwinn und,the farmers. When the Schwinn brothers and,die boere. Toe die Schwinn-broers en
NL-UtHUA_A363596_3341,44,Kühnel,Kühnel,Kühnel,Kühnel
NL-UtHUA_A363596_3342,44,,,,
NL-UtHUA_A363596_3343,44,"<pb n=""64a"" source=""NL-UtHUA_A363596_000064.jpg"" />","<pb n=""64a"" source=""NL-UtHUA_A363596_000064.jpg"" />","<pb n=""64a"" source=""NL-UtHUA_A363596_000064.jpg"" />","<pb n=""64a"" bron=""NL-UtHUA_A363596_000064.jpg"" />"
NL-UtHUA_A363596_3344,44,Kuͤhnel Nachmittags in den Craalen be-,"Kühnel nachmittags in den Kraalen besuchten,","Kühnel visited the kraals in the afternoon,","Kühnel het die krale in die middag besoek,"
NL-UtHUA_A363596_3345,44,"suchten, fanden sie bey einem Bastard ei-",fanden sie bei einem Bastard einen,They found one in a bastard,Hulle het een in 'n baster gevind
NL-UtHUA_A363596_3346,44,"nen Bauer, der mit beym Comando gewe-","Bauern, der mit beim Kommando gewesen",farmers who were part of the command,boere wat deel was van die bevel
NL-UtHUA_A363596_3347,44,"sen wär, und eben jetzt vom Baas Teunis","war, und eben jetzt von Baas Teunis","was, and now from Baas Teunis","was, en nou van Baas Teunis"
NL-UtHUA_A363596_3348,44,"kam. Er sagte, als er den Brief gehört","kam. Er sagte, als er den Brief gehört","came. He said, when he heard the letter",gekom. Hy het gesê toe hy die brief hoor
NL-UtHUA_A363596_3349,44,"hätte, sey er mit noch 3. andern wegge-","hätte, sei er mit noch drei anderen weggeritten","Had he ridden away with three others,","As hy saam met drie ander weggery het,"
NL-UtHUA_A363596_3350,44,"ritten, und wollte mit der Sache nichts",und wollte mit der Sache nichts,and wanted nothing to do with it,en wou niks daarmee te doen hê nie
NL-UtHUA_A363596_3351,44,zu thun haben. Abends kam derselbe Bastard,zu tun haben. Abends kam derselbe Bastard,to do with it. The same bastard came in the evening.,daarmee te doen. Dieselfde skurk het in die aand gekom.
NL-UtHUA_A363596_3352,44,"zu uns, und sagte, er sey Willens, mor-","zu uns und sagte, er sei willens, morgen",to us and said he was willing to tomorrow,aan ons en gesê hy is bereid om môre
NL-UtHUA_A363596_3353,44,"gen zum General zu reiten, um ihn von","zum General zu reiten, um ihn von",to ride to the general to get him from,om na die generaal te ry om hom van
NL-UtHUA_A363596_3354,44,allen Umständen genaue Nachricht zu ge-,allen Umständen genaue Nachricht zu geben,to give accurate information under all circumstances,om onder alle omstandighede akkurate inligting te gee
NL-UtHUA_A363596_3355,44,"ben, und fragte uns um Rath. Wir dachten,","und fragte uns um Rat. Wir dachten,","and asked us for advice. We thought,","en het ons om raad gevra. Ons het gedink,"
NL-UtHUA_A363596_3356,44,daß dieses ganz gut seyn würde; denn,dass dies ganz gut sein würde; denn,that this would be quite good; because,dat dit nogal goed sou wees; want
NL-UtHUA_A363596_3357,44,Baas Teunis wird schwerlich die Wahrheit,Baas Teunis wird schwerlich die Wahrheit,Baas Teunis will hardly tell the truth.,Baas Teunis sal kwalik die waarheid praat.
NL-UtHUA_A363596_3358,44,an die Regierung berichten. Den,an die Regierung berichten. Den,report to the government.,aan die regering verslag doen.
NL-UtHUA_A363596_3359,44,22ten kamen wieder einige von dem Bau-,"22. kamen wieder einige von dem Bauern-Kommando,","On the 22nd, some of the peasant commando returned.",Op die 22ste het sommige van die boerekommando teruggekeer.
NL-UtHUA_A363596_3360,44,"ren = Comando, die sich vermuthlich anders",die sich vermutlich anders,who are probably different,wie is waarskynlik anders
NL-UtHUA_A363596_3361,44,"besonnen haben, von Baas Teunis zurük,","besonnen haben, von Baas Teunis zurück","have come to their senses, from Baas Teunis back","tot hul sinne gekom het, van Baas Teunis terug"
NL-UtHUA_A363596_3362,44,und ritten eine halbe Stunde von uns ruhig,und ritten eine halbe Stunde von uns ruhig,and rode quietly for half an hour from us,en het vir 'n halfuur stilweg van ons af gery
NL-UtHUA_A363596_3363,45,"vorbey. Wir wunderten uns, daß die Hot-","vorbei. Wir wunderten uns, dass die Hottentotten",It's over. We were surprised that the Hottentots,Dis verby. Ons was verbaas dat die Hottentotte
NL-UtHUA_A363596_3364,45,tentotten noch nicht von der Cap zurük ge-,noch nicht von der Kap zurück gekommen,Haven't returned from the Cape yet.,Nog nie van die Kaap af teruggekeer nie.
NL-UtHUA_A363596_3365,45,"kommen wären, und am 25ten ritt Br. Mars-","wären, und am 25. ritt Br. Marsveld","would be, and on the 25th, Brother Marsveld rode","sou wees, en op die 25ste het Broer Marsveld gery"
NL-UtHUA_A363596_3366,45,"veld deswegen zu Wolfram, um deshalb","deswegen zu Wolfram, um deshalb","that's why Wolfram, in order to","daarom het Wolfram, om te"
NL-UtHUA_A363596_3367,45,"Nachricht einzuziehen, konnte aber nichts","Nachricht einzuholen, konnte aber nichts","I tried to get a message, but couldn't do anything.","Ek het probeer om 'n boodskap te kry, maar kon niks doen nie."
NL-UtHUA_A363596_3368,45,"erfahren. Bey Otto hörte er, daß die","erfahren. Bei Otto hörte er, dass die",He learned. He heard from Otto that the,Hy het geleer. Hy het van Otto gehoor dat die
NL-UtHUA_A363596_3369,45,aufsässigen,aufsässigen,rebellious,rebels
NL-UtHUA_A363596_3370,45,"<pb n=""64b"" source=""NL-UtHUA_A363596_000064.jpg"" />","<pb n=""64b"" source=""NL-UtHUA_A363596_000064.jpg"" />","<pb n=""64b"" source=""NL-UtHUA_A363596_000064.jpg"" />","<pb n=""64b"" bron=""NL-UtHUA_A363596_000064.jpg"" />"
NL-UtHUA_A363596_3371,45,aufsässigen Bauern einen Aufsatz wegen,aufsässigen Bauern einen Aufsatz wegen,rebellious peasants were given an essay because of,opstandige boere het 'n opstel gekry as gevolg van
NL-UtHUA_A363596_3372,45,"der Hottentotten machen wollen, der dem","der Hottentotten machen wollen, der dem",who want to make the Hottentots,wie wil die Hottentotte maak
NL-UtHUA_A363596_3373,45,General vorgelegt werden soll. Es sollen,General vorgelegt werden soll. Es sollen,It is to be presented to the general.,Dit moet aan die generaal voorgelê word.
NL-UtHUA_A363596_3374,45,ihrer noch 150. Mann seyn. Den 26ten gin-,ihrer noch 150 Mann sein. Den 26. gingen,"They still had 150 men left. On the 26th, they left.",Hulle het nog 150 man oor gehad. Op die 26ste het hulle vertrek.
NL-UtHUA_A363596_3375,45,gen die Hottentotten hier durch nach der,die Hottentotten hier durch nach der,the Hottentots through here after,die Hottentotte hierna deur
NL-UtHUA_A363596_3376,45,Cap. Sie hatten bey dem ersten Comandan-,Kap. Sie hatten bei dem ersten Kommandanten,Chapter. They had with the first commander,Hoofstuk. Hulle het met die eerste bevelvoerder gehad
NL-UtHUA_A363596_3377,45,"ten der Bauern gedient, waren aber aus","der Bauern gedient, waren aber aus","They served the farmers, but were from","Hulle het die boere gedien, maar was van"
NL-UtHUA_A363596_3378,45,"Furcht davon gegangen. Sie sagten, daß","Furcht davongegangen. Sie sagten, dass",They ran away in fear. They said that,Hulle het in vrees weggehardloop. Hulle het gesê dat
NL-UtHUA_A363596_3379,45,sie für ihren Herrn viele kleine Kugeln,sie für ihren Herrn viele kleine Kugeln,she made many small balls for her master,sy het baie klein balletjies vir haar meester gemaak
NL-UtHUA_A363596_3380,45,hätten gießen müßen. Den 28ten hatten,hätten gießen müssen. Den 28. hatten,They should have watered them. They had the 28th.,Hulle moes hulle water gegee het. Hulle het die 28ste gehad.
NL-UtHUA_A363596_3381,45,wir den Gedenktag unsres Einzugs in unser,wir den Gedenktag unseres Einzugs in unser,we commemorate the day of our entry into our,ons herdenk die dag van ons toetrede tot ons
NL-UtHUA_A363596_3382,45,"Haus vor 3. Jahren, und überdachten die vie-",Haus vor drei Jahren und überdachten die vielen,House three years ago and covered the many,Huis drie jaar gelede en het die vele gedek
NL-UtHUA_A363596_3383,45,"len Durchhülfen, die wir seitdem von un-","Durchhilfen, die wir seitdem von unserem",Assistance we have received since then from our,Hulp wat ons sedertdien van ons ontvang het
NL-UtHUA_A363596_3384,45,sern lieben Herrn erfahren haben. Den 29ten,lieben Herrn erfahren haben. Den 29.,We have learned from our dear Lord. The 29th.,Ons het van ons liewe Heer geleer. Die 29ste.
NL-UtHUA_A363596_3385,45,kamen endlich alle Hottentotten von der,kamen endlich alle Hottentotten von der,"Finally, all the Hottentots came from the",Uiteindelik het al die Hottentotte van die
NL-UtHUA_A363596_3386,45,Cap zurük. Der General hatte sie sehr,Kap zurück. Der General hatte sie sehr,Cape back. The general had them very,Kaap terug. Die generaal het hulle baie
NL-UtHUA_A363596_3387,45,"freundlich angehört, und ihnen versprochen,","freundlich angehört und ihnen versprochen,",listened to them kindly and promised them,vriendelik na hulle geluister en hulle belowe
NL-UtHUA_A363596_3388,45,daß ihnen von den Bauern nichts zu Leide,dass ihnen von den Bauern nichts zuleide,that the farmers would do them no harm,dat die boere hulle geen skade sou aandoen nie
NL-UtHUA_A363596_3389,45,geschehen sollte; sie sollten derweilen nach,geschehen sollte; sie sollten derweilen nach,This should happen; they should meanwhile go to,Dit behoort te gebeur; hulle behoort intussen te gaan na
NL-UtHUA_A363596_3390,45,"Stellenbosch gehen, bis sich die Sache wieder","Stellenbosch gehen, bis sich die Sache wieder",Go to Stellenbosch until things improve.,Gaan na Stellenbosch totdat dinge verbeter.
NL-UtHUA_A363596_3391,45,"gegeben hätte. Das hatten sie gethan, und",gegeben hätte. Das hatten sie getan und,"They had done so, and","Hulle het dit gedoen, en"
NL-UtHUA_A363596_3392,45,dort Arbeit gefunden. Sie brachten von,dort Arbeit gefunden. Sie brachten von,They found work there. They brought from,Hulle het daar werk gevind. Hulle het van
NL-UtHUA_A363596_3393,45,dem Landdrost Briefe mit an 6. Feld=Cor-,dem Landdrost Briefe mit an sechs Feldkorporale,the Landdrost letters to six field corporals,die Landdrostbriewe aan ses veldkorporaals
NL-UtHUA_A363596_3394,45,"porale, und auch einen an uns, worinn er","und auch einen an uns, worin er","and also one to us, in which he","en ook een vir ons, waarin hy"
NL-UtHUA_A363596_3395,45,"schreibt, daß wir die Hottentotten zur","schreibt, dass wir die Hottentotten zur",writes that we the Hottentots to,skryf dat ons die Hottentotte aan
NL-UtHUA_A363596_3396,45,Geduld,Geduld,patience,geduld
NL-UtHUA_A363596_3397,45,"<pb n=""65a"" source=""NL-UtHUA_A363596_000065.jpg"" />","<pb n=""65a"" source=""NL-UtHUA_A363596_000065.jpg"" />","<pb n=""65a"" source=""NL-UtHUA_A363596_000065.jpg"" />","<pb n=""65a"" source=""NL-UtHUA_A363596_000065.jpg"" />"
NL-UtHUA_A363596_3398,45,"Geduld vermahnen sollten; ferner, daß","Geduld ermahnen sollten; ferner, dass","They should urge patience; furthermore, that",Hulle moet geduld aanspoor; verder dat
NL-UtHUA_A363596_3399,45,"der General gesonnen sey, ein Soldaten-","der General gesonnen sei, ein Soldatenkorps",the general was inclined to a corps of soldiers,die generaal was geneig tot 'n korps soldate
NL-UtHUA_A363596_3400,45,"Corps von 3 bis 400 jungen Bastaarden,","von drei bis 400 jungen Bastarden,","from three to 400 young bastards,","van drie tot 400 jong basters,"
NL-UtHUA_A363596_3401,45,"Sklaven, übrigens aber freywilligen, Hot-","Sklaven, übrigens aber freiwilligen Hottentotten","Slaves, but also voluntary Hottentots","Slawe, maar ook vrywillige Hottentotte"
NL-UtHUA_A363596_3402,45,tentotten zu errichten; und er ersuchte,zu errichten; und er ersuchte,to erect; and he requested,op te rig; en hy het versoek
NL-UtHUA_A363596_3403,45,"uns, dazu behülflich zu seyn. Der General","uns, dazu behilflich zu sein. Der General",to help us with that. The General,om ons daarmee te help. Die Generaal
NL-UtHUA_A363596_3404,45,hatte dieses den Hottentotten selbst ge-,"hatte dies den Hottentotten selbst gesagt,","had said this to the Hottentots themselves,","het dit vir die Hottentotte self gesê,"
NL-UtHUA_A363596_3405,45,"sagt, mit dem Zusatz: Es ist zum Schutz",mit dem Zusatz: „Es ist zum Schutz,"with the addition: ""It is for protection","met die byvoeging: ""Dit is vir beskerming"
NL-UtHUA_A363596_3406,45,eurer eigenen Nation. Das war für uns,eurer eigenen Nation.“ Das war für uns,"""your own nation."" That was for us","""jou eie nasie."" Dit was vir ons"
NL-UtHUA_A363596_3407,45,"ein schwerer Punkt, wir müßen aber dazu","ein schwerer Punkt, wir müssen aber dazu","a difficult point, but we must address it","'n Moeilike punt, maar ons moet dit aanspreek"
NL-UtHUA_A363596_3408,45,stille seyn. Den 2ten Maerz wurde die,still sein. Den 2. März wurde die,"Be quiet. On March 2nd, the","Bly stil. Op 2 Maart, die"
NL-UtHUA_A363596_3409,45,Louise in der A. Mahls = Versammlung con-,Louise in der Abendmahlsversammlung konfirmiert,Louise confirmed in the sacrament meeting,Louise het in die nagmaaldiens bevestig
NL-UtHUA_A363596_3410,45,"firmirt, und genoß hernach am 5ten mit",und genoss hernach am 5. mit,and afterwards enjoyed it on the 5th with,en daarna dit op die 5de geniet met
NL-UtHUA_A363596_3411,45,uns das heil. A. Mahl. In diesen Tagen,uns das heilige Abendmahl. In diesen Tagen,We celebrate Holy Communion. In these days,Ons vier die Heilige Nagmaal. In hierdie dae
NL-UtHUA_A363596_3412,45,"wurde der Vorschlag gemacht, das Dach zu","wurde der Vorschlag gemacht, das Dach zu",The suggestion was made to repair the roof.,Die voorstel is gemaak om die dak te herstel.
NL-UtHUA_A363596_3413,45,"decken; wir haben aber nur einen, der die-","decken; wir haben aber nur einen, der diese",cover; but we only have one who can do this,bedekking; maar ons het net een wat dit kan doen
NL-UtHUA_A363596_3414,45,se Arbeit versteht. Den 6ten besuchte uns,Arbeit versteht. Den 6. besuchte uns,"Work understands. On the 6th, we were visited.",Werk verstaan. Op die 6de is ons besoek.
NL-UtHUA_A363596_3415,45,Pieter Dohi. Er war zu der Versammlung,Pieter Dohi. Er war zu der Versammlung,Pieter Dohi. He was at the meeting.,Pieter Dohi. Hy was by die vergadering.
NL-UtHUA_A363596_3416,45,der aufsässigen Bauern auch gerufen wor-,"der aufsässigen Bauern auch gerufen worden,","the rebellious peasants were also summoned,","die opstandige boere is ook ontbied,"
NL-UtHUA_A363596_3417,45,"den, wollte aber nichts mit der Sache zu",wollte aber nichts mit der Sache zu,But he didn't want to have anything to do with it.,Maar hy wou niks daarmee te doen hê nie.
NL-UtHUA_A363596_3418,45,thun haben; um jedoch zu erfahren was,"tun haben; um jedoch zu erfahren, was","to do; however, to find out what",om te doen; maar om uit te vind wat
NL-UtHUA_A363596_3419,45,"dort vorginge, schickte er seinen Bruder","dort vorging, schickte er seinen Bruder","As he proceeded there, he sent his brother","Terwyl hy daarheen gegaan het, het hy sy broer gestuur"
NL-UtHUA_A363596_3420,45,dahin. Es hat aber die Versammlung nicht,dahin. Es hat aber die Versammlung nicht,there. But the assembly did not,daar. Maar die vergadering het nie
NL-UtHUA_A363596_3421,45,"Statt gefunden; warum, wußte er nicht.","stattgefunden; warum, wusste er nicht.",It had happened; he didn't know why.,Dit het gebeur; hy het nie geweet hoekom nie.
NL-UtHUA_A363596_3422,45,"Er sagte uns im Vertrauen, die Absicht","Er sagte uns im Vertrauen, die Absicht",He told us in confidence the intention,Hy het ons vertroulik die bedoeling meegedeel
NL-UtHUA_A363596_3423,45,der,der,the,die
NL-UtHUA_A363596_3424,45,"<pb n=""65b"" source=""NL-UtHUA_A363596_000065.jpg"" />","<pb n=""65b"" source=""NL-UtHUA_A363596_000065.jpg"" />","<pb n=""65b"" source=""NL-UtHUA_A363596_000065.jpg"" />","<pb n=""65b"" bron=""NL-UtHUA_A363596_000065.jpg"" />"
NL-UtHUA_A363596_3425,45,"der Bauern sey gewesen, uns zu fragen,","der Bauern sei gewesen, uns zu fragen,","The farmer had asked us,","Die boer het ons gevra,"
NL-UtHUA_A363596_3426,45,"ob wir die Hottentotten verlaßen, und",ob wir die Hottentotten verlassen und,whether we leave the Hottentots and,of ons die Hottentotte verlaat en
NL-UtHUA_A363596_3427,45,wieder ins Vaterland gehen wollten; und,wieder ins Vaterland gehen wollten; und,wanted to return to their homeland; and,wou na hul vaderland terugkeer; en
NL-UtHUA_A363596_3428,45,"wenn wir uns weigerten, uns gleich todt","wenn wir uns weigerten, uns gleich tot",if we refused to die immediately,as ons geweier het om onmiddellik te sterf
NL-UtHUA_A363596_3429,45,zu schießen; die jungen Hottentotten,zu schießen; die jungen Hottentotten,to shoot; the young Hottentots,om te skiet; die jong Hottentotte
NL-UtHUA_A363596_3430,45,"wollten sie alsdann mitnehmen, die alten","wollten sie alsdann mitnehmen, die alten",They wanted to take the old ones with them.,Hulle wou die oues saamneem.
NL-UtHUA_A363596_3431,45,aber ebenfalls todtschießen. Den 7t hörten,aber ebenfalls totschießen. Den 7. hörten,but also shoot them dead. They heard about the 7th.,maar skiet hulle ook dood. Hulle het van die 7de gehoor.
NL-UtHUA_A363596_3432,45,"wir, daß alle Feld=Corporale in dieser","wir, dass alle Feldkorporale in dieser","we, that all field corporals in this","ons, dat alle veldkorporaals hierin"
NL-UtHUA_A363596_3433,45,Gegend nach der Cap berufen sind. Den,Gegend nach der Kap berufen sind. Den,The area is called after the Cape.,Die gebied is na die Kaap genoem.
NL-UtHUA_A363596_3434,45,13ten hatten wir Besuch von mehreren,13. hatten wir Besuch von mehreren,"On the 13th, we had several visitors.",Op die 13de het ons verskeie besoekers gehad.
NL-UtHUA_A363596_3435,45,"Bauern, unter andern vom jungen Teunis,","Bauern, unter anderen vom jungen Teunis,","farmers, including the young Teunis,","boere, insluitend die jong Teunis,"
NL-UtHUA_A363596_3436,45,welcher nach der Versammlung einen unruhigen,der nach der Versammlung einen unruhigen,"who, after the meeting, was restless","wat, na die vergadering, rusteloos was"
NL-UtHUA_A363596_3437,45,"Lerm mit den Hottentotten anfing, daß","Lärm mit den Hottentotten anfing, dass","Noise began with the Hottentots, that","Geraas het begin met die Hottentotte, daardie"
NL-UtHUA_A363596_3438,46,"sie zum General gegangen wären, und",sie zum General gegangen wären und,they had gone to the general and,hulle het na die generaal gegaan en
NL-UtHUA_A363596_3439,46,ihn Lügen von seinen Worten gesagt hätten.,ihn Lügen über seine Worte gesagt hätten.,They had told him lies about his words.,Hulle het hom leuens oor sy woorde vertel.
NL-UtHUA_A363596_3440,46,"Es gäb unter den Hottentotten einige,","Es gäbe unter den Hottentotten einige,","There were some among the Hottentots,","Daar was sommige onder die Hottentotte,"
NL-UtHUA_A363596_3441,46,"die gut antworten können, und der Streit","die gut antworten können, und der Streit","who can answer well, and the argument","wie goed kan antwoord, en die argument"
NL-UtHUA_A363596_3442,46,"wurde so hitzig, daß wir uns drein legen","wurde so hitzig, dass wir uns dreinlegen",It got so heated that we lay down together.,Dit het so warm geword dat ons saam gaan lê het.
NL-UtHUA_A363596_3443,46,"mußten. Er machte sodann, wie er sagte,","mussten. Er machte sodann, wie er sagte,","had to. He then did, as he said,","moes. Hy het toe, soos hy gesê het,"
NL-UtHUA_A363596_3444,46,"im Auftrag des Generals bekannt, daß die","im Auftrag des Generals bekannt, dass die",announced on behalf of the general that the,het namens die generaal aangekondig dat die
NL-UtHUA_A363596_3445,46,Hottentotten ihre Schulden an die Bauern,Hottentotten ihre Schulden an die Bauern,Hottentots owed their debts to the farmers,Hottentotte het hul skuld aan die boere verskuldig
NL-UtHUA_A363596_3446,46,"bezahlen, oder dafür arbeiten müßten.",bezahlen oder dafür arbeiten müssten.,They would have to pay for it or work for it.,Hulle sou daarvoor moes betaal of daarvoor moes werk.
NL-UtHUA_A363596_3447,46,"Und ferner, daß der General Willens sey,","Und ferner, dass der General willens sei,","And furthermore, that the general was willing to","En verder, dat die generaal bereid was om"
NL-UtHUA_A363596_3448,46,ein Soldaten = Corps von jungen Hottentot-,ein Soldatenkorps von jungen Hottentotten,a corps of young Hottentot soldiers,'n korps jong Hottentot-soldate
NL-UtHUA_A363596_3449,46,ten zu errichten. Es wär ein Herr von,zu errichten. Es war ein Herr von,to erect. It was a lord of,om op te rig. Dit was 'n heer van
NL-UtHUA_A363596_3450,46,der,der,the,die
NL-UtHUA_A363596_3451,46,"<pb n=""66"" source=""NL-UtHUA_A363596_000066.jpg"" />","<pb n=""66"" source=""NL-UtHUA_A363596_000066.jpg"" />","<pb n=""66"" source=""NL-UtHUA_A363596_000066.jpg"" />","<pb n=""66"" bron=""NL-UtHUA_A363596_000066.jpg"" />"
NL-UtHUA_A363596_3452,46,"der Cap zugegen, der ihm sagte, daß er","der Kap zugegen, der ihm sagte, dass er","the Cape was present, who told him that he","die Kaap was teenwoordig, wat hom vertel het dat hy"
NL-UtHUA_A363596_3453,46,sich in dem Streit mit den Hottentot-,sich in dem Streit mit den Hottentotten,in the conflict with the Hottentots,in die konflik met die Hottentotte
NL-UtHUA_A363596_3454,46,"ten schlecht betragen hätte, und wenn",schlecht betragen hätte und wenn,would have performed badly and if,sou sleg gevaar het en as
NL-UtHUA_A363596_3455,46,"es zur Klage käme, könnte er schlecht","es zur Klage käme, könnte er schlecht","If a lawsuit were to be filed, he could hardly","As 'n regsgeding aanhangig gemaak sou word, kon hy nouliks"
NL-UtHUA_A363596_3456,46,wegkommen. Er erkannte es auch zuletzt,wegkommen. Er erkannte es auch zuletzt,get away. He realized it even at the very end.,wegkom. Hy het dit selfs heel aan die einde besef.
NL-UtHUA_A363596_3457,46,"selbst, und der Abschied war doch noch","selbst, und der Abschied war doch noch","myself, and the farewell was still","myself, en die afskeid was nog steeds"
NL-UtHUA_A363596_3458,46,ziemlich freundschaftlich.,ziemlich freundschaftlich.,Quite friendly.,Nogal vriendelik.
NL-UtHUA_A363596_3459,46,"<pb n=""67"" source=""NL-UtHUA_A363596_000067.jpg"" />","<pb n=""67"" source=""NL-UtHUA_A363596_000067.jpg"" />","<pb n=""67"" source=""NL-UtHUA_A363596_000067.jpg"" />","<pb n=""67"" bron=""NL-UtHUA_A363596_000067.jpg"" />"
