id,pdf_page,diplomatic,normalised,english,afrikaans
NL-UtHUA_A363597_00001,1,"<pb n=""1"" source=""NL-UtHUA_A363597_000001.jpg"" />","<pb n=""1"" source=""NL-UtHUA_A363597_000001.jpg"" />","<pb n=""1"" source=""NL-UtHUA_A363597_000001.jpg"" />","<pb n=""1"" source=""NL-UtHUA_A363597_000001.jpg"" />"
NL-UtHUA_A363597_00002,1,Diarium der Hottentotten Ge⸗,Diarium der Hottentotten Gemeinde,Diary of the Hottentot Community,Dagboek van die Hottentot-gemeenskap
NL-UtHUA_A363597_00003,1,meine in Bavianscloof.,in Baviaanskloof.,in Baviaanskloof.,in Baviaanskloof.
NL-UtHUA_A363597_00004,1,Vom May 1803 bis Februar 1804.,Vom Mai 1803 bis Februar 1804.,From May 1803 to February 1804.,Van Mei 1803 tot Februarie 1804.
NL-UtHUA_A363597_00005,1,"Da es mehreren unserer Hottentotten, zu⸗","Da es mehreren unserer Hottentotten, zumal","Since several of our Hottentots were involved, especially","Aangesien verskeie van ons Hottentotte betrokke was, veral"
NL-UtHUA_A363597_00006,1,"mal denen, welche schon älter sind, bey ih⸗","denen, welche schon älter sind, bei ihrer","those who are already older, in their","diegene wat reeds ouer is, in hul"
NL-UtHUA_A363597_00007,1,rer geringen Kentniß von der Holländi⸗,geringen Kenntnis der holländischen,limited knowledge of Dutch,beperkte kennis van Nederlands
NL-UtHUA_A363597_00008,1,"schen Sprache sehr schwer wird, etwas aus","Sprache sehr schwerfällt, etwas aus",Language is very difficult to express something from,Taal is baie moeilik om iets uit te druk
NL-UtHUA_A363597_00009,1,"Gottes Wort ins Gedächtniß zu faßen, u.","Gottes Wort ins Gedächtnis zu fassen, und","to remember God's word, and","om God se woord te onthou, en"
NL-UtHUA_A363597_00010,1,"wir doch wünschen, daß diejenige, wel⸗","wir doch wünschen, dass diejenigen, welche",We do wish that those who,Ons wens dat diegene wat
NL-UtHUA_A363597_00011,1,che in den Gemeingnaden weiter komen,in den Gemeingnaden weiterkommen,to progress in the community of grace,om te vorder in die gemeenskap van genade
NL-UtHUA_A363597_00012,1,und in der Erkentniß Jesu Christi,und in der Erkenntnis Jesu Christi,and in the knowledge of Jesus Christ,en in die kennis van Jesus Christus
NL-UtHUA_A363597_00013,1,"wachsen mögten, so wurde für gut ge⸗","wachsen möchten, so wurde für gut gefunden,","Those who wish to grow were found to be good,","Diegene wat wil groei, is goed bevind,"
NL-UtHUA_A363597_00014,1,"funden, die Abendmahls⸗Candidaten ins",die Abendmahlskandidaten ins,the communion candidates into,die nagmaalkandidate in
NL-UtHUA_A363597_00015,1,künftige bisweilen besonders zusamen,künftige bisweilen besonders zusammen,future sometimes particularly together,toekoms soms veral saam
NL-UtHUA_A363597_00016,1,"zu berufen, u. sich mit ihnen über das","zu berufen, und sich mit ihnen über das","to call upon them, and to discuss the",om hulle te kontak en te bespreek die
NL-UtHUA_A363597_00017,1,"heilige Abendmahl zu unterreden, um","heilige Abendmahl zu unterreden, um","to discuss Holy Communion, in order to","om oor die Heilige Nagmaal te praat, om"
NL-UtHUA_A363597_00018,1,ihnen,ihnen,them,hulle
NL-UtHUA_A363597_00019,1,"<pb n=""2a"" source=""NL-UtHUA_A363597_000002.jpg"" />","<pb n=""2a"" source=""NL-UtHUA_A363597_000002.jpg"" />","<pb n=""2a"" source=""NL-UtHUA_A363597_000002.jpg"" />","<pb n=""2a"" source=""NL-UtHUA_A363597_000002.jpg"" />"
NL-UtHUA_A363597_00020,1,ihnen auch diese Art einen richtigern Be⸗,ihnen auch auf diese Art einen richtigeren Begriff,in this way also give them a more accurate term,op hierdie manier gee hulle ook 'n meer akkurate term
NL-UtHUA_A363597_00021,1,grif von demselben beyzubringen. Bru⸗,von demselben beizubringen. Bruder,"to teach it to him, brother.","om dit vir hom te leer, broer."
NL-UtHUA_A363597_00022,1,der Rose machte am 2ten May damit,Rose machte am 2. Mai damit,Rose made this happen on May 2nd.,Rose het dit op 2 Mei laat gebeur.
NL-UtHUA_A363597_00023,1,den Anfang u. die Hottentotten bezeug⸗,"den Anfang, und die Hottentotten bezeugten","the beginning, and the Hottentots testified","die begin, en die Hottentotte het getuig"
NL-UtHUA_A363597_00024,1,ten sich sehr dankbar für diesen Un⸗,sich sehr dankbar für diesen Unterricht.,I am very grateful for this lesson.,Ek is baie dankbaar vir hierdie les.
NL-UtHUA_A363597_00025,1,terricht. Den 16ten kam ein junger,Am 16. kam ein junger,"On the 16th, a young man arrived.",Op die 16de het 'n jongman opgedaag.
NL-UtHUA_A363597_00026,1,Mensch von der Caffern⸗Nation zu,Mann von der Kaffern-Nation zu,Man from the Kaffir nation to,Man van die Kaffer-nasie na
NL-UtHUA_A363597_00027,1,"uns, u. bat angelegentlich um die Er⸗","uns, und bat angelegentlich um die Erlaubnis,","us, and earnestly requested permission,","ons, en het ernstig toestemming gevra,"
NL-UtHUA_A363597_00028,1,laubniß bey uns zu wohnen. Wir er⸗,bei uns zu wohnen. Wir erteilten,to live with us. We granted,om saam met ons te woon. Ons het toegestaan
NL-UtHUA_A363597_00029,1,theilten ihm dieselbe wenigstens auf,ihm dieselbe wenigstens auf,at least the same to him,ten minste dieselfde vir hom
NL-UtHUA_A363597_00030,1,"eine Zeit lang, u. wünschten, daß er","eine Zeit lang, und wünschten, dass er","for a while, and wished that he","vir 'n rukkie, en gewens dat hy"
NL-UtHUA_A363597_00031,1,für den Heiland möchte gewonnen wer⸗,für den Heiland gewonnen werden möchte.,who wishes to be won over to the Savior.,wat vir die Verlosser gewen wil word.
NL-UtHUA_A363597_00032,1,den. Bey dem Sprechen zum h. Abend⸗,Beim Sprechen zum heiligen Abendmahl,Speaking at the Lord's Supper,Spreek by die Nagmaal
NL-UtHUA_A363597_00033,1,mahl in diesem Monat bekanten,in diesem Monat bekannten,known this month,bekend hierdie maand
NL-UtHUA_A363597_00034,1,"mehrere Geschwister, daß sie zuviel","mehrere Geschwister, dass sie zu viel","several siblings, that they had too much","verskeie broers en susters, dat hulle te veel gehad het"
NL-UtHUA_A363597_00035,1,"auf andre zu sehen pflegten, u. da⸗","auf andere zu sehen pflegten, und da-","used to look at others, and there-","gewoond om na ander te kyk, en daar-"
NL-UtHUA_A363597_00036,1,durch,,,
NL-UtHUA_A363597_00037,1,"<pb n=""2b"" source=""NL-UtHUA_A363597_000002.jpg"" />","<pb n=""2b"" source=""NL-UtHUA_A363597_000002.jpg"" />",Wird geladen...,"<pb n=""2b"" bron=""NL-UtHUA_A363597_000002.jpg"" />"
NL-UtHUA_A363597_00038,1,"durch verhindert wurden, in der Gnade","durch verhindert wurden, in der Gnade",were prevented from doing so in grace,is in genade verhinder om dit te doen
NL-UtHUA_A363597_00039,1,selbst größern Fortschritte zu machen.,selbst größere Fortschritte zu machen.,Wird geladen...,om self groter vordering te maak.
NL-UtHUA_A363597_00040,1,Eine Schwester sagte: mein Herz ist noch,Eine Schwester sagte: „Mein Herz ist noch,One sister said: “My heart is still,Een suster het gesê: “My hart is nog steeds
NL-UtHUA_A363597_00041,1,"imer voll von dem, was ich bey dem vo⸗","immer voll von dem, was ich beim vorigen",always full of what I did the previous time,Wird geladen...
NL-UtHUA_A363597_00042,1,rigen Abendmahl genossen habe. Ich gehe,Abendmahl genossen habe. Ich gehe,I have enjoyed communion. I am going,Ek het nagmaal geniet. Ek gaan
NL-UtHUA_A363597_00043,1,"oft für mich allein, damit mein Herz","oft für mich allein, damit mein Herz","often for myself alone, so that my heart",Wird geladen...
NL-UtHUA_A363597_00044,1,"dem Heiland stets offen bleibe, u. da⸗","dem Heiland stets offen bleibe, und damit","may it always remain open to the Savior, and thus","mag dit altyd oop bly vir die Verlosser, en sodoende"
NL-UtHUA_A363597_00045,1,mit ich ihn nicht verliere. Den 24ten,ich ihn nicht verliere.“ Am 24.,"""I won't lose him."" On the 24th.",Wird geladen...
NL-UtHUA_A363597_00046,1,May fanden sich mehrere Hottentot⸗,"Mai fanden sich mehrere Hottentottenfamilien,","In May, several Hottentot families were found,","In Mei is verskeie Hottentot-gesinne gevind,"
NL-UtHUA_A363597_00047,1,"ten Familien, zusamen 24 Personen,","zusammen 24 Personen,","a total of 24 people,",Wird geladen...
NL-UtHUA_A363597_00048,1,"bey uns ein, welche von der Waſen","bei uns ein, welche von der Wasen","with us, which from the Wasen","met ons, wat van die Wasen"
NL-UtHUA_A363597_00049,1,am Camp zurückkehrten. Sie hielten,am Camp zurückkehrten. Sie baten,returned to the camp. They asked,Wird geladen...
NL-UtHUA_A363597_00050,1,"um die Erlaubniß an, bey uns ver⸗","um die Erlaubnis, bei uns verbleiben",Wird geladen...,om toestemming te versoek om by ons te bly
NL-UtHUA_A363597_00051,1,bleiben zu dürfen. Demzufolge wur⸗,zu dürfen. Demzufolge wurde,Wird geladen...,Wird geladen...
NL-UtHUA_A363597_00052,1,de in der Kirche ausführlich mit ih⸗,in der Kirche ausführlich mit ihnen,Wird geladen...,in die kerk saam met hulle in detail
NL-UtHUA_A363597_00053,1,"nen geredet, u. es wurden ihnen alle","geredet, und es wurden ihnen alle","They were talked to, and they were all told","Daar is met hulle gepraat, en hulle is almal vertel"
NL-UtHUA_A363597_00054,1,bey,bei,at,by
NL-UtHUA_A363597_00055,1,"<pb n=""3a"" source=""NL-UtHUA_A363597_000003.jpg"" />","<pb n=""3a"" source=""NL-UtHUA_A363597_000003.jpg"" />","<pb n=""3a"" source=""NL-UtHUA_A363597_000003.jpg"" />","<pb n=""3a"" source=""NL-UtHUA_A363597_000003.jpg"" />"
NL-UtHUA_A363597_00056,1,bey uns eingeführten Ordnungen vorge⸗,"uns eingeführten Ordnungen vorgehalten,","We are confronted with the regulations introduced to us,","Ons word gekonfronteer met die regulasies wat aan ons ingestel is,"
NL-UtHUA_A363597_00057,1,"halten, welche sie mit einem Hand⸗",welche sie mit einem Handschlag,which they with a handshake,wat hulle met 'n handdruk
NL-UtHUA_A363597_00058,1,schlag zu befolgen versprachen. Am,zu befolgen versprachen. Am,promised to follow them. On,het belowe om hulle te volg. Op
NL-UtHUA_A363597_00059,1,30ten May als am 2ten Pfingstfeyer⸗,"30. Mai, dem 2. Pfingstfeiertag, wurden","May 30th, the second day of Pentecost, were","30 Mei, die tweede dag van Pinkster, was"
NL-UtHUA_A363597_00060,1,tag wurden 6 Erwachsene u. 1 Kind in,6 Erwachsene und 1 Kind in,6 adults and 1 child in,6 volwassenes en 1 kind in
NL-UtHUA_A363597_00061,1,Jesu Tod getauft; 13 Personen kamen,Jesu Tod getauft; 13 Personen kamen,Jesus' death; 13 people came,Jesus se dood; 13 mense het gekom
NL-UtHUA_A363597_00062,1,unter die Taufcandidaten. Als wir,unter die Taufkandidaten. Als wir,among the baptismal candidates. When we,onder die doopkandidate. Toe ons
NL-UtHUA_A363597_00063,1,den erstern einige Tage vorher die,den Ersteren einige Tage vorher die,the former a few days beforehand,Wird geladen...
NL-UtHUA_A363597_00064,1,"Nachricht mittheilten, daß der Heiland","Nachricht mitteilten, dass der Heiland",They announced that the Savior,Hulle het aangekondig dat die Verlosser
NL-UtHUA_A363597_00065,1,ihnen die Gnade der heiligen Taufe,ihnen die Gnade der heiligen Taufe,to them the grace of holy baptism,aan hulle die genade van die heilige doop
NL-UtHUA_A363597_00066,1,"mitgetheilt habe, so waren sie darü⸗","mitgeteilt habe, so waren sie darüber","I informed them, and they were pleased about it.","Ek het hulle daarvan ingelig, en hulle was bly daaroor."
NL-UtHUA_A363597_00067,1,ber sehr beschämt u. erfreut. Sie leg⸗,sehr beschämt und erfreut. Sie legten,very ashamed and delighted. They laid,baie skaam en verheug. Hulle het gelê
NL-UtHUA_A363597_00068,1,ten in den folgenden Tagen noch aus⸗,in den folgenden Tagen noch ausdrücklich,Wird geladen...,in die volgende dae
NL-UtHUA_A363597_00069,1,drücklich die Sehnsucht ihres Herzens,die Sehnsucht ihres Herzens,the longing of her heart,die verlange van haar hart
NL-UtHUA_A363597_00070,1,"dar, mit dem Blute Jesu von allen","dar, mit dem Blute Jesu von allen","there, with the blood of Jesus from all","daar, met die bloed van Jesus van almal"
NL-UtHUA_A363597_00071,1,"ihren Sünden gereinigt zu werden,","ihren Sünden gereinigt zu werden,","to be cleansed of their sins,","om van hulle sondes gereinig te word,"
NL-UtHUA_A363597_00072,1,"u. wir unterließen nicht, ihnen bey","und wir unterließen nicht, ihnen bei",and we did not fail to help them,en ons het nie versuim om hulle te help nie
NL-UtHUA_A363597_00073,1,der Gelegenheit zu bedenken zu geben,"der Gelegenheit zu bedenken zu geben,","to give consideration to the opportunity,","om die geleentheid te oorweeg,"
NL-UtHUA_A363597_00074,1,daß,dass,that,daardie
NL-UtHUA_A363597_00075,1,"<pb n=""3b"" source=""NL-UtHUA_A363597_000003.jpg"" />","<pb n=""3b"" source=""NL-UtHUA_A363597_000003.jpg"" />","<pb n=""3b"" source=""NL-UtHUA_A363597_000003.jpg"" />","<pb n=""3b"" source=""NL-UtHUA_A363597_000003.jpg"" />"
NL-UtHUA_A363597_00076,1,"daß es nicht genug sey, zum Heiland zu","dass es nicht genug sei, zum Heiland zu",Wird geladen...,Wird geladen...
NL-UtHUA_A363597_00077,2,"komen, sondern daß sie ihm nun auch","kommen, sondern dass sie ihm nun auch",Wird geladen...,"kom, maar dat hulle hom nou ook sal gee"
NL-UtHUA_A363597_00078,2,treu bleiben müßten. Die Taufhand⸗,treu bleiben müssten. Die Taufhandlung,would have to remain faithful. The baptism ceremony,sou getrou moes bly. Die doopseremonie
NL-UtHUA_A363597_00079,2,lung selbst bewirkte unter unseren,selbst bewirkte unter unseren,Wird geladen...,Wird geladen...
NL-UtHUA_A363597_00080,2,Hottentotten eine allgemeine Be⸗,"Hottentotten eine allgemeine Bewegung,",Hottentots a general movement,Hottentotte 'n algemene beweging
NL-UtHUA_A363597_00081,2,"wegung, u. man konte deutlich wahr⸗","und man konnte deutlich wahrnehmen,","and one could clearly perceive,","en 'n mens kon duidelik waarneem,"
NL-UtHUA_A363597_00082,2,"nehmen, daß der heilige Geist in die⸗",dass der Heilige Geist in diesen,that the Holy Spirit in these,dat die Heilige Gees in hierdie
NL-UtHUA_A363597_00083,2,sen Pfingstfeyertagen an den Herzen,Pfingstfeiertagen an den Herzen,Pentecost holidays in the hearts,Pinkstervakansies in die harte
NL-UtHUA_A363597_00084,2,besonders geschäftig gewesen war. Am,besonders geschäftig gewesen war. Am,Wird geladen...,Wird geladen...
NL-UtHUA_A363597_00085,2,Tage nach der Taufe kamen die Hot⸗,Tage nach der Taufe kamen die Hottentotten,"Days after the baptism, the Hottentots arrived.",Dae na die doop het die Hottentotte aangekom.
NL-UtHUA_A363597_00086,2,"tentotten sehr zahlreich zu uns, u. leg⸗","sehr zahlreich zu uns, und legten","very many came to us, and laid",baie het na ons toe gekom en gelê
NL-UtHUA_A363597_00087,2,"ten ihren Wunsch dar, in den Gemein⸗","ihren Wunsch dar, in den Gemeingnaden",expressing their wish to be in the common grace,hul wens uitdruk om in die algemene genade te wees
NL-UtHUA_A363597_00088,2,gnaden weiter zu komen. Unter den⸗,weiterzukommen. Unter denselben,to move forward. Under the same,om vorentoe te beweeg. Onder dieselfde
NL-UtHUA_A363597_00089,2,"selben befanden sich auch solche, die","befanden sich auch solche, die",There were also those who,Daar was ook diegene wat
NL-UtHUA_A363597_00090,2,"schon lange hier wohnen, bey denen wir","schon lange hier wohnen, bei denen wir","have lived here for a long time, where we",Wird geladen...
NL-UtHUA_A363597_00091,2,"uns sehr freuen würden, wen auch","uns sehr freuen würden, wenn auch",Wird geladen...,Wird geladen...
NL-UtHUA_A363597_00092,2,ihre,ihre,her,haar
NL-UtHUA_A363597_00093,2,"<pb n=""4a"" source=""NL-UtHUA_A363597_000004.jpg"" />","<pb n=""4a"" source=""NL-UtHUA_A363597_000004.jpg"" />","<pb n=""4a"" source=""NL-UtHUA_A363597_000004.jpg"" />","<pb n=""4a"" bron=""NL-UtHUA_A363597_000004.jpg"" />"
NL-UtHUA_A363597_00094,2,"ihre Stunde geschlagen hätte, daß sie","ihre Stunde geschlagen hätte, dass sie","her time had come, that she","haar tyd het aangebreek, dat sy"
NL-UtHUA_A363597_00095,2,vom Schlafe der Sünden erwachten.,vom Schlaf der Sünden erwachten.,awoke from the sleep of sin.,wakker geword uit die slaap van sonde.
NL-UtHUA_A363597_00096,2,Auch von den Kindern kam eines nach,Auch von den Kindern kam eines nach,One of the children also came after,Een van die kinders het ook daarna gekom
NL-UtHUA_A363597_00097,2,"dem andern zu uns mit der Bitte, daß","dem anderen zu uns mit der Bitte, dass",Wird geladen...,aan die ander persoon met die versoek dat
NL-UtHUA_A363597_00098,2,"wir an sie denken mögten, indem sie","wir an sie denken möchten, indem sie",we want to remember them by,Wird geladen...
NL-UtHUA_A363597_00099,2,gern Kinder des Heilands werden möch⸗,gern Kinder des Heilands werden möchten.,who would like to become children of the Savior.,wat graag kinders van die Verlosser wil word.
NL-UtHUA_A363597_00100,2,ten. – Da unsere Hottentotten um,– Da unsere Hottentotten um,Wird geladen...,– Sedert ons Hottentotte rondom
NL-UtHUA_A363597_00101,2,diese Zeit in Erfahrung brachten daß,"diese Zeit in Erfahrung brachten, dass",learned during this time that,Wird geladen...
NL-UtHUA_A363597_00102,2,sich entlaufene Sclaven in unserer Ge⸗,sich entlaufene Sklaven in unserer Gegend,escaped slaves in our area,ontsnapte slawe in ons gebied
NL-UtHUA_A363597_00103,2,"gend aufhielten, u. daß sie bereits","aufhielten, und dass sie bereits","stopped, and that they already",Wird geladen...
NL-UtHUA_A363597_00104,2,einen Ochsen im Felde gestohlen hät⸗,"einen Ochsen im Felde gestohlen hätten,","had stolen an ox in the field,","het 'n os in die veld gesteel,"
NL-UtHUA_A363597_00105,2,"ten, so zogen mehrere unserer jungen",so zogen mehrere unserer jungen,so several of our young people moved,Wird geladen...
NL-UtHUA_A363597_00106,2,"Leute aus, um diese Räuber zu ver⸗","Leute aus, um diese Räuber zu verfolgen.",People are being sent out to pursue these robbers.,Mense word uitgestuur om hierdie rowers te agtervolg.
NL-UtHUA_A363597_00107,2,folgen. Sie kehrten jedoch ohne diesel⸗,"Sie kehrten jedoch, ohne dieselben",Wird geladen...,Hulle het egter teruggekeer sonder dieselfde
NL-UtHUA_A363597_00108,2,ben entdekt zu haben wieder nach,"entdeckt zu haben, wieder nach","to have discovered, again after","om ontdek te het, weer daarna"
NL-UtHUA_A363597_00109,2,Hause zurück. – Am 20ten May,Hause zurück. – Am 20. Mai,Back home. – On May 20th.,Terug by die huis. – Op 20 Mei.
NL-UtHUA_A363597_00110,2,kam abermals eine Anzahl von 37,kam abermals eine Anzahl von 37,"Once again, a number of 37 appeared.",Weereens het 'n getal van 37 verskyn.
NL-UtHUA_A363597_00111,2,Hott:,Hottentotten:,Wird geladen...,Wird geladen...
NL-UtHUA_A363597_00112,2,"<pb n=""4b"" source=""NL-UtHUA_A363597_000004.jpg"" />","<pb n=""4b"" source=""NL-UtHUA_A363597_000004.jpg"" />","<pb n=""4b"" source=""NL-UtHUA_A363597_000004.jpg"" />","<pb n=""4b"" bron=""NL-UtHUA_A363597_000004.jpg"" />"
NL-UtHUA_A363597_00113,2,"Hottentotten, Mäner, Weiber u. Kin⸗","Hottentotten, Männer, Weiber und Kinder","Hottentots, men, women and children","Hottentotte, mans, vroue en kinders"
NL-UtHUA_A363597_00114,2,"der von dem Camp zu uns, unter","vom Camp zu uns, unter","from the camp to us, under","van die kamp na ons toe, onder"
NL-UtHUA_A363597_00115,2,"welchen sich mehrere befanden, die schon","welchen sich mehrere befanden, die schon",which included several that were already,Wird geladen...
NL-UtHUA_A363597_00116,2,vorher hier gewohnt haben. Da sie,vorher hier gewohnt haben. Da sie,previously lived here. Since they,voorheen hier gewoon. Sedert hulle
NL-UtHUA_A363597_00117,2,"sehr wünschten, bey uns bleiben zu","sehr wünschten, bei uns bleiben zu",very much wished to stay with us,wou baie graag by ons bly
NL-UtHUA_A363597_00118,2,"dürfen, so wurde gründlich mit","dürfen, so wurde gründlich mit","allowed, so it was thoroughly dealt with","toegelaat, so dit is deeglik hanteer"
NL-UtHUA_A363597_00119,2,ihnen gesprochen. Wir machten ihnen,ihnen gesprochen. Wir machten ihnen,We spoke to them.,Wird geladen...
NL-UtHUA_A363597_00120,2,"unsere Einrichtungen hinlänglich bekant,","unsere Einrichtungen hinlänglich bekannt,","our facilities are well known,",Wird geladen...
NL-UtHUA_A363597_00121,2,"u. sagten ihnen, daß diejenigen, die","und sagten ihnen, dass diejenigen, die",Wird geladen...,en het vir hulle gesê dat diegene wat
NL-UtHUA_A363597_00122,2,"sich nicht nach denselben richten wollten,","sich nicht nach denselben richten wollten,","did not want to follow the same rules,",Wird geladen...
NL-UtHUA_A363597_00123,2,sich lieber sogleich wieder weg begeben,sich lieber sogleich wieder wegbegeben,better leave immediately,beter dadelik vertrek
NL-UtHUA_A363597_00124,2,möchten. Wer aber mit Gottes Bey⸗,möchten. Wer aber mit Gottes Beistand,would like. But whoever with God's help,sou graag wou hê. Maar wie ook al met God se hulp
NL-UtHUA_A363597_00125,2,stand dieselben zu befolgen willig,dieselben zu befolgen willig,willing to follow them,bereid om hulle te volg
NL-UtHUA_A363597_00126,2,"sey, der solle uns die Hand darauf","sei, der solle uns die Hand darauf",Wird geladen...,Hy moet sy hand daarop sit.
NL-UtHUA_A363597_127,2,"geben. Sogleich standen alle auf, um","geben. Sogleich standen alle auf, um",give. Immediately everyone stood up to,gee. Onmiddellik het almal opgestaan om
NL-UtHUA_A363597_128,2,"uns die Hand zu reichen, u. man kon⸗","uns die Hand zu reichen, und man konn-","to extend a hand to us, and one could-","om 'n hand na ons uit te steek, en 'n mens kon-"
NL-UtHUA_A363597_129,2,te,,,
NL-UtHUA_A363597_130,2,"<pb n=""5a"" source=""NL-UtHUA_A363597_000005.jpg"" />","<pb n=""5a"" source=""NL-UtHUA_A363597_000005.jpg"" />","<pb n=""5a"" source=""NL-UtHUA_A363597_000005.jpg"" />","<pb n=""5a"" source=""NL-UtHUA_A363597_000005.jpg"" />"
NL-UtHUA_A363597_131,2,"te es fühlen, daß es ihnen von Herzen","te es fühlen, dass es ihnen von Herzen",to feel that it came from their hearts,om te voel dat dit uit hul harte kom
NL-UtHUA_A363597_132,2,ging. Übrigens hatten wir in diesen,ging. Übrigens hatten wir in diesen,"went. Incidentally, we had in these","gegaan. Terloops, ons het in hierdie gehad"
NL-UtHUA_A363597_133,2,Monaten wenig Besuch von Fremden,"Monaten wenig Besuch von Fremden,","Few visitors from outside for months,","Min besoekers van buite vir maande,"
NL-UtHUA_A363597_134,2,weder von der Capstadt noch von an⸗,weder von der Kapstadt noch von anderen,neither from Cape Town nor from others,nie van Kaapstad of van ander
NL-UtHUA_A363597_135,2,"dern näher gelegenen Orten her, so daß","näher gelegenen Orten her, sodass","closer places, so that","nader plekke, sodat"
NL-UtHUA_A363597_136,2,wir meist in der Stille für uns leb⸗,wir meist in der Stille für uns lebten.,"we mostly lived in silence, by ourselves.","ons het meestal in stilte, alleen, geleef."
NL-UtHUA_A363597_137,2,ten. – Den 11ten u. 12ten July hatten,– Am 11. und 12. Juli hatten,"– On July 11th and 12th,","– Op 11 en 12 Julie,"
NL-UtHUA_A363597_138,2,"wir hier eine angreifende Kälte,","wir hier eine angreifende Kälte,","We are experiencing an attacking cold here,","Ons ervaar 'n aanvallende verkoue hier,"
NL-UtHUA_A363597_139,2,so daß es des Morgens Eis gefroren,sodass es des Morgens Eis gefroren,so that it was frozen solid in the morning.,sodat dit die oggend solied gevries was.
NL-UtHUA_A363597_140,2,hatte. Am 13ten bekamen wir aber Re⸗,hatte. Am 13. bekamen wir aber Regenwetter,had. But on the 13th we got rainy weather.,gehad. Maar op die 13de het ons reënweer gekry.
NL-UtHUA_A363597_141,2,genwetter zur großen Freude der,zur großen Freude der,to the great delight of the,tot groot vreugde van die
NL-UtHUA_A363597_142,2,"Hottentotten, die daß dadurch in den","Hottentotten, welche dadurch in den","Hottentots, who thereby entered the","Hottentotte, wat daardeur die"
NL-UtHUA_A363597_143,2,"Stand gesetzt wurden, ihr Land zu","Stand gesetzt wurden, ihr Land zu",They were given the opportunity to defend their country.,Hulle is die geleentheid gegun om hul land te verdedig.
NL-UtHUA_A363597_144,2,"pflügen, wozu jetzt die höchste Zeit","pflügen, wozu jetzt die höchste Zeit","plowing, why now is the perfect time?","ploeg, hoekom is nou die perfekte tyd?"
NL-UtHUA_A363597_145,2,ist. Bey dem Sprechen der Getauf⸗,ist. Beim Sprechen der Getauften,is. When the baptized speak,is. Wanneer die gedooptes praat
NL-UtHUA_A363597_146,2,ten u. Taufcandidaten kamen meh⸗,und Taufkandidaten kamen mehrere,and several baptismal candidates came,en verskeie doopkandidate het gekom
NL-UtHUA_A363597_147,2,rere liebliche u. sündengefaßte Erklä⸗,liebliche und sündengefasste Erklärungen,sweet and sinful explanations,soet en sondige verduidelikings
NL-UtHUA_A363597_148,2,rungen,,,
NL-UtHUA_A363597_149,2,PAIRSE 12,PAIRSE 12,PAIRS 12,PARE 12
NL-UtHUA_A363597_150,2,"<pb n=""5b"" source=""NL-UtHUA_A363597_000005.jpg"" />","<pb n=""5b"" source=""NL-UtHUA_A363597_000005.jpg"" />","<pb n=""5b"" source=""NL-UtHUA_A363597_000005.jpg"" />","<pb n=""5b"" bron=""NL-UtHUA_A363597_000005.jpg"" />"
NL-UtHUA_A363597_151,2,rungen vor. Einer von den Taufcandi⸗,vor. Einer von den Taufkandidaten,before. One of the baptismal candidates.,voor. Een van die doopkandidate.
NL-UtHUA_A363597_152,3,daten sagte: in meinem Herzen hat es,sagte: „In meinem Herzen hat es,said: “In my heart it has,het gesê: “In my hart het dit
NL-UtHUA_A363597_153,3,bisher sehr schlecht ausgesehen. Ich bin,bisher sehr schlecht ausgesehen. Ich bin,Things have looked very bad so far. I am,Dinge het tot dusver baie sleg gelyk. Ek is
NL-UtHUA_A363597_154,3,nun schon ins 3te Jahr Taufcandidat,nun schon das 3. Jahr Taufkandidat,This is already the 3rd year for a baptismal candidate,Dit is reeds die derde jaar vir 'n doopkandidaat
NL-UtHUA_A363597_155,3,"u. muß gestehen, daß ich die Gnade die","und muss gestehen, dass ich die Gnade, die",and must confess that I have the grace that,en moet erken dat ek die genade het dat
NL-UtHUA_A363597_156,3,"mir widerfahren war, aus meinem Her⸗","mir widerfahren war, aus meinem Herzen","what had happened to me, from my heart","wat met my gebeur het, uit my hart"
NL-UtHUA_A363597_157,3,"zen verloren hatte. Da ich hörte, daß","verloren hatte. Da ich hörte, dass",I had lost. Since I heard that,Ek het verloor. Sedert ek dit gehoor het
NL-UtHUA_A363597_158,3,wir gesprochen werden solten erschrak,"wir gesprochen werden sollten, erschrak","we were supposed to be spoken to, was startled","ons moes aangespreek word, was geskok"
NL-UtHUA_A363597_159,3,"ich sehr u. ich dachte: ach Gott, wie steht","ich sehr, und ich dachte: ‚Ach Gott, wie steht","I was very much so, and I thought: 'Oh God, what's going on?'","Ek was baie so, en ek het gedink: 'Ag Here, wat gaan aan?'"
NL-UtHUA_A363597_160,3,es doch mit dir? Da bin ich dem Hei⸗,es doch mit dir?‘ Da bin ich dem Heiland,"Is it with you, then?' Then I am with the Savior",Is dit dan by jou?’ Dan is ek by die Verlosser
NL-UtHUA_A363597_161,3,land zu Füßen gefallen u. habe ihn ge⸗,"zu Füßen gefallen und habe ihn gebeten,",I fell at his feet and asked him to,Ek het aan sy voete neergeval en hom gevra om
NL-UtHUA_A363597_162,3,"beten, daß er sich aufs neue über",dass er sich aufs Neue über,that he is once again thinking about,dat hy weer eens daaraan dink
NL-UtHUA_A363597_163,3,mich erbarmen möchte. Eine Taufcan⸗,mich erbarmen möchte.“ Eine Taufkandidatin,"""I wish to have pity on you."" A baptismal candidate","""Ek wil jou jammer hê."" 'n Doopkandidaat"
NL-UtHUA_A363597_164,3,didatin sagte: der heilige Geist hat mir,sagte: „Der Heilige Geist hat mir,said: “The Holy Spirit has given me,het gesê: “Die Heilige Gees het my gegee
NL-UtHUA_A363597_165,3,meinen verlornen Zustand u. alle die,meinen verlorenen Zustand und alle die,my lost state and all the,my verlore toestand en al die
NL-UtHUA_A363597_166,3,"Sünden, die ich von Jugend auf begangen","Sünden, die ich von Jugend auf begangen",Sins I committed from my youth,Sondes wat ek van my jeug af gepleeg het
NL-UtHUA_A363597_167,3,"habe so vor die Augen gestellt, daß ich","habe, so vor die Augen gestellt, dass ich",I have imagined it in such a way that I,Ek het dit so verbeel dat ek
NL-UtHUA_A363597_168,3,"nicht anders denken konte, als ich müß⸗","nicht anders denken konnte, als ich müss-",I couldn't think any differently than I had to-,Ek kon nie anders dink as wat ek moes nie-
NL-UtHUA_A363597_169,3,te,,,
NL-UtHUA_A363597_170,3,"<pb n=""6a"" source=""NL-UtHUA_A363597_000006.jpg"" />","<pb n=""6a"" source=""NL-UtHUA_A363597_000006.jpg"" />","<pb n=""6a"" source=""NL-UtHUA_A363597_000006.jpg"" />","<pb n=""6a"" source=""NL-UtHUA_A363597_000006.jpg"" />"
NL-UtHUA_A363597_171,3,te ewig verloren gehen. Aber Jesus hat,te ewig verloren gehen. Aber Jesus hat,to be lost forever. But Jesus has,om vir ewig verlore te gaan. Maar Jesus het
NL-UtHUA_A363597_172,3,"sich mir als mein Heiland offenbart, u.",sich mir als mein Heiland offenbart und,revealed himself to me as my Savior and,het Homself aan my geopenbaar as my Verlosser en
NL-UtHUA_A363597_173,3,hat mir den Trost aus seinem Tod in,hat mir den Trost aus seinem Tod in,His death gave me comfort.,Sy dood het my vertroosting gegee.
NL-UtHUA_A363597_174,3,"mein armes Herz geschenkt, so daß ich","mein armes Herz geschenkt, sodass ich","my poor heart given away, so that I","my arme hart weggegee, sodat ek"
NL-UtHUA_A363597_175,3,"nun glauben kan, er hat sich auch","nun glauben kann, er hat sich auch",now one can believe he has also,nou kan mens glo hy het ook
NL-UtHUA_A363597_176,3,für meine Sünden am Stamm des,für meine Sünden am Stamm des,for my sins on the stem of the,vir my sondes op die stam van die
NL-UtHUA_A363597_177,3,Kreuzes Hände u. Füße durchboren,Kreuzes Hände und Füße durchbohren,The hands and feet of the cross pierce,Die hande en voete van die kruis deurboor
NL-UtHUA_A363597_178,3,laßen. Ein Mägdlein sagte: es,lassen.“ Ein Mädchen sagte: „Es,"""Let it be."" A girl said: ""It","""Laat dit wees."" 'n Meisie het gesê: ""Dit"
NL-UtHUA_A363597_179,3,muß ein großes Verderben in mei⸗,muss ein großes Verderben in meinem,There must be great ruin in my,Daar moet groot ondergang in my wees
NL-UtHUA_A363597_180,3,"nem Herzen liegen, denn bald füh⸗","Herzen liegen, denn bald fühle","Hearts lie, for soon I feel","Harte lieg, want binnekort voel ek"
NL-UtHUA_A363597_181,3,le ich den Ungehorsam gegen meine,ich den Ungehorsam gegen meine,I disobey my,Ek gehoorsaam my
NL-UtHUA_A363597_182,3,"Eltern, bald werde ich wieder vom","Eltern, bald werde ich wieder vom","Parents, I will soon be back from","Ouers, ek sal binnekort terug wees van"
NL-UtHUA_A363597_183,3,"Hochmuth geplagt, indem ich oft beßer","Hochmut geplagt, indem ich oft besser","Plagued by pride, I often think I'm better","Geteister deur trots, dink ek dikwels ek is beter"
NL-UtHUA_A363597_184,3,"seyn will, als andre. Ich betrübe den","sein will, als andere. Ich betrübe den",wants to be different from others. I sadden the,wil anders wees as ander. Ek bedroef die
NL-UtHUA_A363597_185,3,"Heiland so oft, daß ich zuweilen bang","Heiland so oft, dass ich zuweilen bang",Savior so often that I am sometimes afraid,Verlosser so dikwels dat ek soms bang is
NL-UtHUA_A363597_186,3,"werde, ob er mich nicht am Ende ver⸗","werde, ob er mich nicht am Ende verstoßen",I wonder if he won't reject me in the end.,Ek wonder of hy my nie uiteindelik sal verwerp nie.
NL-UtHUA_A363597_187,3,stoßen wird. Aber wen ich ihn we⸗,wird. Aber wenn ich ihn wegen,will. But if I ask him because of,sal. Maar as ek hom vra as gevolg van
NL-UtHUA_A363597_188,3,"gen alles des Schlechten, was ich bey mir","all des Schlechten, was ich bei mir",all the bad things that happened to me,al die slegte dinge wat met my gebeur het
NL-UtHUA_A363597_189,3,fin,"finde,",find,vind
NL-UtHUA_A363597_190,3,"<pb n=""6b"" source=""NL-UtHUA_A363597_000006.jpg"" />","<pb n=""6b"" source=""NL-UtHUA_A363597_000006.jpg"" />","<pb n=""6b"" source=""NL-UtHUA_A363597_000006.jpg"" />","<pb n=""6b"" source=""NL-UtHUA_A363597_000006.jpg"" />"
NL-UtHUA_A363597_191,3,"finde, um Vergebung bitte, so fühle","um Vergebung bitte, so fühle","I ask for forgiveness, so I feel","Ek vra om vergifnis, so ek voel"
NL-UtHUA_A363597_192,3,ich doch seine Liebe wieder im Her⸗,ich doch seine Liebe wieder im Herzen.“,"""I have his love back in my heart.""","""Ek het sy liefde terug in my hart."""
NL-UtHUA_A363597_193,3,zen. Einer von den Getauften sag⸗,Einer von den Getauften sagte:,One of those baptized said:,Een van die gedooptes het gesê:
NL-UtHUA_A363597_194,3,"te: ich bitte den Heiland täglich, daß er","„Ich bitte den Heiland täglich, dass er","""I ask the Savior daily that he","""Ek vra die Verlosser daagliks dat Hy"
NL-UtHUA_A363597_195,3,"mich bey sich erhalte, so daß ich seinen","mich bei sich erhalte, sodass ich seinen","that I stay with him, so that I can be his","dat ek by Hom bly, sodat ek Syne kan wees"
NL-UtHUA_A363597_196,3,Frieden beständig im Herzen fühlen,Frieden beständig im Herzen fühlen,Feeling peace constantly in your heart,Voel voortdurend vrede in jou hart
NL-UtHUA_A363597_197,3,möchte. Ich bin alt u. weiß nicht,"möchte. Ich bin alt und weiß nicht,","I want to. I am old and I don't know,","Ek wil. Ek is oud en ek weet nie,"
NL-UtHUA_A363597_198,3,wann der Faden meines Lebens ab⸗,wann der Faden meines Lebens abgeschnitten,when the thread of my life was cut,toe die draad van my lewe afgesny is
NL-UtHUA_A363597_199,3,geschnitten werden wird. Bey diesem,werden wird. Bei diesem,will be. In this,sal wees. Hierin
NL-UtHUA_A363597_200,3,Gedanken habe ich nur den einen,Gedanken habe ich nur den einen,I have only one thought:,Ek het net een gedagte:
NL-UtHUA_A363597_201,3,"Wunsch, daß der Heiland mir die","Wunsch, dass der Heiland mir die",Wish that the Savior would give me the,Wens dat die Verlosser my sou gee die
NL-UtHUA_A363597_202,3,"Gnade erzeigen, u. mich ihm um",Gnade erzeige und mich ihm um,Show him mercy and ask him for help,Betoon hom genade en vra hom om hulp
NL-UtHUA_A363597_203,3,einen Schritt näher bringen möchte.,einen Schritt näher bringen möchte.“,would like to bring us one step closer.”,wil ons graag een stap nader bring.”
NL-UtHUA_A363597_204,3,(Mit diesen Worten wollte er sein,(Mit diesen Worten wollte er sein,(With these words he wanted to be,(Met hierdie woorde wou hy wees
NL-UtHUA_A363597_205,3,Verlangen zu erkennen geben ein Abend⸗,"Verlangen zu erkennen geben, ein Abendmahlskandidat",To express a desire to be a communion candidate,Om 'n begeerte uit te spreek om 'n nagmaalkandidaat te wees
NL-UtHUA_A363597_206,3,mahlscandidat zu werden.) Er setz⸗,zu werden.) Er setzte,to become.) He set,om te word.) Hy het gestel
NL-UtHUA_A363597_207,3,"te hinzu: ich bin es zwar nicht wehrt,","hinzu: „Ich bin es zwar nicht wert,","Add: “I am not worth it,","Voeg by: “Ek is dit nie werd nie,"
NL-UtHUA_A363597_208,3,den,denn,because,omdat
NL-UtHUA_A363597_209,3,"<pb n=""7a"" source=""NL-UtHUA_A363597_000007.jpg"" />","<pb n=""7a"" source=""NL-UtHUA_A363597_000007.jpg"" />","<pb n=""7a"" source=""NL-UtHUA_A363597_000007.jpg"" />","<pb n=""7a"" source=""NL-UtHUA_A363597_000007.jpg"" />"
NL-UtHUA_A363597_210,3,"denn ich bin ein großer Sünder, aber","ich bin ein großer Sünder, aber","I am a great sinner, but","Ek is 'n groot sondaar, maar"
NL-UtHUA_A363597_211,3,desto mehr Gnade bedarf ich. Ein,desto mehr Gnade bedarf ich.“ Ein,"""The more mercy I need.""","""Hoe meer genade ek nodig het."""
NL-UtHUA_A363597_212,3,anderer sagte: ich bin gegen den,anderer sagte: „Ich bin gegen den,Another said: “I am against the,Nog een het gesê: “Ek is teen die
NL-UtHUA_A363597_213,3,Heiland nicht mehr so einfältig u.,Heiland nicht mehr so einfältig und,Savior no longer so simple-minded and,Verlosser nie meer so eenvoudig van gees nie en
NL-UtHUA_A363597_214,3,"kindlich gesint, wie ich es lange Zeit","kindlich gesinnt, wie ich es lange Zeit","childlike in mind, as I have long believed","kinderlik in gedagte, soos ek lank reeds geglo het"
NL-UtHUA_A363597_215,3,"gewesen bin. Daher komt es auch,","gewesen bin. Daher kommt es auch,",I have been. That is why it also comes about that,Ek was. Daarom gebeur dit ook so
NL-UtHUA_A363597_216,3,daß ich die Nähe Jesu nicht mehr,dass ich die Nähe Jesu nicht mehr,that I no longer feel close to Jesus,dat ek nie meer naby Jesus voel nie
NL-UtHUA_A363597_217,3,"so in meinem Herzen fühle, son⸗","so in meinem Herzen fühle, sondern","so I feel in my heart, but","so voel ek in my hart, maar"
NL-UtHUA_A363597_218,3,"dern es deutlicher merke, daß ich imer","es deutlicher merke, dass ich immer",I notice more clearly that I always,Ek merk duideliker op dat ek altyd
NL-UtHUA_A363597_219,3,schlechter werde. Deswegen habe ich,schlechter werde. Deswegen habe ich,I'm getting worse. That's why I,Ek word al hoe erger. Dis hoekom ek
NL-UtHUA_A363597_220,3,"den Heiland gebeten, daß er sich","den Heiland gebeten, dass er sich",asked the Savior to,het die Verlosser gevra om
NL-UtHUA_A363597_221,3,"meiner aufs neue erbarme, u.",meiner aufs Neue erbarme und,Have mercy on me anew and,Wees my opnuut genadig en
NL-UtHUA_A363597_222,3,mir seinen Frieden ins Herz schen⸗,"mir seinen Frieden ins Herz schenke,","grant me his peace in my heart,","gee my sy vrede in my hart,"
NL-UtHUA_A363597_223,3,"ke, weil ich doch den Sin habe,","weil ich doch den Sinn habe,","because I do have the intention,","want ek het die voorneme,"
NL-UtHUA_A363597_224,3,nur für ihn in der Welt zu le⸗,nur für ihn in der Welt zu leben.“,"""To live in the world only for him.""","""Om net vir Hom in die wêreld te leef."""
NL-UtHUA_A363597_225,3,ben. Eine ausgeschloßne Getauf⸗,Eine ausgeschlossene Getaufte,An excommunicated baptized woman,'n Geëkommunikeerde gedoopte vrou
NL-UtHUA_A363597_226,3,"te sagte: ich habe den Bund, den","sagte: „Ich habe den Bund, den","said: “I have the alliance, the","het gesê: “Ek het die alliansie, die"
NL-UtHUA_A363597_227,4,ich,ich,I,Ek
NL-UtHUA_A363597_228,4,"<pb n=""7b"" source=""NL-UtHUA_A363597_000007.jpg"" />","<pb n=""7b"" source=""NL-UtHUA_A363597_000007.jpg"" />","<pb n=""7b"" source=""NL-UtHUA_A363597_000007.jpg"" />","<pb n=""7b"" source=""NL-UtHUA_A363597_000007.jpg"" />"
NL-UtHUA_A363597_229,4,ich in der Taufe mit dem Heiland ge⸗,ich in der Taufe mit dem Heiland gemacht,I was baptized with the Savior,Ek is met die Verlosser gedoop
NL-UtHUA_A363597_230,4,"macht habe, gebrochen, u. ich habe Jesum","habe, gebrochen, und ich habe Jesum","I have broken, and I have Jesus","Ek het gebreek, en ek het Jesus"
NL-UtHUA_A363597_231,4,durch meine Versündigungen aufs neue,durch meine Versündigungen aufs Neue,through my sins anew,deur my sondes opnuut
NL-UtHUA_A363597_232,4,gekreuzigt. Der Geist Gottes hat zwar,gekreuzigt. Der Geist Gottes hat zwar,crucified. The Spirit of God indeed,gekruisig. Die Gees van God waarlik
NL-UtHUA_A363597_233,4,"oft bey mir angeklopft, ich bin aber","oft bei mir angeklopft, ich bin aber","They often knocked on my door, but I am","Hulle het dikwels aan my deur geklop, maar ek is"
NL-UtHUA_A363597_234,4,"lange, wie todt, dahin gegangen u.","lange, wie tot, dahingegangen und","long ago, gone as if dead, and","lank gelede, weg asof dood, en"
NL-UtHUA_A363597_235,4,habe ihm kein Gehör gegeben. Jetzt,habe ihm kein Gehör gegeben. Jetzt,I didn't listen to him. Now,Ek het nie na hom geluister nie. Nou
NL-UtHUA_A363597_236,4,"sehe ich es ein, was ich mir selbst da⸗","sehe ich ein, was ich mir selbst dadurch",I realize what I've done to myself by doing this.,Ek besef wat ek aan myself gedoen het deur dit te doen.
NL-UtHUA_A363597_237,4,"durch für Schaden gethan habe, daß ich","für Schaden getan habe, dass ich",I have caused damage that I,Ek het skade veroorsaak wat ek
NL-UtHUA_A363597_238,4,"den Heiland verließ, u. mich wieder",den Heiland verließ und mich wieder,the Savior left and me again,die Verlosser het vertrek en ek weer
NL-UtHUA_A363597_239,4,"dem Dienst der Sünde ergab, u. ich","dem Dienst der Sünde ergab, und ich","gave itself up to the service of sin, and I","homself oorgegee het aan die diens van die sonde, en ek"
NL-UtHUA_A363597_240,4,"bitte den Heiland, daß er mir doch","bitte den Heiland, dass er mir doch",Please ask the Savior to let me,Vra asseblief die Verlosser om my toe te laat
NL-UtHUA_A363597_241,4,meine Abweichungen vergeben wolle.,meine Abweichungen vergeben wolle.“,I want to forgive my deviations.”,Ek wil my afwykings vergewe.”
NL-UtHUA_A363597_242,4,"Eine andre, welche sich eine Zeit","Eine andere, welche sich eine Zeit","Another one, which took some time","Nog een, wat 'n rukkie geneem het"
NL-UtHUA_A363597_243,4,lang bey ihrer Mutter auf einem,lang bei ihrer Mutter auf einem,long with her mother on a,lank saam met haar ma op 'n
NL-UtHUA_A363597_244,4,"Lauernhof aufgehalten hatte, sagte:","Bauernhof aufgehalten hatte, sagte:","who had stopped at the farm, said:","wat by die plaas gestop het, het gesê:"
NL-UtHUA_A363597_245,4,durch meine Entfernung von hier ha⸗,„Durch meine Entfernung von hier habe,"""Because of my distance from here I have","""As gevolg van my afstand van hier af het ek"
NL-UtHUA_A363597_246,4,be ich mir selbst vielen Schaden ge⸗,ich mir selbst viel Schaden getan.“,I have done myself a lot of harm.”,Ek het myself baie skade aangedoen.”
NL-UtHUA_A363597_247,4,"than,",,,
NL-UtHUA_A363597_248,4,"<pb n=""8a"" source=""NL-UtHUA_A363597_000008.jpg"" />","<pb n=""8a"" source=""NL-UtHUA_A363597_000008.jpg"" />","<pb n=""8a"" source=""NL-UtHUA_A363597_000008.jpg"" />","<pb n=""8a"" bron=""NL-UtHUA_A363597_000008.jpg"" />"
NL-UtHUA_A363597_249,4,thau. Als ich bey meiner Zurückkunft,Tau. Als ich bei meiner Rückkehr,Dew. When I returned,Dou. Toe ek terugkom
NL-UtHUA_A363597_250,4,"wieder in die Verſammlungen ging,","wieder in die Versammlungen ging,","went back to the meetings,","het teruggegaan na die vergaderings,"
NL-UtHUA_A363597_251,4,"ſo merkte ich, daß ich kein Gefühl","so merkte ich, dass ich kein Gefühl",That's how I realized I had no feeling,Só het ek besef ek het geen gevoel nie
NL-UtHUA_A363597_252,4,"mehr in meinem Herzen hatte, u. daß","mehr in meinem Herzen hatte, und dass","more in my heart, and that","meer in my hart, en dit"
NL-UtHUA_A363597_253,4,ich kalt u. gleichgiltig gegen den Hei⸗,ich kalt und gleichgültig gegen den Heiland,I am cold and indifferent towards the Savior,Ek is koud en onverskillig teenoor die Verlosser
NL-UtHUA_A363597_254,4,"land geworden war, da ich doch vor⸗","geworden war, da ich doch zuvor","had become, since I had previously","geword het, aangesien ek voorheen"
NL-UtHUA_A363597_255,4,her in dem Genuß ſeiner Liebe ge⸗,in dem Genuss seiner Liebe gelebt,lived in the enjoyment of his love,het in die genot van sy liefde geleef
NL-UtHUA_A363597_256,4,lebt hatte. Wenn ſonſt auch ein ſchlech⸗,hatte. Wenn sonst auch ein schlechter,had. Even if otherwise a bad,gehad. Selfs al was dit andersins 'n slegte
NL-UtHUA_A363597_257,4,"ter Gedanke bey mir vorkam, ſo be⸗","Gedanke bei mir vorkam, so bekannte","The thought occurred to me, so well known","Die gedagte het by my opgekom, so welbekend"
NL-UtHUA_A363597_258,4,kannte ich denſelben ſogleich dem Hei⸗,ich denselben sogleich dem Heiland,I immediately gave the same to the Savior,Ek het dadelik dieselfde aan die Verlosser gegee
NL-UtHUA_A363597_259,4,"land u. meinen Lehrern, u. dann","und meinen Lehrern, und dann","and my teachers, and then","en my onderwysers, en toe"
NL-UtHUA_A363597_260,4,wurde mein Herz wieder leicht,wurde mein Herz wieder leicht,My heart felt light again,My hart het weer lig gevoel
NL-UtHUA_A363597_261,4,"u. vergnügt. Jetzt aber, da ich von","und vergnügt. Jetzt aber, da ich von",and cheerful. But now that I'm from,en vrolik. Maar nou dat ek van
NL-UtHUA_A363597_262,4,"der Einfalt abgekommen war,","der Einfalt abgekommen war,",had strayed from simplicity,het van eenvoud afgewyk
NL-UtHUA_A363597_263,4,u. den Frieden Gottes verlohren,und den Frieden Gottes verloren,and lost the peace of God,en die vrede van God verloor
NL-UtHUA_A363597_264,4,hatte war ich bange u. fürchtete,"hatte, war ich bange und fürchtete",I was anxious and afraid.,Ek was angstig en bang.
NL-UtHUA_A363597_265,4,"mich, meinen Lehrern das Schlechte","mich, meinen Lehrern das Schlechte,","me, my teachers, the bad things,","ek, my onderwysers, die slegte dinge,"
NL-UtHUA_A363597_266,4,was,was,What,Wat
NL-UtHUA_A363597_267,4,"<pb n=""8b"" source=""NL-UtHUA_A363597_000008.jpg"" />","<pb n=""8b"" source=""NL-UtHUA_A363597_000008.jpg"" />","<pb n=""8b"" source=""NL-UtHUA_A363597_000008.jpg"" />","<pb n=""8b"" bron=""NL-UtHUA_A363597_000008.jpg"" />"
NL-UtHUA_A363597_268,4,"was in meinem Herzen aufkeimt, zu","was in meinem Herzen aufkeimt, zu","what is sprouting in my heart, to","wat in my hart ontkiem,"
NL-UtHUA_A363597_269,4,geſtehen. Doch der heilige Geiſt hat,gestehen. Doch der Heilige Geist hat,confess. But the Holy Spirit has,bely. Maar die Heilige Gees het
NL-UtHUA_A363597_270,4,"mir keine Ruhe gelaſſen, bis ich mich","mir keine Ruhe gelassen, bis ich mich",It wouldn't leave me in peace until I,Dit sou my nie met rus laat totdat ek
NL-UtHUA_A363597_271,4,"mit aller Noth zum Heiland wendete,","mit aller Not zum Heiland wendete,",turned to the Savior in all his distress,in al sy nood het hy hom tot die Verlosser gewend
NL-UtHUA_A363597_272,4,u. zu ſeinen durchborten Füßen hin⸗,und zu seinen durchbohrten Füßen hinwarf.,and threw himself down at his pierced feet.,en homself aan sy deurboorde voete neergewerp.
NL-UtHUA_A363597_273,4,warf. Da habe ich Vergebung gefun⸗,Da habe ich Vergebung gefunden,There I found forgiveness.,Daar het ek vergifnis gevind.
NL-UtHUA_A363597_274,4,"den u. nun weiß ich wieder, was","und nun weiß ich wieder, was",and now I know again what,en nou weet ek weer wat
NL-UtHUA_A363597_275,4,ich an dem Heiland habe. Ein Mäd⸗,ich an dem Heiland habe. Ein Mädchen,I have in the Savior. A girl,Ek het in die Verlosser. 'n Meisie
NL-UtHUA_A363597_276,4,"chen von 10 Jahren, welches als ein","von 10 Jahren, welches als ein","of 10 years, which is considered a","van 10 jaar, wat as 'n"
NL-UtHUA_A363597_277,4,"kleines Kind getauft worden iſt,","kleines Kind getauft worden ist,","a small child has been baptized,","'n Klein kindjie is gedoop,"
NL-UtHUA_A363597_278,4,kam auch zur Schweſter Rosin,kam auch zur Schwester Rosin,also came to Sister Rosin,het ook na Suster Rosin gekom
NL-UtHUA_A363597_279,4,u. wollte geſprochen ſeyn. Da ge⸗,und wollte gesprochen sein. Da genannte,and wanted to be spoken to. That mentioned,en wou graag met hulle gepraat word. Dit het genoem
NL-UtHUA_A363597_280,4,"nante Schweſter ſagte, daß ſie jetzt","Schwester sagte, dass sie jetzt",Sister said that she now,Suster het gesê dat sy nou
NL-UtHUA_A363597_281,4,die erwachſenen Getauften u. nicht,die erwachsenen Getauften und nicht,the baptized adults and not,die gedoopte volwassenes en nie
NL-UtHUA_A363597_282,4,die Kinder ſpreche; ſo ſagte das,die Kinder spreche; so sagte das,the children speak; so said the,die kinders praat; so het die
NL-UtHUA_A363597_283,4,"Mädchen mit vielen Thränen: ach,","Mädchen mit vielen Tränen: ach,","Girl with many tears: oh,","Meisie met baie trane: o,"
NL-UtHUA_A363597_284,4,ich,ich,I,Ek
NL-UtHUA_A363597_285,4,"<pb n=""9a"" source=""NL-UtHUA_A363597_000009.jpg"" />","<pb n=""9a"" source=""NL-UtHUA_A363597_000009.jpg"" />","<pb n=""9a"" source=""NL-UtHUA_A363597_000009.jpg"" />","<pb n=""9a"" source=""NL-UtHUA_A363597_000009.jpg"" />"
NL-UtHUA_A363597_286,4,"ich armes, verlornes Kind muß auch","ich armes, verlorenes Kind muss auch","I, a poor, lost child, must also","Ek, 'n arme, verlore kind, moet ook"
NL-UtHUA_A363597_287,4,"kommen u. ſagen, wie es mit mir","kommen und sagen, wie es mit mir",come and tell me how things are with me,kom vertel my hoe dit met my gaan
NL-UtHUA_A363597_288,4,"ſteht, ich fühle die Liebe des Heilan⸗","steht, ich fühle die Liebe des Heilandes","I stand, I feel the love of the Savior.","Ek staan, ek voel die liefde van die Verlosser."
NL-UtHUA_A363597_289,4,"des nicht recht in meinem Herzen,","nicht recht in meinem Herzen,","not quite in my heart,","nie heeltemal in my hart nie,"
NL-UtHUA_A363597_290,4,"deswegen weine ich, ich bin bange, mei⸗","deswegen weine ich, ich bin bange, meine","That's why I'm crying, I'm scared, my","Dis hoekom ek huil, ek is bang, my"
NL-UtHUA_A363597_291,4,"ne arme Seele möchte verloren gehen,","arme Seele möchte verloren gehen,","poor soul wants to get lost,","arme siel wil verdwaal,"
NL-UtHUA_A363597_292,4,wenn ich gleich getauft bin. Sie,wenn ich gleich getauft bin. Sie,when I'm baptized. She,wanneer ek gedoop word. Sy
NL-UtHUA_A363597_293,4,"fragte, ob ſich denn der Heiland wie⸗","fragte, ob sich denn der Heiland wieder",wondered if the Savior would return,het gewonder of die Verlosser sou terugkeer
NL-UtHUA_A363597_294,4,der über ſie erbarmen würde. Es,über sie erbarmen würde. Es,would feel pity for her.,sou jammerte vir haar voel.
NL-UtHUA_A363597_295,4,"wurde ihr verſichert, daß der Hei⸗","wurde ihr versichert, dass der Heiland,","She was assured that the Savior,","Sy was verseker dat die Verlosser,"
NL-UtHUA_A363597_296,4,"land, wenn ſie ſich als ein armes",wenn sie sich als ein armes,if they present themselves as a poor,as hulle hulself as arm voordoen
NL-UtHUA_A363597_297,4,"Kind zu ihm wendete, ſie gewiß","Kind zu ihm wendete, sie gewiss","The child turned to him, she was certain","Die kind het na hom gedraai, sy was seker"
NL-UtHUA_A363597_298,4,"erhören würde, u. nun ſagte ſie:","erhören würde, und nun sagte sie:","would hear, and now she said:","sou hoor, en nou het sy gesê:"
NL-UtHUA_A363597_299,4,ich will ihn von ganzem Herzen da⸗,ich will ihn von ganzem Herzen darum,"I want him with all my heart, that's why","Ek wil hom met my hele hart hê, daarom"
NL-UtHUA_A363597_300,4,"rum bitten, daß er mich ſeine Liebe","bitten, dass er mich seine Liebe",ask him to give me his love,vra hom om my sy liefde te gee
NL-UtHUA_A363597_301,4,wieder fühlen läßt.,wieder fühlen lässt.,makes you feel again.,laat jou weer voel.
NL-UtHUA_A363597_302,5,Gegen,Gegen,Against,Teen
NL-UtHUA_A363597_303,5,"<pb n=""9b"" source=""NL-UtHUA_A363597_000009.jpg"" />","<pb n=""9b"" source=""NL-UtHUA_A363597_000009.jpg"" />","<pb n=""9b"" source=""NL-UtHUA_A363597_000009.jpg"" />","<pb n=""9b"" bron=""NL-UtHUA_A363597_000009.jpg"" />"
NL-UtHUA_A363597_304,5,Gegen Ende des July hatten wir ſehr,Gegen Ende des Juli hatten wir sehr,Towards the end of July we had a very,Teen die einde van Julie het ons 'n baie
NL-UtHUA_A363597_305,5,kalte Witterung u. unſre Berge wur⸗,kalte Witterung und unsere Berge wurden,cold weather and our mountains were,koue weer en ons berge was
NL-UtHUA_A363597_306,5,den ganz mit Schnee bedeckt. Dieſe,ganz mit Schnee bedeckt. Diese,completely covered in snow.,heeltemal bedek met sneeu.
NL-UtHUA_A363597_307,5,Kälte iſt für uns europäiſche Geſchwiſter,Kälte ist für uns europäische Geschwister,Cold is something we European siblings are not.,Koue is iets wat ons Europese broers en susters nie is nie.
NL-UtHUA_A363597_308,5,hier zu Lande jedesmal ſehr angrei⸗,"hierzulande jedes Mal sehr angreifend,","In this country, it's always very aggressive,","In hierdie land is dit altyd baie aggressief,"
NL-UtHUA_A363597_309,5,"fend, u. ſie hat immer mancherley Un⸗",und sie hat immer mancherlei Unpässlichkeiten,and she always has various ailments,en sy het altyd verskeie kwale
NL-UtHUA_A363597_310,5,päßlichkeiten zur Folge. Am 29ten,zur Folge. Am 29.,As a result. On the 29th.,As gevolg hiervan. Op die 29ste.
NL-UtHUA_A363597_311,5,erhielten wir zu unſrer großen Freu⸗,erhielten wir zu unserer großen Freude,We received this to our great delight,Ons het dit tot ons groot vreugde ontvang
NL-UtHUA_A363597_312,5,"de durch einen Hottentotten, der von","durch einen Hottentotten, der von",by a Hottentot who was,deur 'n Hottentot wat was
NL-UtHUA_A363597_313,5,"der Capſtadt zurückkehrte, einige","der Kapstadt zurückkehrte, einige","returned to Cape Town, some","teruggekeer na Kaapstad, sommige"
NL-UtHUA_A363597_314,5,"Gemein⸗Nachrichten, u. mehrere Brie⸗",Gemeindenachrichten und mehrere Briefe,Community newsletter and several letters,Gemeenskapsnuusbrief en verskeie briewe
NL-UtHUA_A363597_315,5,fe von unſern lieben Geſchwiſtern,von unseren lieben Geschwistern,from our dear siblings,van ons liewe broers en susters
NL-UtHUA_A363597_316,5,in Zeist. Am 7ten Auguſt erhielten,in Zeist. Am 7. August erhielten,"in Zeist. On August 7th, they received",in Zeist. Op 7 Augustus het hulle ontvang
NL-UtHUA_A363597_317,5,"wir die betrübte Nachricht, daß einer","wir die betrübte Nachricht, dass einer",We received the sad news that one,Ons het die hartseer nuus ontvang dat een
NL-UtHUA_A363597_318,5,"unſrer Schulknaben, welcher mit","unserer Schulknaben, welcher mit","our schoolboy, who with","ons skoolseun, wat saam met"
NL-UtHUA_A363597_319,5,einem Bauer als Ochſentreiber,einem Bauern als Ochsentreiber,a farmer as an ox driver,'n boer as 'n ossejaer
NL-UtHUA_A363597_320,5,"nach dem Cap fahren wollte, unter⸗","nach dem Kap fahren wollte, unterwegs","wanted to go to the Cape, on the way","wou Kaap toe gaan, op pad"
NL-UtHUA_A363597_321,5,wegs,,,
NL-UtHUA_A363597_322,5,"<pb n=""10a"" source=""NL-UtHUA_A363597_000010.jpg"" />","<pb n=""10a"" source=""NL-UtHUA_A363597_000010.jpg"" />","<pb n=""10a"" source=""NL-UtHUA_A363597_000010.jpg"" />","<pb n=""10a"" bron=""NL-UtHUA_A363597_000010.jpg"" />"
NL-UtHUA_A363597_323,5,"wegs das Unglück gehabt hatte, vom","wegs das Unglück gehabt hatte, vom","because of the misfortune that had occurred, from","as gevolg van die ongeluk wat plaasgevind het, van"
NL-UtHUA_A363597_324,5,"Wagen herabzufallen, u. da ihm die","Wagen herabzufallen, und da ihm die","to fall off the wagon, and since he","om van die wa af te val, en aangesien hy"
NL-UtHUA_A363597_325,5,"Räder über den Leib gingen, auf der","Räder über den Leib gingen, auf der","Wheels went over the body, on the","Wiele het oor die bakwerk gegaan, op die"
NL-UtHUA_A363597_326,5,Stelle das Leben zu verlieren. Am 8ten,Stelle das Leben zu verlieren. Am 8.,Place to lose your life. On the 8th.,Plek om jou lewe te verloor. Op die 8ste.
NL-UtHUA_A363597_327,5,entſchlief ein 3 jähriges von uns getauf⸗,entschlief ein 3-jähriges von uns getauftes,A 3-year-old child we had baptized passed away.,"'n 3-jarige kind wat ons gedoop het, is oorlede."
NL-UtHUA_A363597_328,5,tes Mädchen. Einige Tage vor ihrem,Mädchen. Einige Tage vor ihrem,Girl. A few days before her,Meisie. 'n Paar dae voor haar.
NL-UtHUA_A363597_329,5,Ende ſagte ſie zu ihrer Mutter: ich,Ende sagte sie zu ihrer Mutter: Ich,"Finally, she said to her mother: I",Uiteindelik het sy vir haar ma gesê: Ek
NL-UtHUA_A363597_330,5,"fürchte mich nicht vor dem Tode, denn","fürchte mich nicht vor dem Tod, denn","I do not fear death, for","Ek vrees nie die dood nie, want"
NL-UtHUA_A363597_331,5,"da komm ich zum lieben Heiland, u. der","da komm ich zum lieben Heiland, und der","Then I come to the dear Savior, and he","Dan kom ek by die liewe Verlosser, en Hy"
NL-UtHUA_A363597_332,5,wird mich gewiß annehmen. Ein an⸗,wird mich gewiss annehmen. Ein anderes,will surely accept me. Another,sal my verseker aanvaar. Nog een
NL-UtHUA_A363597_333,5,deresmal ſagte ſie: haltet mich nicht,Mal sagte sie: Haltet mich nicht,She once said: Don't hold me back,Sy het eenkeer gesê: Moenie my terughou nie
NL-UtHUA_A363597_334,5,"auf, denn ich muß den lieben","auf, denn ich muss den lieben","up, because I have to give the dear","op, want ek moet die liewe gee"
NL-UtHUA_A363597_335,5,"Heiland ſelbſt ſehen, u. gewiß","Heiland selbst sehen, und gewiss","To see the Savior himself, and certainly","Om die Verlosser self te sien, en beslis"
NL-UtHUA_A363597_336,5,"wird er bald kommen, u. mich zu","wird er bald kommen, und mich zu","He will come soon, and take me to","Hy sal binnekort kom, en my neem na"
NL-UtHUA_A363597_337,5,ſich rufen. Am 13ten Auguſt wur⸗,sich rufen. Am 13. August wurden,"call each other. On August 13th,","mekaar bel. Op 13 Augustus,"
NL-UtHUA_A363597_338,5,den 5 Erwachſene u. 2 Kinder in Je⸗,5 Erwachsene und 2 Kinder in Jesu,5 adults and 2 children in Jesus,5 volwassenes en 2 kinders in Jesus
NL-UtHUA_A363597_339,5,ſu Tod getauft. Sie hatten ſich,Tod getauft. Sie hatten sich,Baptized dead. They had,Dood gedoop. Hulle het
NL-UtHUA_A363597_340,5,"sämtlich, da wir ſie um ihren Sin̅","sämtlich, da wir sie um ihren Sinn","all of them, since we have removed their meaning","almal van hulle, aangesien ons hul betekenis verwyder het"
NL-UtHUA_A363597_341,5,be⸗,be-,be-,wees-
NL-UtHUA_A363597_342,5,"<pb n=""10b"" source=""NL-UtHUA_A363597_000010.jpg"" />","<pb n=""10b"" source=""NL-UtHUA_A363597_000010.jpg"" />","<pb n=""10b"" source=""NL-UtHUA_A363597_000010.jpg"" />","<pb n=""10b"" bron=""NL-UtHUA_A363597_000010.jpg"" />"
NL-UtHUA_A363597_343,5,"befragten, dahin erklärt, daß es der","befragten, dahin erklärt, dass es der",Those questioned were told that it was the,"Aan diegene wat ondervra is, is gesê dat dit die"
NL-UtHUA_A363597_344,5,"Wunſch ihres Herzens ſey, für den Hei⸗","Wunsch ihres Herzens sei, für den Heiland",Her heart's desire was to be for the Savior,Haar hart se begeerte was om vir die Verlosser te wees
NL-UtHUA_A363597_345,5,"land zu leben, u. zu ſterben. Abends",zu leben und zu sterben. Abends,To live and to die. In the evening,Om te lewe en te sterf. In die aand
NL-UtHUA_A363597_346,5,genoſſen wir den Leib u. das Blut,genossen wir den Leib und das Blut,We enjoyed the body and blood,Ons het die liggaam en bloed geniet
NL-UtHUA_A363597_347,5,"des Herrn im heiligen Abendmahl,","des Herrn im Heiligen Abendmahl,","of the Lord in the Holy Communion,","van die Here in die Heilige Nagmaal,"
NL-UtHUA_A363597_348,5,welcher Gnade zwey Perſonen zum,welcher Gnade zwei Personen zum,which grace two persons to,wat twee persone begenadig
NL-UtHUA_A363597_349,5,erſtenmal mit uns theilhaftig wur⸗,ersten Mal mit uns teilhaftig wurden.,first time we participated.,eerste keer wat ons deelgeneem het.
NL-UtHUA_A363597_350,5,den. Drey waren als Confirmanden,Drei waren als Konfirmanden,Three were confirmed,Drie is bevestig
NL-UtHUA_A363597_351,5,u. 5 als Candidaten dabey zugegen.,und 5 als Kandidaten dabei zugegen.,and 5 candidates were present.,en 5 kandidate was teenwoordig.
NL-UtHUA_A363597_352,5,Am 18ten hatten wir einen ſehr un⸗,Am 18. hatten wir einen sehr unangenehmen,On the 18th we had a very unpleasant,Op die 18de het ons 'n baie onaangename
NL-UtHUA_A363597_353,5,angenehmen Auftritt. Schon vor drey,Auftritt. Schon vor drei,Appearance three years ago,Verskyning drie jaar gelede
NL-UtHUA_A363597_354,5,Monaten fanden unſre Viehhirten,Monaten fanden unsere Viehhirten,"Months ago, our cattle herders found",Maande gelede het ons veewagters gevind
NL-UtHUA_A363597_355,5,ein fremdes Pferd auf unſern Fel⸗,ein fremdes Pferd auf unseren Feldern.,A strange horse in our fields.,'n Vreemde perd in ons velde.
NL-UtHUA_A363597_356,5,dern. Wir übergaben daſſelbe einem,Wir übergaben dasselbe einem,We handed the same over to a,Ons het dieselfde oorhandig aan 'n
NL-UtHUA_A363597_357,5,"Hottentotten, Bruder mit Namen","Hottentotten, Bruder mit Namen","Hottentots, brother named","Hottentotte, broer genaamd"
NL-UtHUA_A363597_358,5,Petrus Blesier zur Beſorgung bis,"Petrus Blesier zur Besorgung, bis","Petrus Blesier to procure, until","Petrus Blesier om te verkry, totdat"
NL-UtHUA_A363597_359,5,der Eigenthümer ſich melden würde.,der Eigentümer sich melden würde.,the owner would get in touch.,die eienaar sou in kontak kom.
NL-UtHUA_A363597_360,5,"Zugleich berichteten wir es, der hie⸗","Zugleich berichteten wir es, der hiesi-","At the same time, we reported it, the local-","Terselfdertyd het ons dit gerapporteer, die plaaslike-"
NL-UtHUA_A363597_361,5,ſi⸗,,,
NL-UtHUA_A363597_362,5,"<pb n=""11a"" source=""NL-UtHUA_A363597_000011.jpg"" />","<pb n=""11a"" source=""NL-UtHUA_A363597_000011.jpg"" />","<pb n=""11a"" source=""NL-UtHUA_A363597_000011.jpg"" />","<pb n=""11a"" bron=""NL-UtHUA_A363597_000011.jpg"" />"
NL-UtHUA_A363597_363,5,"ſigen Landesordnung gemäß, an den","sigen Landesordnung gemäß, an den","According to the state regulations, to the","Volgens die staatsregulasies, aan die"
NL-UtHUA_A363597_364,5,"Herrn Landdroſt in Stellenbosch,","Herrn Landdrost in Stellenbosch,","Mr. Landdrost in Stellenbosch,","Mnr. Landdrost in Stellenbosch,"
NL-UtHUA_A363597_365,5,daß ſich ein fremdes Pferd bey uns,dass sich ein fremdes Pferd bei uns,that a strange horse is with us,dat 'n vreemde perd by ons is
NL-UtHUA_A363597_366,5,befinde. Bald darauf empfingen wir,befinde. Bald darauf empfingen wir,"I am located. Soon after, we received",Ek is opgespoor. Kort daarna het ons ontvang
NL-UtHUA_A363597_367,5,"einen Brief von einem Bauern, in","einen Brief von einem Bauern, in","a letter from a farmer, in","'n brief van 'n boer, in"
NL-UtHUA_A363597_368,5,welchem er mit vielen harten Wor⸗,welchem er mit vielen harten Worten,which he with many harsh words,wat hy met baie harde woorde
NL-UtHUA_A363597_369,5,ten obgedachten Petrus Blesier be⸗,"obgedachten Petrus Blesier beschuldigte,",accused Petrus Blesier of the aforementioned,het Petrus Blesier van die voorgenoemde beskuldig
NL-UtHUA_A363597_370,5,"ſchuldigte, ſein Pferd geſtohlen zu",sein Pferd gestohlen zu,his horse was stolen,sy perd is gesteel
NL-UtHUA_A363597_371,5,"haben. Wir ließen ihm ſagen,","haben. Wir ließen ihm sagen,","have. We had him told,","het. Ons het hom laat vertel,"
NL-UtHUA_A363597_372,5,"er möchte ſelbſt kommen, u. ſein",er möchte selbst kommen und sein,he wants to come himself and be,hy wil self kom en wees
NL-UtHUA_A363597_373,5,"Pferd abholen, da wir alsdann","Pferd abholen, da wir alsdann","Pick up the horse, as we will then","Tel die perd op, want ons sal dan"
NL-UtHUA_A363597_374,5,mit ihm ſprechen wollten. Jetz,mit ihm sprechen wollten. Jetzt,wanted to speak with him. Now,wou met hom praat. Nou
NL-UtHUA_A363597_375,5,"kam er nebſt einem Feld⸗Corporal,","kam er nebst einem Feldkorporal,","He arrived accompanied by a field corporal,","Hy het aangekom, vergesel deur 'n veldkorporaal,"
NL-UtHUA_A363597_376,5,u. nachdem er ſich als Eigenthümer,und nachdem er sich als Eigentümer,and after he presented himself as the owner,en nadat hy homself as die eienaar voorgedoen het
NL-UtHUA_A363597_377,6,"des Pferdes gehörig legitimirt hatte,","des Pferdes gehörig legitimiert hatte,","had properly legitimized the horse,","het die perd behoorlik gelegitimeer,"
NL-UtHUA_A363597_378,6,ſo wurde ihm daſſelbe ſogleich aus⸗,so wurde ihm dasselbe sogleich ausgeliefert.,It was immediately handed over to him.,Dit is onmiddellik aan hom oorhandig.
NL-UtHUA_A363597_379,6,geliefert. Allein nun verlangten,Allein nun verlangten,Now alone they demanded,Nou alleen het hulle geëis
NL-UtHUA_A363597_380,6,wir,wir,we,ons
NL-UtHUA_A363597_381,6,"<pb n=""11b"" source=""NL-UtHUA_A363597_000011.jpg"" />","<pb n=""11b"" source=""NL-UtHUA_A363597_000011.jpg"" />","<pb n=""11b"" source=""NL-UtHUA_A363597_000011.jpg"" />","<pb n=""11b"" bron=""NL-UtHUA_A363597_000011.jpg"" />"
NL-UtHUA_A363597_382,6,"wir, daß er den Hottentotten","wir, dass er den Hottentotten","we, that he the Hottentots","ons, dat hy die Hottentotte"
NL-UtHUA_A363597_383,6,Petrus Blesier für einen ehrlichen,Petrus Blesier für einen ehrlichen,Petrus Blesier for an honest,Petrus Blesier vir 'n eerlike
NL-UtHUA_A363597_384,6,"Mann erklären, u. geſtehen ſolle,","Mann erklären und gestehen solle,","The man should explain and confess,","Die man moet verduidelik en bely,"
NL-UtHUA_A363597_385,6,daß er ſelbſt die Unwahrheit ge⸗,dass er selbst die Unwahrheit geschrieben,that he himself wrote an untruth,dat hy self 'n onwaarheid geskryf het
NL-UtHUA_A363597_386,6,ſchrieben habe. Er wollte ſich an⸗,habe. Er wollte sich anfangs,have. He initially wanted to,hê. Hy wou aanvanklik
NL-UtHUA_A363597_387,6,"fangs nicht dazu verſtehen, weil es","nicht dazu verstehen, weil es","I don't understand it, because it","Ek verstaan dit nie, want dit"
NL-UtHUA_A363597_388,6,doch nur ein Hottentott u. kein,doch nur ein Hottentott und kein,just a Hottentot and not,net 'n Hottentot en nie
NL-UtHUA_A363597_389,6,Chriſt wäre. Da wir ihm aber,Christ wäre. Da wir ihm aber,would be a Christian. But since we...,sou 'n Christen wees. Maar aangesien ons...
NL-UtHUA_A363597_390,6,"ſagten, daß wir, wenn er dieſe","sagten, dass wir, wenn er diese",said that if he did this,het gesê dat as hy dit gedoen het
NL-UtHUA_A363597_391,6,Erklärung nicht ſchriftlich von,Erklärung nicht schriftlich von,Declaration not in writing from,Verklaring nie skriftelik van
NL-UtHUA_A363597_392,6,"ſich ſtellte, wiſſen würden, was","sich stellte, wissen würden, was",would know what,sou weet wat
NL-UtHUA_A363597_393,6,"wir zu thun hätten, u. daß er er⸗","wir zu tun hätten, und dass er erfahren","we would have to do, and that he would learn","wat ons sou moes doen, en dat hy sou leer"
NL-UtHUA_A363597_394,6,"fahren ſolle, daß die Landesgeſetze","solle, dass die Landesgesetze",should ensure that the state laws,moet verseker dat die staatswette
NL-UtHUA_A363597_395,6,"den Unſchuldigen ſchützten, ſo","den Unschuldigen schützten, so","protected the innocent, so","die onskuldiges beskerm, so"
NL-UtHUA_A363597_396,6,"mußte er ſich endlich dazu bequemen,","musste er sich endlich dazu bequemen,",He finally had to get around to it.,Hy moes uiteindelik daarby uitkom.
NL-UtHUA_A363597_397,6,"u. wir waren ſehr froh, dieſen","und wir waren sehr froh, diesen",and we were very happy to have this,en ons was baie bly om dit te hê
NL-UtHUA_A363597_398,6,Handel auf dieſe Art ohne weitere,Handel auf diese Art ohne weitere,Trading in this way without further,Handel op hierdie manier sonder verdere
NL-UtHUA_A363597_399,6,Um⸗,Um-,Um-,Um-
NL-UtHUA_A363597_400,6,"<pb n=""12a"" source=""NL-UtHUA_A363597_000012.jpg"" />","<pb n=""12a"" source=""NL-UtHUA_A363597_000012.jpg"" />","<pb n=""12a"" source=""NL-UtHUA_A363597_000012.jpg"" />","<pb n=""12a"" bron=""NL-UtHUA_A363597_000012.jpg"" />"
NL-UtHUA_A363597_401,6,Umſtände beendigt zu ſehen. Es iſt,stände beendigt zu sehen. Es ist,The stands appear to be completed. It is,Die staanplekke lyk voltooi. Dit is
NL-UtHUA_A363597_402,6,"eine ſehr gewöhnliche Sache, daß die","eine sehr gewöhnliche Sache, dass die","a very common thing, that the","'n baie algemene ding, dat die"
NL-UtHUA_A363597_403,6,Bauern ſich ſolche ungerechte Beſchul⸗,Bauern sich solche ungerechte Beschuldigungen,Farmers should not tolerate such unjust accusations.,Boere moet sulke onregverdige beskuldigings nie duld nie.
NL-UtHUA_A363597_404,6,digungen gegen die Hottentotten,gegen die Hottentotten,against the Hottentots,teen die Hottentotte
NL-UtHUA_A363597_405,6,"erlauben, u. ſo oft nur Diebereyen","erlauben, und so oft nur Diebereien","allow, and so often only thefts","toelaat, en so dikwels slegs diefstalle"
NL-UtHUA_A363597_406,6,oder andre ſchlechte Dinge auf einem,oder andere schlechte Dinge auf einem,or other bad things on a,of ander slegte dinge op 'n
NL-UtHUA_A363597_407,6,"Bauernhof vorkommen, muß allemal","Bauernhof vorkommen, muss allemal",farm must occur at all times,plaas moet te alle tye plaasvind
NL-UtHUA_A363597_408,6,ein Hottentott der Thäter ſeyn. Wir,ein Hottentott der Täter sein. Wir,The perpetrators might be a Hottentot. We,Die skuldiges is dalk 'n Hottentot. Ons
NL-UtHUA_A363597_409,6,"können nicht umhin, uns der unſrigen","können nicht umhin, uns der Unsrigen",cannot help but think of our own,kan nie anders as om aan ons eie te dink nie
NL-UtHUA_A363597_410,6,"in ſolchen Fällen anzunehmen, ſo wie","in solchen Fällen anzunehmen, so wie","to assume in such cases, as","om in sulke gevalle aan te neem, soos"
NL-UtHUA_A363597_411,6,"wir im Gegentheil es allen denen,","wir im Gegenteil es allen denen,","On the contrary, we do it for all those who","Inteendeel, ons doen dit vir almal wat"
NL-UtHUA_A363597_412,6,die ſich wirklich dergleich zu Schulden,die sich wirklich dergleichen zu Schulden,who are truly guilty of such things,wie is werklik skuldig aan sulke dinge
NL-UtHUA_A363597_413,6,"kommen laßen, ſehr genau nehmen, u.","kommen lassen, sehr genau nehmen und","let come, take it very seriously and","laat kom, neem dit baie ernstig op en"
NL-UtHUA_A363597_414,6,ſie nach Befinden der Sache von uns,sie nach Befinden der Sache von uns,they according to the state of the matter from us,hulle volgens die stand van sake van ons
NL-UtHUA_A363597_415,6,entfernen. — Nachdem am 23ten,entfernen. — Nachdem am 23.,remove. — After on the 23rd.,verwyder. — Na op die 23ste.
NL-UtHUA_A363597_416,6,Auguſt ſehr heftige Gewitter geweſen,August sehr heftige Gewitter gewesen,August saw very severe thunderstorms,Augustus het baie hewige donderstorms gesien
NL-UtHUA_A363597_417,6,"waren, ſo hatten wir in den letzten Ta⸗","waren, so hatten wir in den letzten Tagen","were, so we had in the last few days","was, so ons het die afgelope paar dae gehad"
NL-UtHUA_A363597_418,6,gen dieſes Monats ſehr kalte u. naße,dieses Monats sehr kalte und nasse,This month's weather has been very cold and wet,Hierdie maand se weer was baie koud en nat
NL-UtHUA_A363597_419,6,Wit⸗,Wit-,Wit-,Wit-
NL-UtHUA_A363597_420,6,"<pb n=""12b"" source=""NL-UtHUA_A363597_000012.jpg"" />","<pb n=""12b"" source=""NL-UtHUA_A363597_000012.jpg"" />","<pb n=""12b"" source=""NL-UtHUA_A363597_000012.jpg"" />","<pb n=""12b"" bron=""NL-UtHUA_A363597_000012.jpg"" />"
NL-UtHUA_A363597_421,6,Witterung. Es klärte ſich zwar am 3ten,Witterung. Es klärte sich zwar am 3.,Weather. It cleared up on the 3rd.,Weer. Dit het op die 3de opgeklaar.
NL-UtHUA_A363597_422,6,"Sept. wieder auf, allein am 13ten hat⸗","Sept. wieder auf, allein am 13. hatten","Sept. reopened, on the 13th alone they had","Sept. heropen, op die 13de alleen het hulle"
NL-UtHUA_A363597_423,6,"ten wir wieder einen ſo kalten Regen,","wir wieder einen so kalten Regen,",we have such a cold rain again,ons het weer so 'n koue reën
NL-UtHUA_A363597_424,6,daß die Berge in unſrer Nähe mit Schnee,dass die Berge in unserer Nähe mit Schnee,that the mountains near us are covered with snow,dat die berge naby ons met sneeu bedek is
NL-UtHUA_A363597_425,6,bedeckt wurden. Am 17ten Sept. ging,bedeckt wurden. Am 17. Sept. ging,"were covered. On September 17th, it went",was gedek. Op 17 September het dit gegaan
NL-UtHUA_A363597_426,6,eine unſrer Abendmahlsſchweſtern ſelig,eine unserer Abendmahlsschwestern selig,"one of our Eucharistic sisters, blessed","een van ons Eucharistiese susters, geseënd"
NL-UtHUA_A363597_427,6,"heim. Sie hatte, ſeitdem ſie zum heili⸗","heim. Sie hatte, seitdem sie zum Heiligen",home. She had been since she became a saint.,huis. Sy was daar sedert sy 'n heilige geword het.
NL-UtHUA_A363597_428,6,"gen Abendmahle gelangt war, über","Abendmahle gelangt war, über","The Eucharist had reached, over","Die Nagmaal het bereik, oor"
NL-UtHUA_A363597_429,6,der ihr geſchenkten Gnade mit treu⸗,der ihr geschenkten Gnade mit treuem,the grace bestowed upon her with faithfulness,die genade wat haar met getrouheid geskenk is
NL-UtHUA_A363597_430,6,"em Herzen gewacht, u. wurde wegen",Herzen gewacht und wurde wegen,Hearts awakened and was because,Harte het ontwaak en dit was omdat
NL-UtHUA_A363597_431,6,ihres kindlichen u. gläubigen Anhanges,ihres kindlichen und gläubigen Anhanges,their childlike and devout followers,hul kinderlike en vrome volgelinge
NL-UtHUA_A363597_432,6,an Jeſum auch von andern Geſchwi⸗,an Jesum auch von anderen Geschwistern,Jesus also from other brothers and sisters,Jesus ook van ander broers en susters
NL-UtHUA_A363597_433,6,ſtern geliebt u. geſchätzt. In ihrer,geliebt und geschätzt. In ihrer,loved and cherished. In their,geliefd en gekoester. In hul
NL-UtHUA_A363597_434,6,"Krankheit wurde ſie fleißig beſucht,","Krankheit wurde sie fleißig besucht,",She received many visits during her illness.,Sy het baie besoeke ontvang tydens haar siekte.
NL-UtHUA_A363597_435,6,u. man fand ſie jederzeit zum Heiland,und man fand sie jederzeit zum Heiland,and they were always found by the Savior,en hulle is altyd deur die Verlosser gevind
NL-UtHUA_A363597_436,6,"hin gerichtet u. voll Freude darüber,","hin gerichtet und voll Freude darüber,","directed and full of joy about it,","gerig en vol vreugde daaroor,"
NL-UtHUA_A363597_437,6,daß ſie nun bald die Gnade haben,dass sie nun bald die Gnade haben,that they will soon have the grace,dat hulle binnekort die genade sal hê
NL-UtHUA_A363597_438,6,wür⸗,wür-,wür-,wür-
NL-UtHUA_A363597_439,6,"<pb n=""13a"" source=""NL-UtHUA_A363597_000013.jpg"" />","<pb n=""13a"" source=""NL-UtHUA_A363597_000013.jpg"" />","<pb n=""13a"" source=""NL-UtHUA_A363597_000013.jpg"" />","<pb n=""13a"" bron=""NL-UtHUA_A363597_000013.jpg"" />"
NL-UtHUA_A363597_440,6,"würde, ihren Erlöſer zu ſehen u. ewig","würde, ihren Erlöser zu sehen und ewig",would see their savior and be eternal,sou hul verlosser sien en ewig wees
NL-UtHUA_A363597_441,6,bey ihm zu ſeyn. Da wir ſeit eini⸗,bei ihm zu sein. Da wir seit einiger,to be with him. Since we have been together for some time,om saam met hom te wees. Aangesien ons al 'n geruime tyd saam is
NL-UtHUA_A363597_442,6,ger Zeit mit Betrübniß bemerkt hat⸗,"Zeit mit Betrübnis bemerkt hatten,","had noticed with sadness at that time,","het destyds met hartseer opgemerk,"
NL-UtHUA_A363597_443,6,"ten, daß ſich unſre Schulkinder nicht",dass sich unsere Schulkinder nicht,that our schoolchildren do not,dat ons skoolkinders nie
NL-UtHUA_A363597_444,6,nur in der Schule ſondern auch in,"nur in der Schule, sondern auch in","not only at school, but also in","nie net by die skool nie, maar ook in"
NL-UtHUA_A363597_445,6,den Verſammlungen dem Leichtſinn,den Versammlungen dem Leichtsinn,the assemblies the recklessness,die vergaderings die roekeloosheid
NL-UtHUA_A363597_446,6,"überließen, u. ſich mancherley Un⸗",überließen und sich mancherlei Unarten,gave in and indulged in various bad habits,toegegee en aan verskeie slegte gewoontes toegegee
NL-UtHUA_A363597_447,6,"arten erlaubten, ſo mußte Br. Rose,","erlaubten, so musste Br. Rose,","allowed it, so Brother Rose had to,","het dit toegelaat, so Broer Rose moes,"
NL-UtHUA_A363597_448,6,weil alle bisherigen Erinnerungen,weil alle bisherigen Erinnerungen,because all previous memories,want alle vorige herinneringe
NL-UtHUA_A363597_449,6,"nichts gefruchtet hatten, einen Ver⸗","nichts gefruchtet hatten, einen Versuch","nothing had worked, so we tried again.","niks het gewerk nie, so ons het weer probeer."
NL-UtHUA_A363597_450,6,ſuch in der Schule. Nachdem ſie,in der Schule. Nachdem sie,at school. After they,by die skool. Nadat hulle
NL-UtHUA_A363597_451,6,"ihm dasjenige, was ſie gelernt","ihm dasjenige, was sie gelernt",to him what she had learned,aan hom wat sy geleer het
NL-UtHUA_A363597_452,7,"hatten, mit vielem Vergnügen","hatten, mit vielem Vergnügen","had, with much pleasure","gehad, met groot plesier"
NL-UtHUA_A363597_453,7,"aufgeſagt hatten, ſo ſtellte er","aufgesagt hatten, so stellte er","had recited, so he stated","het voorgedra, so het hy gesê"
NL-UtHUA_A363597_454,7,ihnen liebreich aber zugleich nach⸗,"ihnen liebreich, aber zugleich nachdrücklich","affectionately, but at the same time emphatically","liefdevol, maar terselfdertyd nadruklik"
NL-UtHUA_A363597_455,7,"drücklich vor, wieviele Mühe ihre","vor, wie viel Mühe ihre","before, how much effort they","voorheen, hoeveel moeite hulle gedoen het"
NL-UtHUA_A363597_456,7,"Lehrer anwendeten, um ſie in ihrer","Lehrer anwendeten, um sie in ihrer",teachers used them to help them in their,onderwysers het hulle gebruik om hulle te help in hul
NL-UtHUA_A363597_457,7,Ju⸗,Ju-,Ju-,Ju-
NL-UtHUA_A363597_458,7,"<pb n=""13b"" source=""NL-UtHUA_A363597_000013.jpg"" />","<pb n=""13b"" source=""NL-UtHUA_A363597_000013.jpg"" />","<pb n=""13b"" source=""NL-UtHUA_A363597_000013.jpg"" />","<pb n=""13b"" bron=""NL-UtHUA_A363597_000013.jpg"" />"
NL-UtHUA_A363597_459,7,Jugend mit ihrem Gott u. Schöpfer be⸗,Jugend mit ihrem Gott und Schöpfer bekannt,Youth acquainted with their God and Creator,Jongmense vertroud met hul God en Skepper
NL-UtHUA_A363597_460,7,"kannt zu machen, u. um es ihnen ins",zu machen und um es ihnen ins,to do this and to make it happen for them,om dit te doen en dit vir hulle te laat gebeur
NL-UtHUA_A363597_461,7,"Herz zu prägen, wie viel es dem Hei⸗","Herz zu prägen, wie viel es dem Heiland","To shape the heart, how much it means to the Savior","Om die hart te vorm, hoeveel dit vir die Verlosser beteken"
NL-UtHUA_A363597_462,7,"land gekoſtet habe, daß ſie ſeine lieben","gekostet habe, dass sie seine lieben",cost that they loved his,koste dat hulle hom liefgehad het
NL-UtHUA_A363597_463,7,Kinder werden könnten. Die Kinder,Kinder werden könnten. Die Kinder,They could become children.,Hulle kon kinders word.
NL-UtHUA_A363597_464,7,"hörten dieſes mit großer Stille an,","hörten dieses mit großer Stille an,","listened to this in great silence,","het in groot stilte daarna geluister,"
NL-UtHUA_A363597_465,7,"u. Br. Rose ſagte ihnen nun, daß","und Br. Rose sagte ihnen nun, dass",and Brother Rose then told them that,en Broer Rose het toe vir hulle gesê dat
NL-UtHUA_A363597_466,7,"wir bey einem ſolchen Betragen, wie","wir bei einem solchen Betragen, wie","we, in the case of such behavior, as","ons, in die geval van sulke gedrag, soos"
NL-UtHUA_A363597_467,7,"das ihrige bisher geweſen ſey, wo⸗","das ihrige bisher gewesen sei, wodurch","that had been theirs so far, whereby","wat tot dusver hulle s'n was, waardeur"
NL-UtHUA_A363597_468,7,durch ſie den Heiland u. uns betrübt,sie den Heiland und uns betrübt,They grieved the Savior and us.,Hulle het die Verlosser en ons bedroef.
NL-UtHUA_A363597_469,7,"hätten, genöthigt ſeyn würden, die","hätten, genötigt sein würden, die",would have been forced to do the,sou gedwing gewees het om die
NL-UtHUA_A363597_470,7,Schule u. die Kinderverſammlungen,Schule und die Kinderversammlungen,School and the children's assemblies,Skool- en kinderbyeenkomste
NL-UtHUA_A363597_471,7,"einzuſtellen. Er bitte ſie, ihm nun","einzustellen. Er bat sie, ihm nun",to hire her. He asked her to now,om haar aan te stel. Hy het haar gevra om nou
NL-UtHUA_A363597_472,7,ganz einfältig u. aufrichtig zu ſa⸗,"ganz einfältig und aufrichtig zu sagen,","to say quite simply and sincerely,","om heel eenvoudig en opreg te sê,"
NL-UtHUA_A363597_473,7,"gen, was ſie nun thun wollten.",was sie nun tun wollten.,what they wanted to do now.,wat hulle nou wou doen.
NL-UtHUA_A363597_474,7,"Da die Kinder, künftig gehor⸗",Da die Kinder künftig gehorsam,Since the children will be obedient in the future,Aangesien die kinders in die toekoms gehoorsaam sal wees
NL-UtHUA_A363597_475,7,"ſam zu ſeyn verſprachen, ſo ſagte","zu sein versprachen, so sagte","promised to be, so said","belowe om te wees, so gesê"
NL-UtHUA_A363597_476,7,Br.,Br.,Br.,Br.
NL-UtHUA_A363597_477,7,"<pb n=""14a"" source=""NL-UtHUA_A363597_000014.jpg"" />","<pb n=""14a"" source=""NL-UtHUA_A363597_000014.jpg"" />","<pb n=""14a"" source=""NL-UtHUA_A363597_000014.jpg"" />","<pb n=""14a"" bron=""NL-UtHUA_A363597_000014.jpg"" />"
NL-UtHUA_A363597_478,7,"Br. Rose, diejenigen, bey welchen die⸗","Br. Rose, diejenigen, bei welchen dies","Brother Rose, those to whom this","Broer Rose, diegene aan wie dit"
NL-UtHUA_A363597_479,7,ſes nicht ein bloßes leeres Verſpre⸗,"nicht ein bloßes leeres Versprechen,","not just an empty promise,","nie net 'n leë belofte nie,"
NL-UtHUA_A363597_480,7,"chen, ſondern Wahrheit ſey, möchten","sondern Wahrheit sei, möchten","but truth is, would like","maar die waarheid is, sou graag wou hê"
NL-UtHUA_A363597_481,7,aufſtehen u. uns die Hand darauf,aufstehen und uns die Hand darauf,get up and put our hand on it,staan op en sit ons hand daarop
NL-UtHUA_A363597_482,7,"geben, wer aber den Sinn nicht ha⸗","geben; wer aber den Sinn nicht habe,","give; but whoever does not have the sense,","gee; maar wie nie verstand het nie,"
NL-UtHUA_A363597_483,7,"be, dem Heiland ſein ganzes Herz",dem Heiland sein ganzes Herz,to the Savior his whole heart,aan die Verlosser sy hele hart
NL-UtHUA_A363597_484,7,"hinzugeben, der ſolle ſitzen bleiben.","hinzugeben, der solle sitzen bleiben.","To give in, he should remain seated.","Om toe te gee, moet hy bly sit."
NL-UtHUA_A363597_485,7,Sogleich eilten die Kinder unter,Sogleich eilten die Kinder unter,The children immediately rushed under,Die kinders het dadelik ondertoe gehardloop
NL-UtHUA_A363597_486,7,Vergießung vieler Thränen zu den,Vergießung vieler Tränen zu den,Shedding of many tears for the,Baie trane gestort vir die
NL-UtHUA_A363597_487,7,"Brüdern Rose u. Kohrham̅er hin,","Brüdern Rose und Kohrhammer hin,",Brothers Rose and Kohrhammer,Broers Rose en Kohrhammer
NL-UtHUA_A363597_488,7,jedes wollte den erſten Handſchlag,jedes wollte den ersten Handschlag,Each one wanted to shake hands first.,Elkeen wou eers hande skud.
NL-UtHUA_A363597_489,7,"geben, u. die Kleinen, welche zurück","geben, und die Kleinen, welche zurück","give, and the little ones who return","gee, en die kleintjies wat terugkeer"
NL-UtHUA_A363597_490,7,"gehalten wurden, hoben beyde Hän⸗","gehalten wurden, hoben beide Hände","They were held, and both hands were raised.","Hulle is vasgehou, en albei hande is opgesteek."
NL-UtHUA_A363597_491,7,"de in die Höhe, um ſich nur zu","in die Höhe, um sich nur zu","up high, just to","hoog op, net om"
NL-UtHUA_A363597_492,7,zeigen. Man konnte es ihnen ab⸗,"zeigen. Man konnte es ihnen abfühlen,",You could sense it in them.,Jy kon dit in hulle aanvoel.
NL-UtHUA_A363597_493,7,"fühlen, daß ſie es ernſtlich mein⸗","dass sie es ernstlich meinten,","that they meant it seriously,","dat hulle dit ernstig bedoel het,"
NL-UtHUA_A363597_494,7,"ten, u. dieſer Vorgang hatte gute",und dieser Vorgang hatte gute,and this process had good results,en hierdie proses het goeie resultate opgelewer
NL-UtHUA_A363597_495,7,Fol⸗,Fol-,Fol-,Volg-
NL-UtHUA_A363597_496,7,"<pb n=""14b"" source=""NL-UtHUA_A363597_000014.jpg"" />","<pb n=""14b"" source=""NL-UtHUA_A363597_000014.jpg"" />","<pb n=""14b"" source=""NL-UtHUA_A363597_000014.jpg"" />","<pb n=""14b"" bron=""NL-UtHUA_A363597_000014.jpg"" />"
NL-UtHUA_A363597_497,7,Folgen. Wir erlebten in dieſen Ta⸗,Folgen. Wir erlebten in diesen Tagen,Consequences. We experienced in these days,Gevolge. Ons het in hierdie dae ervaar
NL-UtHUA_A363597_498,7,"gen den Schmerz, daß einer unſrer","den Schmerz, dass einer unserer",the pain that one of our,die pyn wat een van ons
NL-UtHUA_A363597_499,7,"Abendmahlsgenoſſen, deſſen untreuer","Abendmahlsgenossen, dessen untreuer","fellow communicants, whose unfaithful","mede-kommunikante, wie se ontrou"
NL-UtHUA_A363597_500,7,Sinn uns nicht ganz verborgen geblie⸗,Sinn uns nicht ganz verborgen geblieben,The meaning has not remained entirely hidden from us.,Die betekenis het nie heeltemal vir ons verborge gebly nie.
NL-UtHUA_A363597_501,7,"ben war, der aber ſeine böſen Wer⸗","war, der aber seine bösen Werke","was, but he did his evil deeds","was, maar hy het sy bose dade gedoen"
NL-UtHUA_A363597_502,7,"ke ſo im Finſtern auszuüben wußte,","so im Finstern auszuüben wusste,","so knew how to practice in the dark,","so geweet hoe om in die donker te oefen,"
NL-UtHUA_A363597_503,7,"daß wir ihm nichts beweiſen konnten,","dass wir ihm nichts beweisen konnten,","that we couldn't prove anything to him,","dat ons niks aan hom kon bewys nie,"
NL-UtHUA_A363597_504,7,"u. der, wann er von uns angeredet","und der, wann er von uns angeredet",and the one when he is addressed by us,en die een wanneer hy deur ons aangespreek word
NL-UtHUA_A363597_505,7,"wurde, alles abzuleugnen pflegte,","wurde, alles abzuleugnen pflegte,","was used to deny everything,","is gebruik om alles te ontken,"
NL-UtHUA_A363597_506,7,endlich ſo tief in offenbare Sün⸗,endlich so tief in offenbare Sünden,finally so deep into blatant sins,uiteindelik so diep in blatante sondes
NL-UtHUA_A363597_507,7,"den hineingerieth, daß er die Ge⸗","hineingeriet, dass er die Gemeinde",got caught up in the fact that he was the community,vasgevang in die feit dat hy die gemeenskap was
NL-UtHUA_A363597_508,7,meine verlaſſen mußte. Es war der,verlassen musste. Es war der,had to leave. It was the,moes vertrek. Dit was die
NL-UtHUA_A363597_509,7,"erſte Umſtand von der Art, welcher","erste Umstand von der Art, welcher",first circumstance of a kind which,eerste omstandigheid van 'n soort wat
NL-UtHUA_A363597_510,7,"hier vorkam, u. er erregte in der","hier vorkam, und er erregte in der","occurred here, and he aroused in the","het hier plaasgevind, en hy het wakker geword in die"
NL-UtHUA_A363597_511,7,ganzen Gemeine bey allen Geſchwi⸗,ganzen Gemeinde bei allen Geschwistern,"the entire community, with all brothers and sisters","die hele gemeenskap, met alle broers en susters"
NL-UtHUA_A363597_512,7,ſtern ein wehmüthiges Gefühl. Ge⸗,ein wehmütiges Gefühl. Gedachter,A wistful feeling. Thoughtful,'n Weemoedige gevoel. Bedagsaam.
NL-UtHUA_A363597_513,7,dachter Menſch hatte ſeinen Sohn,Mensch hatte seinen Sohn,Man had his son,Die man het sy seun gehad
NL-UtHUA_A363597_514,7,von ungefähr 16 Jahren mit Ge⸗,von ungefähr 16 Jahren mit Gewalt,from about 16 years of age with violence,vanaf ongeveer 16 jaar met geweld
NL-UtHUA_A363597_515,7,walt,,,
NL-UtHUA_A363597_516,7,,,,
NL-UtHUA_A363597_517,7,"<pb n=""15a"" source=""NL-UtHUA_A363597_000015.jpg"" />","<pb n=""15a"" source=""NL-UtHUA_A363597_000015.jpg"" />","<pb n=""15a"" source=""NL-UtHUA_A363597_000015.jpg"" />","<pb n=""15a"" bron=""NL-UtHUA_A363597_000015.jpg"" />"
NL-UtHUA_A363597_518,7,"malt mit ſich genoman. Allein, da","mit sich genommen. Allein, da","taken with him. Alone, since","saamgeneem. Alleen, sedert"
NL-UtHUA_A363597_519,7,"ſie ſich der Cap. Stadt näherten, ſo","sie sich der Hauptstadt näherten,","as they approached the capital,","toe hulle die hoofstad nader,"
NL-UtHUA_A363597_520,7,"ſagte der Sohn: Vater, ich kan von","sagte der Sohn: „Vater, ich kann von","The son said: “Father, I can from","Die seun het gesê: “Pa, ek kan van"
NL-UtHUA_A363597_521,7,Gott u. ſeinem Wort nicht getrent,Gott und seinem Wort nicht getrennt,God and his word are not separated,God en sy woord is nie geskei nie
NL-UtHUA_A363597_522,7,"bleiben, ich will wieder umkehren","bleiben, ich will wieder umkehren","I want to stay, I want to turn back.","Ek wil bly, ek wil omdraai."
NL-UtHUA_A363597_523,7,"u. nach Bavianskloof gehen, worauf",und nach Bavianskloof gehen.“ Worauf,and go to Bavianskloof.” To which,en gaan na Bavianskloof.” Waarop
NL-UtHUA_A363597_524,7,"der Vater erwiederte: nun, ſo gehe","der Vater erwiderte: „Nun, so gehe,","The father replied: “Well, go then,","Die pa het geantwoord: “Wel, gaan dan,"
NL-UtHUA_A363597_525,7,wohin du willſt. Am 20ten kamen,wohin du willst.“ Am 20. kamen,wherever you want to go.” On the 20th they arrived,waarheen jy ook al wil gaan.” Op die 20ste het hulle aangekom
NL-UtHUA_A363597_526,7,abermals mehrere Hottentotten Fa⸗,"abermals mehrere Hottentotten-Familien,","several Hottentot families again,","verskeie Hottentot-families weer,"
NL-UtHUA_A363597_527,8,"milien, die größtentheils ſchon ſonſt",die größtenteils schon sonst,which mostly already otherwise,wat meestal reeds andersins
NL-UtHUA_A363597_528,8,"hier gewohnt haben, zu uns von dem","hier gewohnt haben, von dem",lived here,hier gewoon
NL-UtHUA_A363597_529,8,Camp zu uns zurück. Sie erhielten,Camp zu uns zurück. Sie erhielten,Camp returned to us. They received,Kamp het na ons teruggekeer. Hulle het ontvang
NL-UtHUA_A363597_530,8,auf ihre Bitte gegen das Verſprechen,"auf ihre Bitte gegen das Versprechen,","at her request against the promise,","op haar versoek teen die belofte,"
NL-UtHUA_A363597_531,8,"unſre Ordnungen zu befolgen, die","unsere Ordnungen zu befolgen, die","to follow our rules, which","om ons reëls te volg, wat"
NL-UtHUA_A363597_532,8,Erlaubniß hier zu bleiben. So willig,"Erlaubnis, hier zu bleiben. So willig",Permission to stay here. So willing.,Toestemming om hier te bly. So gewillig.
NL-UtHUA_A363597_533,8,"dieſe Leute auch ſind, oberwähntes","diese Leute auch sind, oberwähntes",These people are also the aforementioned,Hierdie mense is ook die voorgenoemde
NL-UtHUA_A363597_534,8,Verſprechen mit dem Handſchlag zu,Versprechen mit dem Handschlag zu,Promises made with a handshake,Beloftes gemaak met 'n handdruk
NL-UtHUA_A363597_535,8,"bekräftigen, ſo ſind wir ihretwegen","bekräftigen, so sind wir ihretwegen","to affirm, that is why we are here","om te bevestig, daarom is ons hier"
NL-UtHUA_A363597_536,8,doch,doch,but,maar
NL-UtHUA_A363597_537,8,"<pb n=""15b"" source=""NL-UtHUA_A363597_000015.jpg"" />","<pb n=""15b"" source=""NL-UtHUA_A363597_000015.jpg"" />","<pb n=""15b"" source=""NL-UtHUA_A363597_000015.jpg"" />","<pb n=""15b"" bron=""NL-UtHUA_A363597_000015.jpg"" />"
NL-UtHUA_A363597_538,8,"doch oft in Verlegenheit, weil mehre⸗","doch oft in Verlegenheit, weil mehrere",but often embarrassed because several,maar dikwels verleë omdat verskeie
NL-UtHUA_A363597_539,8,re von ihnen 6 bis 7 Jahre lang unſ⸗,von ihnen sechs bis sieben Jahre lang unserer,of them six to seven years of ours,van hulle ses tot sewe jaar van ons s'n
NL-UtHUA_A363597_540,8,"rer Pflege beraubt geweſen ſind,","Pflege beraubt gewesen sind,","have been deprived of care,","van sorg ontneem is,"
NL-UtHUA_A363597_541,8,"in welcher Zeit ſich alles das, was","in welcher Zeit sich alles das, was",in what timeframe all of this happened,in watter tydsbestek het dit alles gebeur
NL-UtHUA_A363597_542,8,ſie aus dem Worte Gottes gelernt,sie aus dem Worte Gottes gelernt,they learned from the word of God,hulle het uit die woord van God geleer
NL-UtHUA_A363597_543,8,"hatten, aus ihrem Gedächtniß u. aus","hatten, aus ihrem Gedächtnis und aus","had, from their memory and from","gehad, uit hul geheue en uit"
NL-UtHUA_A363597_544,8,ihrem Herzen wieder verloren hat.,ihrem Herzen wieder verloren hat.,lost her heart again.,weer haar hart verloor.
NL-UtHUA_A363597_545,8,Am 25ten entſchlief eine verwithwe⸗,Am 25. entschlief eine verwitwete,"On the 25th, a widowed woman passed away.",Op die 25ste is 'n weduwee oorlede.
NL-UtHUA_A363597_546,8,"te Schweſter, welche ſeit dem Jahre","Schwester, welche seit dem Jahre","sister, who since the year","suster, wat sedert die jaar"
NL-UtHUA_A363597_547,8,1799 eine Abendmahlsgenoßin war.,1799 eine Abendmahlsgenossin war.,She was a fellow communicant in 1799.,Sy was 'n mede-kommunikant in 1799.
NL-UtHUA_A363597_548,8,Sie hat ſich unter uns als eine wahre,Sie hat sich unter uns als eine wahre,She has proven herself among us to be a true,Sy het haarself onder ons bewys as 'n ware
NL-UtHUA_A363597_549,8,Schweſter bewieſen welche durch ihre,"Schwester erwiesen, welche durch ihre","sister proved, which through her","suster bewys, wat deur haar"
NL-UtHUA_A363597_550,8,"ungeheuchelte Liebe zum Heiland,","ungeheuchelte Liebe zum Heiland,","unfeigned love for the Savior,","ongeveinsde liefde vir die Verlosser,"
NL-UtHUA_A363597_551,8,durch ihr redliches Betragen gegen,durch ihr redliches Betragen gegen,through their honest conduct against,deur hul eerlike optrede teen
NL-UtHUA_A363597_552,8,jederman u. durch ihre ausharrende,jedermann und durch ihre ausharrende,everyone and through their perseverance,almal en deur hul deursettingsvermoë
NL-UtHUA_A363597_553,8,Geduld in ihrer langwierigen u. ſchmerz⸗,Geduld in ihrer langwierigen und schmerzlichen,Patience in its lengthy and painful,Geduld in sy lang en pynlike
NL-UtHUA_A363597_554,8,lichen Krankheit andern zur Erbau⸗,Krankheit anderen zur Erbauung,Illness for the edification of others,Siekte vir die opbouing van ander
NL-UtHUA_A363597_555,8,ung u. zum Segen war. Sie hatte,und zum Segen war. Sie hatte,and was a blessing. She had,en was 'n seën. Sy het
NL-UtHUA_A363597_556,8,vor,vor,before,voor
NL-UtHUA_A363597_557,8,"<pb n=""16a"" source=""NL-UtHUA_A363597_000016.jpg"" />","<pb n=""16a"" source=""NL-UtHUA_A363597_000016.jpg"" />","<pb n=""16a"" source=""NL-UtHUA_A363597_000016.jpg"" />","<pb n=""16a"" bron=""NL-UtHUA_A363597_000016.jpg"" />"
NL-UtHUA_A363597_558,8,vor mehr als 6 Jahren mit bloßen,vor mehr als sechs Jahren mit bloßen,more than six years ago with mere,meer as ses jaar gelede met blote
NL-UtHUA_A363597_559,8,Füßen auf das Gerippe einer Schlan⸗,Füßen auf das Gerippe einer Schlange,feet on the skeleton of a snake,voete op die geraamte van 'n slang
NL-UtHUA_A363597_560,8,"ge getreten, u. bey der Gelegenheit",getreten und bei der Gelegenheit,kicked and on that occasion,geskop en by daardie geleentheid
NL-UtHUA_A363597_561,8,eine wie es ſchien unbedeutende Ver⸗,"eine, wie es schien, unbedeutende Verletzung",an injury that seemed insignificant,'n besering wat onbeduidend gelyk het
NL-UtHUA_A363597_562,8,letzung bekomen. Allein das Gift,bekommen. Allein das Gift,received the poison alone,het die gif alleen ontvang
NL-UtHUA_A363597_563,8,war denoch in den Körper gedrun⸗,war dennoch in den Körper gedrungen,It had nevertheless penetrated the body.,Dit het nietemin die liggaam binnegedring.
NL-UtHUA_A363597_564,8,"gen, u. hatte aller angewandten Ge⸗",und hatte aller angewandten Gegenmittel,and had all applied antidotes,en het almal teenmiddels toegepas
NL-UtHUA_A363597_565,8,"genmittel ungeachtet die Folge, daß","ungeachtet die Folge, dass",regardless of the consequence that,ongeag die gevolg daarvan
NL-UtHUA_A363597_566,8,ſie nach u. nach mehrere Glieder,sie nach und nach mehrere Glieder,they gradually several limbs,hulle geleidelik verskeie ledemate
NL-UtHUA_A363597_567,8,des Leibes verlor. So oft ſie wäh⸗,des Leibes verlor. So oft sie während,lost her body as often as she did during,haar liggaam so gereeld verloor soos sy gedurende
NL-UtHUA_A363597_568,8,rend dieſer Krankheit beſucht wur⸗,"dieser Krankheit besucht wurde,",this disease was visited,hierdie siekte is besoek
NL-UtHUA_A363597_569,8,"de, bezeugte ſie, daß ſie als eine","bezeugte sie, dass sie als eine",She testified that she was a,Sy het getuig dat sy 'n
NL-UtHUA_A363597_570,8,arme aber begnadigte Sünderin,"arme, aber begnadigte Sünderin",poor but pardoned sinner,arm maar begenadigde sondaar
NL-UtHUA_A363597_571,8,"zum Heiland gehe, u. daß man",zum Heiland gehe und dass man,to the Savior and that one,aan die Verlosser en daardie een
NL-UtHUA_A363597_572,8,über ſie völlig getröſtet ſeyn kön̅e.,über sie völlig getröstet sein könne.,that she could be completely comforted.,dat sy volkome vertroos kon word.
NL-UtHUA_A363597_573,8,Schon ſeit einigen Tagen hatte ſich,Schon seit einigen Tagen hatte sich,"For several days now,","Vir 'n paar dae nou al,"
NL-UtHUA_A363597_574,8,"hier das Gerücht verbreitet, daß","hier das Gerücht verbreitet, dass","Here, the rumor is being spread that",Hier word die gerug versprei dat
NL-UtHUA_A363597_575,8,der,der,the,die
NL-UtHUA_A363597_576,8,"<pb n=""16b"" source=""NL-UtHUA_A363597_000016.jpg"" />","<pb n=""16b"" source=""NL-UtHUA_A363597_000016.jpg"" />","<pb n=""16b"" source=""NL-UtHUA_A363597_000016.jpg"" />","<pb n=""16b"" bron=""NL-UtHUA_A363597_000016.jpg"" />"
NL-UtHUA_A363597_577,8,der Krieg in Europa aufs neue ausge⸗,der Krieg in Europa aufs Neue ausgebrochen,War has broken out again in Europe,Oorlog het weer in Europa uitgebreek
NL-UtHUA_A363597_578,8,"brochen ſey, u. leider erfuhren wir","sei, und leider erfuhren wir","be, and unfortunately we learned","wees, en ongelukkig het ons geleer"
NL-UtHUA_A363597_579,8,"jetzt, daß daſſelbe völlig gegründet","jetzt, dass dasselbe völlig gegründet",now that the same completely justified,nou dat dieselfde heeltemal geregverdig is
NL-UtHUA_A363597_580,8,geweſen ſey. Am 25ten traf nähm⸗,gewesen sei. Am 25. traf nämlich,"It had been. On the 25th, it happened.",Dit was. Op die 25ste het dit gebeur.
NL-UtHUA_A363597_581,8,lich der Herr Capitain Lesueur,"der Herr Kapitän Lesueur,","Captain Lesueur,","Kaptein Lesueur,"
NL-UtHUA_A363597_582,8,von dem feld-Cornet Otto beglei⸗,"von dem Feldkornett Otto begleitet,","accompanied by the field cornet Otto,","vergesel deur die veldkornet Otto,"
NL-UtHUA_A363597_583,8,tet bey uns ein. Erſterer überreich⸗,bei uns ein. Ersterer überreichte,with us. The former presented,met ons. Eersgenoemde het aangebied
NL-UtHUA_A363597_584,8,te uns eine ſchriftliche Ordre von,uns eine schriftliche Order von,send us a written order from,stuur vir ons 'n skriftelike bestelling van
NL-UtHUA_A363597_585,8,der Regierung des Inhalts: daß,der Regierung des Inhalts: dass,the government's content: that,die regering se inhoud: dat
NL-UtHUA_A363597_586,8,von dem Herrn Gouverneur,von dem Herrn Gouverneur,from the Governor,van die Goewerneur
NL-UtHUA_A363597_587,8,Janſens dem Capitain Lesueur,Jansens dem Kapitän Lesueur,Jansens to Captain Lesueur,Jansens aan Kaptein Lesueur
NL-UtHUA_A363597_588,8,"aufgetragen worden ſey, ſich nach","aufgetragen worden sei, sich nach",had been instructed to look after,was opdrag gegee om om te sien
NL-UtHUA_A363597_589,8,"unſerm Etabliſſement zu begeben,",unserem Etablissement zu begeben,to enter our establishment,om ons instansie te betree
NL-UtHUA_A363597_590,8,u. ein freywilliges Corps von,und ein freiwilliges Korps von,and a volunteer corps of,en 'n vrywilligerskorps van
NL-UtHUA_A363597_591,8,Hottentotten zum Kriegsdienſt an⸗,Hottentotten zum Kriegsdienst anzuwerben.,to recruit Hottentots for military service.,om Hottentotte vir militêre diens te werf.
NL-UtHUA_A363597_592,8,zuwerben. Dem zufolge wurden wir,Demzufolge wurden wir,"Consequently, we were",Gevolglik was ons
NL-UtHUA_A363597_593,8,"erſucht, genanten Capitain bey der","ersucht, genannten Kapitän bei der",requested the named captain to attend,het die genoemde kaptein versoek om by te woon
NL-UtHUA_A363597_594,8,Aus⸗,Aus-,Out of-,Uit-
NL-UtHUA_A363597_595,8,"<pb n=""17a"" source=""NL-UtHUA_A363597_000017.jpg"" />","<pb n=""17a"" source=""NL-UtHUA_A363597_000017.jpg"" />","<pb n=""17a"" source=""NL-UtHUA_A363597_000017.jpg"" />","<pb n=""17a"" source=""NL-UtHUA_A363597_000017.jpg"" />"
NL-UtHUA_A363597_596,8,Ausführung dieſes Auftrags nichts,Ausführung dieses Auftrags nichts,Execution of this order: nothing,Uitvoering van hierdie bevel: niks
NL-UtHUA_A363597_597,8,"in den Weg zu legen, ſondern ihn","in den Weg zu legen, sondern ihn","to put him in his way, but to put him in his way","om hom in sy pad te sit, maar om hom in sy pad te sit"
NL-UtHUA_A363597_598,8,vielmehr auf alle Art u. Weiſe da⸗,vielmehr auf alle Art und Weise dabei,rather in every way,eerder in elke opsig
NL-UtHUA_A363597_599,8,bey zu unterſtützen. Zugleich wurde,zu unterstützen. Zugleich wurde,"to support. At the same time,","om te ondersteun. Terselfdertyd,"
NL-UtHUA_A363597_600,8,"uns die Verſicherung gegeben, daß","uns die Versicherung gegeben, dass",We were given the assurance that,Ons is die versekering gegee dat
NL-UtHUA_A363597_601,8,auf die Erhaltung der von uns den,auf die Erhaltung der von uns den,on the preservation of what we have,oor die bewaring van wat ons het
NL-UtHUA_A363597_602,9,Hottentotten eingeprägten guten,Hottentotten eingeprägten guten,Hottentots imprinted good,Hottentotte goed ingeprent
NL-UtHUA_A363597_603,9,Sitten gehörig Bedacht genoman wer⸗,Sitten gehörig Bedacht genommen werden,Customs must be properly considered.,Doeane moet behoorlik in ag geneem word.
NL-UtHUA_A363597_604,9,den würde. Es wurde alſo zum,würde. Es wurde also zum,would. So it became,sou. So het dit geword
NL-UtHUA_A363597_605,9,"Schluß der Predigt bekant gemacht,","Schluss der Predigt bekannt gemacht,","The end of the sermon was announced,","Die einde van die preek is aangekondig,"
NL-UtHUA_A363597_606,9,daß alle in der Kirche befindlichen,dass alle in der Kirche befindlichen,that all those in the church,dat almal in die kerk
NL-UtHUA_A363597_607,9,"Mansperſonen hier da bleiben, u.",Mannspersonen hier dableiben und,Males stay here and,Mannetjies bly hier en
NL-UtHUA_A363597_608,9,"alle die, welche in ihren Häuſern","alle die, welche in ihren Häusern",all those who are in their homes,almal wat in hul huise is
NL-UtHUA_A363597_609,9,"wären, ſich ſogleich auf ein mit","wären, sich sogleich auf ein mit",would be to immediately focus on a with,sou wees om onmiddellik te fokus op 'n met
NL-UtHUA_A363597_610,9,der Glocke gegebnes Zeichen einfin⸗,der Glocke gegebenes Zeichen einfinden,to appear at the signal given by the bell,om te verskyn by die sein wat deur die klok gegee word
NL-UtHUA_A363597_611,9,den ſollten. Da nun alle beyſamen,sollten. Da nun alle beisammen,should. Now that everyone is together,moet. Noudat almal saam is
NL-UtHUA_A363597_612,9,"waren, ſo wurde ihnen zuerſt der","waren, so wurde ihnen zuerst der","were, they were first shown the","was, is hulle eers gewys die"
NL-UtHUA_A363597_613,9,Zweck,Zweck,Purpose,Doel
NL-UtHUA_A363597_614,9,"<pb n=""17b"" source=""NL-UtHUA_A363597_000017.jpg"" />","<pb n=""17b"" source=""NL-UtHUA_A363597_000017.jpg"" />","<pb n=""17b"" source=""NL-UtHUA_A363597_000017.jpg"" />","<pb n=""17b"" bron=""NL-UtHUA_A363597_000017.jpg"" />"
NL-UtHUA_A363597_615,9,Zweck dieſer Verſamlung durch Br.,Zweck dieser Versammlung durch Br.,The purpose of this meeting was by Br.,Die doel van hierdie vergadering was deur Br.
NL-UtHUA_A363597_616,9,"Rose dargelegt, u. darauf die Ordre",Rose dargelegt und darauf die Order,Rose explained and then the order was given,Rose het verduidelik en toe is die bevel gegee
NL-UtHUA_A363597_617,9,der Regierung durch den Herrn Capi⸗,der Regierung durch den Herrn Kapitän,the government through Captain,die regering deur Kaptein
NL-UtHUA_A363597_618,9,"tain Lesueur vorgeleſen, u. deren",Lesueur vorgelesen und deren,Reader read aloud and their,Leser lees hardop en hul
NL-UtHUA_A363597_619,9,Inhalt Satz für Satz hinlänglich er⸗,"Inhalt Satz für Satz hinlänglich erklärt,",The content is sufficiently explained sentence by sentence.,Die inhoud word sin vir sin voldoende verduidelik.
NL-UtHUA_A363597_620,9,"klärt, ſo daß ſie insgeſamt alles",sodass sie insgesamt alles,so that they all,sodat hulle almal
NL-UtHUA_A363597_621,9,verſtanden zu haben bezeugten.,verstanden zu haben bezeugten.,They testified that they had understood.,Hulle het getuig dat hulle verstaan het.
NL-UtHUA_A363597_622,9,"Zuletzt wurden ſie gebeten, über","Zuletzt wurden sie gebeten, über",They were recently asked to provide information about,Hulle is onlangs gevra om inligting te verskaf oor
NL-UtHUA_A363597_623,9,das Gehörte reiflich nachzudenken,das Gehörte reiflich nachzudenken,to think carefully about what you have heard,om deeglik te dink oor wat jy gehoor het
NL-UtHUA_A363597_624,9,u. alsdan dem Herrn Capitain ihre,und alsdann dem Herrn Kapitän ihre,and then to the Captain their,en toe aan die Kaptein hulle
NL-UtHUA_A363597_625,9,Gedanken Perſon für Perſon zu er⸗,Gedanken Person für Person zu erklären/öffnen.,To explain/open thoughts person by person.,Om gedagtes persoon vir persoon te verduidelik/oop te maak.
NL-UtHUA_A363597_626,9,klä öfnen. Niemand ſolle ſich von,Niemand solle sich von,No one should be discouraged from,Niemand moet ontmoedig word om
NL-UtHUA_A363597_627,9,"hier entfernen, ehe er ſeine Ant⸗","hier entfernen, ehe er seine Antwort",Remove here before he gives his answer,Verwyder hier voordat hy sy antwoord gee
NL-UtHUA_A363597_628,9,wort von ſich gegeben hätte. Nach,von sich gegeben hätte. Nach,had said something. After,iets gesê het. Daarna
NL-UtHUA_A363597_629,9,dem Mittageſſen ritt der feld-Cor⸗,dem Mittagessen ritt der Feldkornett,The field cornet rode into lunch.,Die veldkornet het middagete binnegery.
NL-UtHUA_A363597_630,9,"net Otto wieder nach Hauſe, dagegen","Otto wieder nach Hause, dagegen","Otto went back home, however",Otto het egter terug huis toe gegaan
NL-UtHUA_A363597_631,9,ließ der Herr Capitain den feld⸗,ließ der Herr Kapitän den Feldkornett,The Captain let the field cornet,Die Kaptein het die veldkornet laat
NL-UtHUA_A363597_632,9,Cornet Linde durch einen Expres⸗,Linde durch einen Expressen,Linde through an expressen,Linde deur 'n Expressen
NL-UtHUA_A363597_633,9,ſen,,,
NL-UtHUA_A363597_634,9,"<pb n=""18a"" source=""NL-UtHUA_A363597_000018.jpg"" />","<pb n=""18a"" source=""NL-UtHUA_A363597_000018.jpg"" />","<pb n=""18a"" source=""NL-UtHUA_A363597_000018.jpg"" />","<pb n=""18a"" bron=""NL-UtHUA_A363597_000018.jpg"" />"
NL-UtHUA_A363597_635,9,"ſen erſuchen, hieher zu komen, vermuth⸗","ersuchen, hierher zu kommen, vermutlich,","request to come here, presumably,","versoek om hierheen te kom, vermoedelik,"
NL-UtHUA_A363597_636,9,lich weil dieſer Man deßwegen unſre Leute ge⸗,weil dieser Mann deswegen unsere Leute genau,because this man is therefore exactly our people,want hierdie man is dus presies ons mense
NL-UtHUA_A363597_637,9,"nau kent, u. dem Herrn Capitain",kennt und dem Herrn Kapitän,knows and the Captain,weet en die Kaptein
NL-UtHUA_A363597_638,9,bey ſeinem Geſchäft gute Dienſte,bei seinem Geschäft gute Dienste,his business was of good service,sy besigheid was van goeie diens
NL-UtHUA_A363597_639,9,leiſten könte. Gedachter Herr Linde,leisten könnte. Gedachter Herr Linde,could afford. Imagined Mr. Linde,kon bekostig. Het mnr. Linde verbeel
NL-UtHUA_A363597_640,9,"fand ſich Tags darauf ein, u. am 27ten","fand sich tags darauf ein, und am 27.","arrived the following day, and on the 27th.","het die volgende dag aangekom, en op die 27ste."
NL-UtHUA_A363597_641,9,wurden alle hier gegenwärtigen,wurden alle hier gegenwärtigen,All those present here were,Almal wat hier teenwoordig was
NL-UtHUA_A363597_642,9,"Mansperſonen, alte u. junge, von","Mannspersonen, alte und junge, von","Men, old and young, from","Mans, oud en jonk, van"
NL-UtHUA_A363597_643,9,dem Herrn Capitain u. dem feld⸗,dem Herrn Kapitän und dem Feldkornett,the Captain and the Field Cornet,die Kaptein en die Veldkornet
NL-UtHUA_A363597_644,9,cornet Linde im Beyſeyn des,Linde im Beisein des,Linde in the presence of the,Linde in die teenwoordigheid van die
NL-UtHUA_A363597_645,9,Br. Rose um ihren Entschluß be⸗,"Br. Rose um ihren Entschluss befragt,","Br. Rose was asked about her decision,","Br. Rose is oor haar besluit gevra,"
NL-UtHUA_A363597_646,9,"fragt, da es ſich dan fand, daß","da es sich dann fand, dass",as it was then found that,soos toe bevind is dat
NL-UtHUA_A363597_647,9,"22 Mann Dienſte nahmen, unter","22 Mann Dienste nahmen, unter","22 men took up duties, under","22 mans het diens aanvaar, onder"
NL-UtHUA_A363597_648,9,"welchen ſich ein Abendmahlsgenoſſe,","welchen sich ein Abendmahlsgenosse,","which a fellow communicant,","wat 'n mede-kommunikant,"
NL-UtHUA_A363597_649,9,zwey Getaufte u. 2 Taufcandidaten,zwei Getaufte und zwei Taufkandidaten,two baptized people and two baptismal candidates,twee gedoopte persone en twee doopkandidate
NL-UtHUA_A363597_650,9,"befanden. Sie baten nur, daß für","befanden. Sie baten nur, dass für",They were found. They only asked that for,Hulle is gevind. Hulle het slegs daarvoor gevra
NL-UtHUA_A363597_651,9,den Unterhalt ihrer Weiber u. Kin⸗,"den Unterhalt ihrer Weiber und Kinder,","the upkeep of their wives and children,","die onderhoud van hul vrouens en kinders,"
NL-UtHUA_A363597_652,9,der,,,
NL-UtHUA_A363597_653,9,"<pb n=""18b"" source=""NL-UtHUA_A363597_000018.jpg"" />","<pb n=""18b"" source=""NL-UtHUA_A363597_000018.jpg"" />","<pb n=""18b"" source=""NL-UtHUA_A363597_000018.jpg"" />","<pb n=""18b"" bron=""NL-UtHUA_A363597_000018.jpg"" />"
NL-UtHUA_A363597_654,9,"der, deren Anzahl ſich auf 40 Perſonen","der, deren Anzahl sich auf 40 Personen",the number of which amounts to 40 people,waarvan die aantal 40 mense beloop
NL-UtHUA_A363597_655,9,"beläuft, geſorgt werden mögte, wo⸗","beläuft, gesorgt werden möchte, wofür","amounts to, wants to be taken care of, for which","neerkom op, wil versorg word, waarvoor"
NL-UtHUA_A363597_656,9,für ſich der Herr Capitain ge bey,sich der Herr Kapitän bei,the Captain at,die Kaptein by
NL-UtHUA_A363597_657,9,der Regierung zu verwenden ver⸗,der Regierung zu verwenden versprach.,promised to use the government.,belowe om die regering te gebruik.
NL-UtHUA_A363597_658,9,ſprach. Für uns war dieſer ganze,Für uns war dieser ganze,"For us, this whole","Vir ons, hierdie hele"
NL-UtHUA_A363597_670,9,"Vorgang ſehr unangenehm, zumal da","Vorgang sehr unangenehm, zumal da","The process is very unpleasant, especially since...","Die proses is baie onaangenaam, veral omdat..."
NL-UtHUA_A363597_671,9,"wir befürchten mußten, daß es bey","wir befürchten mussten, dass es bei",we feared that at,ons het gevrees dat by
NL-UtHUA_A363597_672,9,dieſem erſten Verſuch nicht bleiben,diesem ersten Versuch nicht bleiben,This first attempt will not be enough,Hierdie eerste poging sal nie genoeg wees nie
NL-UtHUA_A363597_673,9,"wird, weil die Regierung von un⸗","wird, weil die Regierung von unseren","will be, because the government of our","sal wees, want die regering van ons"
NL-UtHUA_A363597_674,9,ſern Getauften eine beträchtliche,Getauften eine beträchtliche,baptized a considerable,'n aansienlike doop
NL-UtHUA_A363597_675,9,Anzahl zuverläßiger Leute zu be⸗,Anzahl zuverlässiger Leute zu bekommen,To get a number of reliable people,Om 'n aantal betroubare mense te kry
NL-UtHUA_A363597_676,9,"komen wünſcht, welche bey dem Corps","wünscht, welche bei dem Korps","wishes, which in the corps","wense, wat in die korps"
NL-UtHUA_A363597_677,9,der Hottentotten als Unter-Offi⸗,der Hottentotten als Unteroffiziere,the Hottentots as non-commissioned officers,die Hottentotte as onderoffisiere
NL-UtHUA_A363597_678,9,cierer angeſtellt werden könten. Wir,angestellt werden könnten. Wir,could be employed. We,kon in diens geneem word. Ons
NL-UtHUA_A363597_679,9,thaten unſrerſeits alles Mögliche,"taten unsererseits alles Mögliche,","We did everything possible on our part,","Ons het alles moontlik van ons kant af gedoen,"
NL-UtHUA_A363597_681,9,um die Regierung zu überzeugen,"um die Regierung zu überzeugen,","to convince the government,","om die regering te oortuig,"
NL-UtHUA_A363597_682,9,daß,dass,that,daardie
NL-UtHUA_A363597_683,9,"<pb n=""19a"" source=""NL-UtHUA_A363597_000019.jpg"" />","<pb n=""19a"" source=""NL-UtHUA_A363597_000019.jpg"" />","<pb n=""19a"" source=""NL-UtHUA_A363597_000019.jpg"" />","<pb n=""19a"" bron=""NL-UtHUA_A363597_000019.jpg"" />"
NL-UtHUA_A363597_684,9,daß wir ihrer Abſicht nicht hinderlich,dass wir ihrer Absicht nicht hinderlich,that we do not hinder their intention,dat ons nie hul voorneme belemmer nie
NL-UtHUA_A363597_685,9,ſeyn wollen. Zu unſrer Sicherheit,sein wollen. Zu unserer Sicherheit,want to be. For our safety,wil wees. Vir ons veiligheid
NL-UtHUA_A363597_686,9,hatte Br. Rose alles was vorgekomen,"hatte Br. Rose alles, was vorgekommen",Brother Rose had everything that had happened.,Broer Rose het alles gehad wat gebeur het.
NL-UtHUA_A363597_687,9,"war, niedergeſchrieben, u. dieſer Auf⸗","war, niedergeschrieben, und dieser Aufsatz","was written down, and this essay","is neergeskryf, en hierdie opstel"
NL-UtHUA_A363597_688,9,ſatz wurde von den Herren Lesueur,wurde von den Herren Lesueur,was by Messrs. Lesueur,was deur mnre. Lesueur
NL-UtHUA_A363597_689,10,u. Linde auf unſre Bitte durch,und Linde auf unsere Bitte durch,and Linden at our request through,en Linden op ons versoek deur
NL-UtHUA_A363597_690,10,ihre Namens-Unterſchrift beſtä⸗,ihre Namensunterschrift bestätigt.,her signature confirms.,haar handtekening bevestig.
NL-UtHUA_A363597_691,10,tigt. In den folgenden Tagen reiſten,In den folgenden Tagen reisten,In the following days they travelled,In die volgende dae het hulle gereis
NL-UtHUA_A363597_692,10,ge dieſe Herren jeder mit einem,"diese Herren, jeder mit einem","these gentlemen, each with a","hierdie here, elkeen met 'n"
NL-UtHUA_A363597_693,10,Theile der angeworbenen Hotten,"Teile der angeworbenen Hottentotten,","Parts of the recruited Hottentots,","Dele van die gewerfde Hottentotte,"
NL-UtHUA_A363597_694,10,totten von hier ab. Wir entließen,von hier ab. Wir entließen,from here. We dismissed,van hier af. Ons het ontslaan
NL-UtHUA_A363597_695,10,die letztern mit herzlichen Ermahnun⸗,die Letzteren mit herzlichen Ermahnungen,the latter with heartfelt admonitions,laasgenoemde met hartlike vermanings
NL-UtHUA_A363597_696,10,gen in Hinſicht auf ihren nunmeh⸗,hinsichtlich ihres nunmehrigen,regarding their current,rakende hul huidige
NL-UtHUA_A363597_697,10,"rigen Stand u. Beruf, u. mit der Bit⸗","Standes und Berufs und mit der Bitte,","of rank and profession and with the request,","van rang en beroep en met die versoek,"
NL-UtHUA_A363597_698,10,"te, den Unterricht, welchen ſie von uns","den Unterricht, welchen sie von uns",the lessons they receive from us,die lesse wat hulle van ons ontvang
NL-UtHUA_A363597_699,10,aus Gottes Wort empfangen hätten,"aus Gottes Wort empfangen hätten,",had received from God's word,uit God se woord ontvang het
NL-UtHUA_A363597_700,10,"nicht aus den Augen zu ſetzen, u. dem",nicht aus den Augen zu setzen und demsel-,not to lose sight of and the same-,om nie uit die oog te verloor nie en dieselfde-
NL-UtHUA_A363597_701,10,ſel⸗,,,
NL-UtHUA_A363597_702,10,"<pb n=""19b"" source=""NL-UtHUA_A363597_000019.jpg"" />","<pb n=""19b"" source=""NL-UtHUA_A363597_000019.jpg"" />","<pb n=""19b"" source=""NL-UtHUA_A363597_000019.jpg"" />","<pb n=""19b"" bron=""NL-UtHUA_A363597_000019.jpg"" />"
NL-UtHUA_A363597_703,10,ſelben gemäß zu wandeln. Viel nah⸗,selben gemäß zu wandeln. Viele nahmen,to convert accordingly. Many took,om dienooreenkomstig te bekeer. Baie het geneem
NL-UtHUA_A363597_704,10,"men mit thränenden Augen Abſchied,","mit tränenden Augen Abschied,","Farewell with tearful eyes,","Vaarwel met tranerige oë,"
NL-UtHUA_A363597_705,10,u. bey dieſem Anblick wurden auch wir,und bei diesem Anblick wurden auch wir,and at this sight we too,en by hierdie gesig ons ook
NL-UtHUA_A363597_706,10,"ſo gerührt, daß wir für uns in die","so gerührt, dass wir für uns in die",so moved that we went into the,so ontroer dat ons ingegaan het in die
NL-UtHUA_A363597_707,10,"Stille gehen mußten, um den Thrä⸗","Stille gehen mussten, um den Tränen",Silence had to pass to express the tears,Stilte moes verbygaan om die trane uit te druk
NL-UtHUA_A363597_708,10,nen freyen Lauf zu laßen. Um,freien Lauf zu lassen. Um,to give free rein. In order to,om vrye teuels te gee. Om te
NL-UtHUA_A363597_709,10,von unſrer Seite zum Beſten die⸗,von unserer Seite zum Besten dieser,from our side for the best of this,van ons kant af vir die beste hiervan
NL-UtHUA_A363597_710,10,"ſer Hottentotten alles zu thun,","Hottentotten alles zu tun,","Hottentots to do everything,","Hottentotte om alles te doen,"
NL-UtHUA_A363597_711,10,"was in unſrem Vermögen ſteht,","was in unserem Vermögen steht,","what is in our assets,","wat in ons bates is,"
NL-UtHUA_A363597_712,10,hatte Br. Rose an den Herrn,hatte Br. Rose an den Herrn,Brother Rose had addressed the Lord,Broer Rose het die Here aangespreek
NL-UtHUA_A363597_713,10,Gouverneur Janſens einen Brief,Gouverneur Jansens einen Brief,Governor Jansen wrote a letter,Goewerneur Jansen het 'n brief geskryf
NL-UtHUA_A363597_714,10,"geſchrieben, worin er demſelben zu","geschrieben, worin er demselben zu","written, in which he addressed the same","geskryf, waarin hy dieselfde aangespreek het"
NL-UtHUA_A363597_715,10,ſeiner Rükkunft aus dem Caf⸗,seiner Rückkunft aus dem Kaffern-Lande,his return from the land of Kaffir,sy terugkeer uit die land van Kaffer
NL-UtHUA_A363597_716,10,"fern-Lande Glück wünſchte, u.",Glück wünschte und,wished luck and,gelukgewens en
NL-UtHUA_A363597_717,10,dan die zurückgelaſſnen Frauen,dann die zurückgelassenen Frauen,then the women left behind,toe het die vroue agtergebly
NL-UtHUA_A363597_718,10,"u. Kinder derer Hottentotten,","und Kinder der Hottentotten,","and children of the Hottentots,","en kinders van die Hottentotte,"
NL-UtHUA_A363597_719,10,die freywillig Dienſte genoman,die freiwillig Dienste genommen,the voluntary services taken,die vrywillige dienste wat geneem is
NL-UtHUA_A363597_720,10,ha⸗,ha-,Ha-,Ha-
NL-UtHUA_A363597_721,10,"<pb n=""20a"" source=""NL-UtHUA_A363597_000020.jpg"" />","<pb n=""20a"" source=""NL-UtHUA_A363597_000020.jpg"" />","<pb n=""20a"" source=""NL-UtHUA_A363597_000020.jpg"" />","<pb n=""20a"" bron=""NL-UtHUA_A363597_000020.jpg"" />"
NL-UtHUA_A363597_722,10,"haben, ſo u. die nun ganz ohne Ver⸗","haben, so und die nun ganz ohne Versorgung","have, and now they are completely without care","het, en nou is hulle heeltemal sonder sorg"
NL-UtHUA_A363597_723,10,"ſorgung ſind, ſeiner Mildthätigkeit","sind, seiner Mildtätigkeit","are, his charity","is, sy liefdadigheid"
NL-UtHUA_A363597_724,10,u. Fürſorge auf das angelegentlich⸗,und Fürsorge auf das angelegentlichste,and care to the utmost diligence,en sorg tot die uiterste ywer
NL-UtHUA_A363597_725,10,ſte empfahl. — Am 4ten October,empfahl. — Am 4. Oktober,recommended. — On October 4th,aanbeveel. — Op 4 Oktober
NL-UtHUA_A363597_726,10,erzählte uns eine von unſern Hotten,"erzählte uns eine von unseren Hottentotten-Schwestern,","one of our Hottentot sisters told us,","Een van ons Hottentot-susters het vir ons gesê,"
NL-UtHUA_A363597_727,10,"totten-Schweſtern, daß die Frau des",dass die Frau des,that the wife of the,dat die vrou van die
NL-UtHUA_A363597_728,10,"feldcornet Otto, welche tödtlich krank","Feldkornett Otto, welche tödlich krank","Field Cornet Otto, who is terminally ill","Veldkornet Otto, wat terminaal siek is"
NL-UtHUA_A363597_729,10,"darnieder liegt, ſich mit ihr über ih⸗","darniederliegt, sich mit ihr über ihren","lying prostrate, talking to her about her","lê uitgestrek, praat met haar oor haar"
NL-UtHUA_A363597_730,10,ren Seelenzuſtand unterredet habe.,Seelenzustand unterredet habe.,I discussed my state of mind.,Ek het my gemoedstoestand bespreek.
NL-UtHUA_A363597_731,10,Erwähnte Schweſter hatte bey der,Erwähnte Schwester hatte bei der,The sister mentioned had been at the,"Die suster wat genoem word, was by die"
NL-UtHUA_A363597_732,10,"Gelegenheit bezeugt, daß der Tod Jeſu","Gelegenheit bezeugt, dass der Tod Jesu",The occasion testifies that the death of Jesus,Die geleentheid getuig dat die dood van Jesus
NL-UtHUA_A363597_733,10,die alleinige Urſache unſrer Selig⸗,"die alleinige Ursache unserer Seligkeit,","the sole cause of our salvation,","die enigste oorsaak van ons verlossing,"
NL-UtHUA_A363597_734,10,"keit, unſer einziger Troſt im Leben",unser einziger Trost im Leben,our only comfort in life,ons enigste troos in die lewe
NL-UtHUA_A363597_735,10,u. im Sterben ſey. Bey dem Spre⸗,und im Sterben sei. Bei dem Sprechen,and was dying. While speaking,en was besig om te sterf. Terwyl hy gepraat het
NL-UtHUA_A363597_736,10,chen der Communicanten zum heiligen,der Kommunikanten zum heiligen,of the communicants to the holy,van die nagmaalgangers aan die heilige
NL-UtHUA_A363597_737,10,Abendmahl ſagte einer derſelben:,Abendmahl sagte einer derselben:,"At the Last Supper, one of them said:",By die Laaste Avondmaal het een van hulle gesê:
NL-UtHUA_A363597_738,10,"mein Herz iſt noch voll von dem, was","„Mein Herz ist noch voll von dem, was","""My heart is still full of what","""My hart is steeds vol van wat"
NL-UtHUA_A363597_739,10,mich,mich,me,my
NL-UtHUA_A363597_740,10,"<pb n=""20b"" source=""NL-UtHUA_A363597_000020.jpg"" />","<pb n=""20b"" source=""NL-UtHUA_A363597_000020.jpg"" />","<pb n=""20b"" source=""NL-UtHUA_A363597_000020.jpg"" />","<pb n=""20b"" source=""NL-UtHUA_A363597_000020.jpg"" />"
NL-UtHUA_A363597_741,10,mich der Heiland bey dem vorigen A⸗,mich der Heiland bei dem vorigen Abendmahl,The Savior told me at the previous Last Supper,Die Verlosser het my by die vorige Laaste Avondmaal gesê
NL-UtHUA_A363597_742,10,"bendmahl hat genießen laßen, u. nun","hat genießen lassen, und nun","has let us enjoy it, and now","het ons dit laat geniet, en nou"
NL-UtHUA_A363597_743,10,"werde ich wieder gerufen; ich armer,","werde ich wieder gerufen; ich Armer,","I will be called again; poor me,","Ek sal weer geroep word; arme ek,"
NL-UtHUA_A363597_744,10,was ſoll ich ſagen? ich möchte mich,was soll ich sagen? Ich möchte mich,What can I say? I would like to,Wat kan ek sê? Ek wil graag
NL-UtHUA_A363597_745,10,"lieber verſtecken, als mich ſehen laßen","lieber verstecken, als mich sehen lassen",I'd rather hide than be seen,Ek verkies om weg te kruip as om gesien te word
NL-UtHUA_A363597_746,10,"vor einem ſo guten Herrn, als mein","vor einem so guten Herrn, als mein",before such a good gentleman as my,voor so 'n goeie heer soos myne
NL-UtHUA_A363597_747,10,Heiland iſt. Ein andrer ſagte: ich ha⸗,Heiland ist.“ Ein anderer sagte: „Ich habe,“Savior is.” Another said: “I have,“Verlosser is.” ’n Ander het gesê: “Ek het
NL-UtHUA_A363597_748,10,be ſo vielen Beſuch in meinem Her⸗,"so vielen Besuch in meinem Herzen,","so many visits to my heart,","soveel besoeke aan my hart,"
NL-UtHUA_A363597_749,10,"zen, daß ich mir keinen Rath mehr",dass ich mir keinen Rat mehr,that I can't find any more advice,dat ek geen verdere raad kan kry nie
NL-UtHUA_A363597_751,10,"weiß. Auf die Frage, worin dieſer","weiß.“ Auf die Frage, worin dieser","""knows."" When asked what this","""weet."" Toe gevra word wat dit is"
NL-UtHUA_A363597_752,10,"Beſuch beſtehe, erwiederte er: in lau⸗","Besuch bestehe, erwiderte er: „In lauter","""There was a visit,"" he replied: ""In all","“Daar was ’n besoek,” het hy geantwoord: “In totaal"
NL-UtHUA_A363597_753,10,"ter Sorgen für meinen Leib, worü⸗","Sorgen für meinen Leib, worüber","Worries about my body, about which","Bekommernisse oor my liggaam, waaroor"
NL-UtHUA_A363597_754,10,ber ich die arme Seele vergeße. Ich,ich die arme Seele vergesse. Ich,I forget the poor soul. I,Ek vergeet die arme siel. Ek
NL-UtHUA_A363597_755,10,"merke wohl, daß der Feind meiner","merke wohl, dass der Feind meiner",I should note that the enemy of my,Ek moet daarop let dat die vyand van my
NL-UtHUA_A363597_756,10,Seele mir meinen Glauben dunkel,Seele mir meinen Glauben dunkel,"My soul, my faith, darkens","My siel, my geloof, verduister"
NL-UtHUA_A363597_757,10,"machen will, aber mein Herz ſchreit","machen will, aber mein Herz schreit","I want to do it, but my heart is screaming","Ek wil dit doen, maar my hart skree"
NL-UtHUA_A363597_758,10,"zum Heiland um Hülfe, u. der wird","zum Heiland um Hilfe, und der wird","to the Savior for help, and he will","na die Verlosser vir hulp, en Hy sal"
NL-UtHUA_A363597_759,10,ſein,sein,be,wees
NL-UtHUA_A363597_760,10,"<pb n=""21a"" source=""NL-UtHUA_A363597_000021.jpg"" />","<pb n=""21a"" source=""NL-UtHUA_A363597_000021.jpg"" />","<pb n=""21a"" source=""NL-UtHUA_A363597_000021.jpg"" />","<pb n=""21a"" source=""NL-UtHUA_A363597_000021.jpg"" />"
NL-UtHUA_A363597_761,10,ſein Kind nicht im Stich laßen. Am,sein Kind nicht im Stich lassen.“ Am,"""Don't let your child down."" On","""Moenie jou kind teleurstel nie."""
NL-UtHUA_A363597_762,10,15t u. 16t hatten wir Beſuch von,15. und 16. hatten wir Besuch von,On the 15th and 16th we had visitors from,Op die 15de en 16de het ons besoekers gehad van
NL-UtHUA_A363597_763,10,mehrern Herrn u. Damen aus der,mehreren Herren und Damen aus der,several men and women from,verskeie mans en vroue van
NL-UtHUA_A363597_764,10,"Cap-Stadt, welche ſich bey uns um⸗","Kapstadt, welche sich bei uns umsahen","Cape Town, who were looking around at our place","Kaapstad, wat rondgekyk het na ons plek"
NL-UtHUA_A363597_765,11,ſahen u. auch den Verſamlungen bey⸗,und auch den Versammlungen beiwohnten.,and also attended the meetings.,en het ook die vergaderings bygewoon.
NL-UtHUA_A363597_766,11,wohnten. Es befanden ſich unter den⸗,Es befanden sich unter denselben,They were among the same,Hulle was onder dieselfde
NL-UtHUA_A363597_767,11,ſelben ein Herr van Oudtshoorn,ein Herr van Oudtshoorn,a Mr. van Oudtshoorn,'n Mnr. van Oudtshoorn
NL-UtHUA_A363597_768,11,u. ein däniſcher Schifs⸗Capitain,und ein dänischer Schiffs-Kapitän,and a Danish ship's captain,en 'n Deense skip se kaptein
NL-UtHUA_A363597_769,11,Namens Sönnigsen. An letzterm,Namens Sönnigsen. Am letzteren,Named Sönnigsen. At the latter,Genaamd Sönnigsen. By laasgenoemde
NL-UtHUA_A363597_770,11,Tage kam auch der feldcornet Linde,Tage kam auch der Feldkornett Linde,The field cornet Linde also came a few days ago.,Die veldkornet Linde het ook 'n paar dae gelede gekom.
NL-UtHUA_A363597_771,11,in Begleitung eines andern Herrn,in Begleitung eines anderen Herrn,accompanied by another gentleman,vergesel deur 'n ander heer
NL-UtHUA_A363597_772,11,"hier an, u. überbrachte uns eine",hier an und überbrachte uns eine,arrived here and delivered a,hier aangekom en afgelewer 'n
NL-UtHUA_A363597_773,11,ſchriftliche Ordre des Gouverneurs,"schriftliche Order des Gouverneurs,","written order from the governor,","skriftelike bevel van die goewerneur,"
NL-UtHUA_A363597_774,11,"welche dahin lautete, daß gedachter","welche dahin lautete, dass gedachter",which was that the imagined,wat was dat die verbeelde
NL-UtHUA_A363597_775,11,Cornet wo möglich alle ledigen,Kornett wo möglich alle ledigen,"Cornet, where possible all single people","Kornet, waar moontlik alle enkellopendes"
NL-UtHUA_A363597_776,11,Mansleute als Freywillige anzuwer⸗,Mannsleute als Freiwillige anzuwerben,to recruit men as volunteers,om mans as vrywilligers te werf
NL-UtHUA_A363597_777,11,ben ſuchen ſolle. Es wurde sogleich,suchen solle. Es wurde sogleich,should search. It was immediately,moet soek. Dit was dadelik
NL-UtHUA_A363597_778,11,"die Veranſtaltung getroffen, daß","die Veranstaltung getroffen, dass",the event was held so that,die geleentheid is so gehou dat
NL-UtHUA_A363597_779,11,alle,alle,all,almal
NL-UtHUA_A363597_780,11,"<pb n=""21b"" source=""NL-UtHUA_A363597_000021.jpg"" />","<pb n=""21b"" source=""NL-UtHUA_A363597_000021.jpg"" />","<pb n=""21b"" source=""NL-UtHUA_A363597_000021.jpg"" />","<pb n=""21b"" bron=""NL-UtHUA_A363597_000021.jpg"" />"
NL-UtHUA_A363597_781,11,"alle Mansperſonen, Verheirathete","Mannspersonen, Verheiratete","Males, married people","Mans, getroude mense"
NL-UtHUA_A363597_782,11,u. Unverheirathete dem Herrn Linde,"und Unverheiratete, dem Herrn Linde","and unmarried people, to Mr. Linde","en ongetroude mense, aan mnr. Linde"
NL-UtHUA_A363597_783,11,vorgeſtellt wurden. Da aber auf die,vorgestellt wurden. Da aber diesmal,were presented. But this time,aangebied is. Maar hierdie keer
NL-UtHUA_A363597_784,11,ſemal ausdrücklich nur Freywillige,ausdrücklich nur Freiwillige,explicitly only volunteers,uitdruklik slegs vrywilligers
NL-UtHUA_A363597_785,11,"verlangt wurden, u. es alſo dem",verlangt wurden und es also dem,were demanded and therefore it was the,is geëis en daarom was dit die
NL-UtHUA_A363597_786,11,eignen Belieben der Hottentotten,eigenen Belieben der Hottentotten,at the Hottentots' own discretion,na goeddunke van die Hottentotte
NL-UtHUA_A363597_787,11,"überlaßen werden mußte, ob ſie ſich","überlassen werden musste, ob sie sich",It had to be left to decide whether they,Dit moes oorgelaat word om te besluit of hulle
NL-UtHUA_A363597_788,11,"wollten anwerben laßen oder nicht,","wollten anwerben lassen oder nicht,","whether they wanted to be recruited or not,","of hulle nou gewerf wou word of nie,"
NL-UtHUA_A363597_789,11,ſo fand ſich aller Verſprechungen un,so fand sich aller Versprechungen ungeachtet,"Thus, despite all promises, it was found","Dus, ten spyte van alle beloftes, is dit gevind"
NL-UtHUA_A363597_790,11,"geachtet keiner angeregt, Dienſte zu","keiner angeregt, Dienste zu",no one suggested providing services,niemand het voorgestel om dienste te lewer nie
NL-UtHUA_A363597_791,11,"nehmen. Alle erklärten ſich dahin, daß","nehmen. Alle erklärten sich dahin, dass",take. Everyone declared that,neem. Almal het verklaar dat
NL-UtHUA_A363597_792,11,"ſie willig wären, ſobald der Noth⸗","sie willig wären, sobald der Notschuss",they would be willing as soon as the emergency shot,hulle sou gewillig wees sodra die noodskoot
NL-UtHUA_A363597_793,11,"schuß geſchähe, den Landesgeſetzen","geschähe, den Landesgesetzen","would happen, according to state laws","sou gebeur, volgens staatswette"
NL-UtHUA_A363597_794,11,"gemäß, Mann für Mann zur Ver⸗","gemäß, Mann für Mann zur Verteidigung","according to, man for man in defense","volgens, man vir man in verdediging"
NL-UtHUA_A363597_795,11,theidigung des Landes auszumarſchi⸗,des Landes auszumarschieren.,to march out of the country.,om uit die land te marsjeer.
NL-UtHUA_A363597_796,11,ren. Zuletzt wurden die Namen,Zuletzt wurden die Namen,The names were last,Die name was laaste
NL-UtHUA_A363597_797,11,aller dienſtfähigen jungen Leute,aller dienstfähigen jungen Leute,all able-bodied young men,alle jong mans wat fiks is
NL-UtHUA_A363597_798,11,aufgeſchrieben u. die Liſte derſel⸗,aufgeschrieben und die Liste derselben,written down and the list of the same,neergeskryf en die lys van dieselfde
NL-UtHUA_A363597_799,11,ben der Regierung zugeſchickt. Je,der Regierung zugeschickt. Je,sent to the government. Each,gestuur na die regering. Elkeen
NL-UtHUA_A363597_800,11,mehr,mehr,more,meer
NL-UtHUA_A363597_801,11,,,,
NL-UtHUA_A363597_802,11,"<pb n=""22a"" source=""NL-UtHUA_A363597_000022.jpg"" />","<pb n=""22a"" source=""NL-UtHUA_A363597_000022.jpg"" />","<pb n=""22a"" source=""NL-UtHUA_A363597_000022.jpg"" />","<pb n=""22a"" bron=""NL-UtHUA_A363597_000022.jpg"" />"
NL-UtHUA_A363597_803,11,"mehr wir ſahen, welches Vertrauen die","mehr wir sahen, welches Vertrauen die","The more we saw, the more trust the","Hoe meer ons gesien het, hoe meer vertroue het ons"
NL-UtHUA_A363597_804,11,"Regierung in unſre Leute ſetzt, u. wie",Regierung in unsere Leute setzt und wie,The government puts its faith in our people and how,Die regering plaas sy vertroue in ons mense en hoe
NL-UtHUA_A363597_805,11,"ſehr ſie wünſcht, recht viele derſel⸗","sehr sie wünscht, recht viele derselben","She very much wishes, quite a few of the same.","Sy wens baie graag, heelwat van dieselfde."
NL-UtHUA_A363597_806,11,"ben in ihren Dienſt zu bekomen, de⸗","in ihren Dienst zu bekommen, desto",the more they can be brought into their service,hoe meer hulle in hul diens gebring kan word
NL-UtHUA_A363597_807,11,ſto mehr befinden wir uns in Verle⸗,"mehr befinden wir uns in Verlegenheit,",We are more embarrassed than ever.,Ons is meer verleë as ooit tevore.
NL-UtHUA_A363597_808,11,"genheit, u. wir ſetzen unſre Hofnung",und wir setzen unsere Hoffnung,and we place our hope,en ons plaas ons hoop
NL-UtHUA_A363597_809,11,"allein auf den Beyſtand des Heilands,","allein auf den Beistand des Heilands,","relying solely on the help of the Savior,","alleenlik staatmaak op die hulp van die Verlosser,"
NL-UtHUA_A363597_810,11,dem wir uns u. unſre Hottentot⸗,dem wir uns und unsere Hottentotten,to whom we and our Hottentots,aan wie ons en ons Hottentotte
NL-UtHUA_A363597_811,11,ten angelegentlich empfahlen.,angelegentlich empfahlen.,highly recommended.,hoogs aanbeveel.
NL-UtHUA_A363597_812,11,Am 30ten Oct. erhielten wir ein,Am 30. Oktober erhielten wir ein,On October 30th we received a,Op 30 Oktober het ons 'n
NL-UtHUA_A363597_813,11,ſehr freundſchaftliches Schreiben,sehr freundschaftliches Schreiben,very friendly letter,baie vriendelike brief
NL-UtHUA_A363597_814,11,von dem Herrn Gouverneur Jan⸗,"von dem Herrn Gouverneur Jansen,","from Governor Jansen,","van Goewerneur Jansen,"
NL-UtHUA_A363597_815,11,"ſen, worin derſelbe in Antwort",worin derselbe in Antwort,in which the same in reply,waarin dieselfde in antwoord
NL-UtHUA_A363597_816,11,auf das von Br. Rose an ihn ge⸗,auf das von Br. Rose an ihn gerichtete,to the letter addressed to him by Brother Rose,op die brief wat Broer Rose aan hom gerig het
NL-UtHUA_A363597_817,11,richtete Schreiben ſich ſehr huldreich,Schreiben sich sehr huldreich,They write very graciously,Hulle skryf baie genadig
NL-UtHUA_A363597_818,11,"u. väterlich dahin erklärt, daß er für","und väterlich dahin erklärt, dass er für",and explained in a fatherly manner that he was for,en het op 'n vaderlike manier verduidelik dat hy daarvoor was
NL-UtHUA_A363597_820,11,den Unterhalt der Weiber u. Kinder,den Unterhalt der Weiber und Kinder,the upkeep of wives and children,die onderhoud van vrouens en kinders
NL-UtHUA_A363597_821,11,"derjenigen Hottentotten, die ſich im","derjenigen Hottentotten, die sich im",of those Hottentots who were in,van daardie Hottentotte wat in was
NL-UtHUA_A363597_822,11,"Dienſte des Staats befänden, Sorge","Dienste des Staats befänden, Sorge","State services were located, concern","Staatsdienste was geleë, kommer"
NL-UtHUA_A363597_823,11,tra⸗,tra-,tra-,tra-
NL-UtHUA_A363597_824,11,"<pb n=""22b"" source=""NL-UtHUA_A363597_000022.jpg"" />","<pb n=""22b"" source=""NL-UtHUA_A363597_000022.jpg"" />","<pb n=""22b"" source=""NL-UtHUA_A363597_000022.jpg"" />","<pb n=""22b"" bron=""NL-UtHUA_A363597_000022.jpg"" />"
NL-UtHUA_A363597_825,11,"tragen werde. Er ſetzt hinzu, daß","tragen werde. Er setzt hinzu, dass",I will wear it. He adds that,Ek sal dit dra. Hy voeg by dat
NL-UtHUA_A363597_826,11,er bis daher mit den Leuten aus,er bis daher mit den Leuten aus,He had therefore been with the people from,Hy was dus saam met die mense van
NL-UtHUA_A363597_827,11,Bavianscloof ſehr wohl zufrieden,Bavianskloof sehr wohl zufrieden,Bavianskloof is very satisfied,Bavianskloof is baie tevrede
NL-UtHUA_A363597_828,11,ſey. Dieſes Schreiben ſchickte er uns,sei. Dieses Schreiben schickte er uns,He sent us this letter.,Hy het hierdie brief vir ons gestuur.
NL-UtHUA_A363597_829,11,"durch 2 unſrer Getauften, welche als","durch zwei unserer Getauften, welche als","by two of our baptized, who as","deur twee van ons gedooptes, wat as"
NL-UtHUA_A363597_830,11,"Corporals angeſtellt ſind, u. welche auf","Korporale angestellt sind, und welche auf","Corporals are employed, and which are on","Korporaals word in diens geneem, en wat aan is"
NL-UtHUA_A363597_831,11,12 Tage Urlaub u. zugleich den Auf⸗,zwölf Tage Urlaub und zugleich den Auftrag,twelve days of vacation and at the same time the assignment,twaalf dae vakansie en terselfdertyd die opdrag
NL-UtHUA_A363597_832,11,"trag bekomen hatten, noch mehrere","bekommen hatten, noch mehrere",had received several more,het nog verskeie ontvang
NL-UtHUA_A363597_833,11,"Hottentotten zu ermuntern, Dienſte","Hottentotten zu ermuntern, Dienste",To encourage Hottentots to provide services,Om Hottentotte aan te moedig om dienste te lewer
NL-UtHUA_A363597_834,11,zu nehmen. Den 2ten Nov. ging die,zu nehmen. Am 2. November ging die,"to take. On November 2nd, the","om te neem. Op 2 November, die"
NL-UtHUA_A363597_835,11,ungetaufte Frau eines Hottentot⸗,"ungetaufte Frau eines Hottentotten-Bruders,","unbaptized wife of a Hottentot brother,","ongedoopte vrou van 'n Hottentot-broer,"
NL-UtHUA_A363597_836,11,"ten Bruders, welcher ein Abendmahls⸗",welcher ein Abendmahlsgenosse,which is a fellow communicant,wat 'n mede-kommunikateur is
NL-UtHUA_A363597_837,11,"genoſſe iſt, aus der Zeit. Ob ſie gleich","ist, aus der Zeit. Ob sie gleich",is from that time. Whether they are the same,is van daardie tyd. Of hulle dieselfde is
NL-UtHUA_A363597_838,11,viele Jahre hier gewohnt u. Gottes,viele Jahre hier gewohnt und Gottes,lived here for many years and God,het hier vir baie jare gewoon en God
NL-UtHUA_A363597_839,11,"Wort hörte, ſo merkte man doch nie","Wort hörte, so merkte man doch nie,","Hearing the word, one never noticed,","As mens die woord hoor, het mens dit nooit opgemerk nie,"
NL-UtHUA_A363597_840,11,daß daſſelbe einen Eindruck auf ihr,dass dasselbe einen Eindruck auf ihr,that the same made an impression on her,dat dieselfde 'n indruk op haar gemaak het
NL-UtHUA_A363597_841,12,"Herz gemacht hätte, ſondern ſie leb⸗","Herz gemacht hätte, sondern sie lebte","She would have made her heart sing, but she lived","Sy sou haar hart laat sing het, maar sy het geleef"
NL-UtHUA_A363597_842,12,te,,,
NL-UtHUA_A363597_843,12,"<pb n=""23a"" source=""NL-UtHUA_A363597_000023.jpg"" />","<pb n=""23a"" source=""NL-UtHUA_A363597_000023.jpg"" />","<pb n=""23a"" source=""NL-UtHUA_A363597_000023.jpg"" />","<pb n=""23a"" source=""NL-UtHUA_A363597_000023.jpg"" />"
NL-UtHUA_A363597_844,12,te ganz unbeküm̅ert über ſich ſelbſt,te ganz unbekümmert über sich selbst,completely unconcerned about himself,heeltemal onbesorg oor homself
NL-UtHUA_A363597_845,12,"dahin, bis ſie endlich ſahe, daß ſie","dahin, bis sie endlich sah, dass sie","there, until she finally saw that she","daar, totdat sy uiteindelik gesien het dat sy"
NL-UtHUA_A363597_846,12,"ſterben würde. Nun fing ſie an, bey","sterben würde. Nun fing sie an, bei",would die. Now she began to...,sou sterf. Nou het sy begin...
NL-UtHUA_A363597_847,12,Jeſu Gnade u. Barmherzigkeit zu ſu⸗,"Jesu Gnade und Barmherzigkeit zu suchen,","to seek Jesus' grace and mercy,","om Jesus se genade en barmhartigheid te soek,"
NL-UtHUA_A363597_848,12,"chen, welche ſie, wie wir gläubig hof⸗","welche sie, wie wir gläubig hoffen,","which they, we faithfully hope,","wat hulle, ons hoop getrou,"
NL-UtHUA_A363597_849,12,"fen, auch wird gefunden haben. Ihr",auch wird gefunden haben. Ihr,will have found it too. Her,sal dit ook gevind het. Haar
NL-UtHUA_A363597_850,12,"Mann u. ihre Kinder, welche letztern","Mann und ihre Kinder, welche letzteren","husband and their children, the latter","man en hul kinders, laasgenoemde"
NL-UtHUA_A363597_851,12,"in die Schule gehen, ſangen ihr vor","in die Schule gehen, sangen ihr vor",They sang to her about going to school.,Hulle het vir haar gesing oor skoolgaan.
NL-UtHUA_A363597_852,12,"ihrem Ende einige Verſe, unter wel⸗","ihrem Ende einige Verse, unter welchen","at the end, some verses, among which","aan die einde, 'n paar verse, waaronder"
NL-UtHUA_A363597_853,12,chen ſie verſchied. Am 4ten gingen,sie verschied. Am 4. gingen,"She died. On the 4th, they left.",Sy is dood. Op die 4de het hulle vertrek.
NL-UtHUA_A363597_854,12,"vier unſrer Hottentotten, die","vier unserer Hottentotten, die","four of our Hottentots, who","vier van ons Hottentotte, wat"
NL-UtHUA_A363597_855,12,aufs neue Kriegsdienſte genomen,aufs Neue Kriegsdienste genommen,took up military service again,weer militêre diens opgeneem
NL-UtHUA_A363597_856,12,"haben, nach dem Camp ab. Es be⸗","haben, nach dem Camp ab. Es befand","have, after the camp. It was located","het, na die kamp. Dit was geleë"
NL-UtHUA_A363597_857,12,fand ſich unter denſelben ein Tauf⸗,sich unter denselben ein Taufkandidat.,One of them was a baptismal candidate.,Een van hulle was 'n doopkandidaat.
NL-UtHUA_A363597_858,12,candidat. Mit allen wurde beym,Mit allen wurde beim,All were involved in the,Almal was betrokke by die
NL-UtHUA_A363597_859,12,"Abſchied zweckmäßig geſprochen, u.",Abschied zweckmäßig gesprochen und,Farewell spoken appropriately and,Afskeid gepas gespreek en
NL-UtHUA_A363597_860,12,"ihnen das, was ſie hier gehört haben,","ihnen das, was sie hier gehört haben,","to them what they have heard here,","aan hulle wat hulle hier gehoor het,"
NL-UtHUA_A363597_861,12,noch,noch,still,steeds
NL-UtHUA_A363597_862,12,"<pb n=""23b"" source=""NL-UtHUA_A363597_000023.jpg"" />","<pb n=""23b"" source=""NL-UtHUA_A363597_000023.jpg"" />","<pb n=""23b"" source=""NL-UtHUA_A363597_000023.jpg"" />","<pb n=""23b"" source=""NL-UtHUA_A363597_000023.jpg"" />"
NL-UtHUA_A363597_863,12,nochmals an das Herz gelegt. Am 5ten,nochmals an das Herz gelegt. Am 5.,I would like to reiterate this point. On the 5th.,Ek wil graag hierdie punt herhaal. Op die 5de.
NL-UtHUA_A363597_864,12,kam ein Mann Namens Carl,kam ein Mann namens Carl,A man named Carl came,'n Man met die naam Carl het gekom
NL-UtHUA_A363597_865,12,Schmidt auf ſeiner Reiſe von der,Schmidt auf seiner Reise von der,Schmidt on his journey from the,Schmidt op sy reis vanaf die
NL-UtHUA_A363597_866,12,Capſtadt nach dem untern Lande,Kapstadt nach dem unteren Lande,Cape Town to the Lower Country,Kaapstad na die Laer Land
NL-UtHUA_A363597_867,12,"bey uns an. Er erzählte, daß er aus","bei uns an. Er erzählte, dass er aus",arrived at our place. He told us that he was from,by ons aangekom. Hy het vir ons gesê dat hy van
NL-UtHUA_A363597_868,12,Lübenau in der Niederlauſitz ge⸗,"Lübbenau in der Niederlausitz gebürtig,","Born in Lübbenau in Lower Lusatia,","Gebore in Lübbenau in Neder-Lausatia,"
NL-UtHUA_A363597_869,12,"bürtig, im Jahr 1780 zur Brüder⸗",im Jahr 1780 zur Brüdergemeine,in 1780 to the Moravian Church,in 1780 aan die Morawiese Kerk
NL-UtHUA_A363597_870,12,"gemeine in Ebersdorf gekomen,","in Ebersdorf gekommen,",arrived in Ebersdorf,aangekom in Ebersdorf
NL-UtHUA_A363597_871,12,auch daſelbſt zum heiligen Abend⸗,auch daselbst zum heiligen Abendmahle,also there for Holy Communion,ook daar vir die Heilige Nagmaal
NL-UtHUA_A363597_872,12,mahle gelangt ſey. Er ſey in der,gelangt sei. Er sei in der,he had arrived. He was in the,hy het aangekom. Hy was in die
NL-UtHUA_A363597_873,12,"Folge nach Gnadenfeld gekomen, u.",Folge nach Gnadenfeld gekommen und,"As a consequence, they came to Gnadenfeld and",Gevolglik het hulle na Gnadenfeld gekom en
NL-UtHUA_A363597_874,12,habe im Jahr 1792 die Gemeine ver⸗,habe im Jahr 1792 die Gemeinde verlassen.,I left the community in 1792.,Ek het die gemeenskap in 1792 verlaat.
NL-UtHUA_A363597_875,12,laſſen. Hierauf ſey er in Holland,Hierauf sei er in Holland,He then went to Holland,Hy het toe na Holland gegaan
NL-UtHUA_A363597_876,12,"(in Kriegsdienſte getreten, u. im Jahr",in Kriegsdienste getreten und im Jahr,entered military service and in the year,het militêre diens aangegaan en in die jaar
NL-UtHUA_A363597_877,12,1793 nach der Capſtadt gekomen.,1793 nach der Kapstadt gekommen.,Arrived in Cape Town in 1793.,Het in 1793 in Kaapstad aangekom.
NL-UtHUA_A363597_878,12,Jetzt wohnt er mit Frau u. Kind,Jetzt wohnt er mit Frau und Kind,He now lives with his wife and child.,Hy woon nou saam met sy vrou en kind.
NL-UtHUA_A363597_879,12,"in Krumbecks Revier, 7 Meilen","in Krumbecks Revier, sieben Meilen","in Krumbeck's territory, seven miles","in Krumbeck se gebied, sewe myl"
NL-UtHUA_A363597_880,12,unterhalb Schwellendam. Er bereu⸗,unterhalb Swellendam. Er bereute,below Swellendam. He regretted it.,onder Swellendam. Hy het dit betreur.
NL-UtHUA_A363597_881,12,te,,,
NL-UtHUA_A363597_882,12,"<pb n=""24a"" source=""NL-UtHUA_A363597_000024.jpg"" />","<pb n=""24a"" source=""NL-UtHUA_A363597_000024.jpg"" />","<pb n=""24a"" source=""NL-UtHUA_A363597_000024.jpg"" />","<pb n=""24a"" bron=""NL-UtHUA_A363597_000024.jpg"" />"
NL-UtHUA_A363597_883,12,te Jahr ſeinen in der Jugend gethanen,te Jahr seinen in der Jugend getanen,Year after his youthful achievements,Jaar na sy jeugdige prestasies
NL-UtHUA_A363597_884,12,"Schritt, daß er die Gemeine verlaſſen","Schritt, dass er die Gemeinde verlassen",The step of leaving the community,Die stap om die gemeenskap te verlaat
NL-UtHUA_A363597_885,12,"habe, u. ſagte: ich habe im Äußern","habe, und sagte: „Ich habe im Äußeren","have, and said: “I have in the outside","het, en gesê: “Ek het in die buitekant"
NL-UtHUA_A363597_886,12,"keine Noth u. keinen Mangel, aber","keine Not und keinen Mangel, aber","no need or shortage, but","geen behoefte of tekort nie, maar"
NL-UtHUA_A363597_888,12,"ach, ich fühle es, daß die Hand Got⸗","ach, ich fühle es, dass die Hand Gottes","Ah, I feel it, the hand of God","Ag, ek voel dit, die hand van God"
NL-UtHUA_A363597_889,12,tes mich auch hier in Africa fin⸗,mich auch hier in Afrika findet.,I can also be found here in Africa.,Ek kan ook hier in Afrika gevind word.
NL-UtHUA_A363597_890,12,det. Es iſt ſchwer gegen dieſe Hand,"Es ist schwer, gegen diese Hand",It is difficult to fight against this hand,Dit is moeilik om teen hierdie hand te veg
NL-UtHUA_A363597_891,12,"anzugehen, u. das verletzte Gewiſſen","anzugehen, und das verletzte Gewissen","to address, and the wounded conscience","aan te spreek, en die gewonde gewete"
NL-UtHUA_A363597_892,12,ſchweigt niemals ſtill. Er wohnte,schweigt niemals still.“ Er wohnte,"""Never remains silent."" He lived","""Bly nooit stil nie."" Hy het geleef"
NL-UtHUA_A363597_893,12,den Sonntagsverſamlungen mit bey,den Sonntagsversammlungen mit bei,the Sunday meetings,die Sondagvergaderings
NL-UtHUA_A363597_894,12,u. nahm unter vielen Thränen Ab⸗,und nahm unter vielen Tränen Abschied.,and said goodbye with many tears.,en het met baie trane totsiens gesê.
NL-UtHUA_A363597_895,12,ſchied. Am 6ten kam eine zahlrei⸗,Am 6. kam eine zahlreiche,"On the 6th, a large number of people arrived.",Op die 6de het 'n groot aantal mense opgedaag.
NL-UtHUA_A363597_896,12,che Schaar neu errichteten Africani⸗,Schar der neu errichteten Afrikanischen,Group of newly erected African,Groep nuut opgerigte Afrikane
NL-UtHUA_A363597_897,12,ſchen Societät gehörige Geſell⸗,Sozietät gehörigen Gesellschaft,belonging to the society,behoort aan die samelewing
NL-UtHUA_A363597_898,12,ſchaft unter Begleitung des Herrn,unter Begleitung des Herrn,accompanied by the Lord,vergesel deur die Here
NL-UtHUA_A363597_899,12,Wesel Wessels zum Beſuch bey,Wesel Wessels zum Besuch bei,Wesel Wessels visiting,Wesel Wessels besoek
NL-UtHUA_A363597_900,12,uns an. Sie wohnten ſämtlich un⸗,uns an. Sie wohnten sämtlich unseren,They all lived in our area.,Hulle het almal in ons omgewing gewoon.
NL-UtHUA_A363597_901,12,ſern Verſamlungen u. wie ſie be⸗,"Versammlungen und, wie sie bezeug-","assemblies and, as they testify-","gemeentes en, soos hulle getuig-"
NL-UtHUA_A363597_902,12,zeug⸗,,,
NL-UtHUA_A363597_903,12,"<pb n=""24b"" source=""NL-UtHUA_A363597_000024.jpg"" />","<pb n=""24b"" source=""NL-UtHUA_A363597_000024.jpg"" />","<pb n=""24b"" source=""NL-UtHUA_A363597_000024.jpg"" />","<pb n=""24b"" bron=""NL-UtHUA_A363597_000024.jpg"" />"
NL-UtHUA_A363597_904,12,"ten, zu ihrer Erbauung bey. Ein","ten, zu ihrer Erbauung bei. Ein","ten, for their edification. A","tien, vir hulle opbouing. A"
NL-UtHUA_A363597_905,12,Theil der Geſellſchaft reiſte am 8ten,Teil der Gesellschaft reiste am 8.,Part of the group travelled on the 8th.,'n Deel van die groep het op die 8ste gereis.
NL-UtHUA_A363597_906,12,"wieder ab, u. am 9ten folgte ihnen","wieder ab, und am 9. folgte ihnen","again, and on the 9th they were followed by","weer, en op die 9de is hulle gevolg deur"
NL-UtHUA_A363597_907,12,auch Herr Wesel mit ſeiner Frau,auch Herr Wesel mit seiner Frau,Mr. Wesel and his wife also,Mnr. Wesel en sy vrou ook
NL-UtHUA_A363597_908,12,"u. Kindern, welcher für den hier","und Kindern, welcher für den hier","and children, which is for the one here","en kinders, wat vir die een hier is"
NL-UtHUA_A363597_909,12,gnoſſenen Segen ſehr dankbar war.,genossenen Segen sehr dankbar war.,was very grateful for the blessings he received.,was baie dankbaar vir die seëninge wat hy ontvang het.
NL-UtHUA_A363597_910,12,Am 13ten Nov. ging eine ausgeſchloſſ⸗,Am 13. November ging eine ausgeschlossene,"On November 13th, an excluded","Op 13 November, 'n uitgeslote"
NL-UtHUA_A363597_911,12,"ne Getaufte aus der Zeit, welche ſeit","Getaufte aus der Zeit, welche seit","Baptized from that time, which since","Gedoop van daardie tyd af, wat sedertdien"
NL-UtHUA_A363597_912,12,2 Jahren ſchmerzlich krank gelegen u.,zwei Jahren schmerzlich krank gelegen und,two years of being painfully ill and,twee jaar van pynlik siek wees en
NL-UtHUA_A363597_913,12,andern zu einem warnenden Bey⸗,anderen zu einem warnenden Beispiel,to serve as a cautionary example to others,om as 'n waarskuwingsvoorbeeld vir ander te dien
NL-UtHUA_A363597_914,12,ſpiel gedient hatte. Sie war bald,"gedient hatte. Sie war bald,","had served. She was soon,","gedien het. Sy was gou,"
NL-UtHUA_A363597_915,12,nachdem ſie der ihr in der Taufe,nachdem sie der ihr in der Taufe,after she gave her a baptism,nadat sy haar gedoop het
NL-UtHUA_A363597_916,12,geſchenkten Gnade untreu geworden,geschenkten Gnade untreu geworden,He has betrayed the grace bestowed upon him.,"Hy het die genade wat aan hom geskenk is, verraai."
NL-UtHUA_A363597_917,13,u. in Verſündigungen gerathen war,"und in Versündigungen geraten war,","and had fallen into sin,","en in sonde geval het,"
NL-UtHUA_A363597_918,13,von einem Schlagfluß befallen wor⸗,"von einem Schlagfluss befallen worden,",suffered a stroke,'n beroerte gehad
NL-UtHUA_A363597_919,13,"den, der ſie des Gehörs u. Geſichts",der sie des Gehörs und Gesichts,which affects hearing and sight,wat gehoor en sig beïnvloed
NL-UtHUA_A363597_920,13,beraubte u. ſie zugleich völlig con⸗,beraubte und sie zugleich völlig kontrakt,robbed and at the same time completely contracted,beroof en terselfdertyd heeltemal gekontrakteer
NL-UtHUA_A363597_921,13,tract machte. Es wurde ihr von uns,machte. Es wurde ihr von uns,did it. It was done to her by us.,het dit gedoen. Dit is deur ons aan haar gedoen.
NL-UtHUA_A363597_922,13,man⸗,man-,man-,man-
NL-UtHUA_A363597_923,13,"<pb n=""25a"" source=""NL-UtHUA_A363597_000025.jpg"" />","<pb n=""25a"" source=""NL-UtHUA_A363597_000025.jpg"" />","<pb n=""25a"" source=""NL-UtHUA_A363597_000025.jpg"" />","<pb n=""25a"" bron=""NL-UtHUA_A363597_000025.jpg"" />"
NL-UtHUA_A363597_924,13,manche milde Gabe gereicht; da man,manche milde Gabe gereicht; da man,some small gift was given; since one,'n klein geskenkie is gegee; aangesien een
NL-UtHUA_A363597_925,13,"aber nichts mit ihr ſprechen konte,","aber nichts mit ihr sprechen konnte,",but could not speak to her,maar kon nie met haar praat nie
NL-UtHUA_A363597_926,13,ſo mußte man ſie jederzeit mit,so musste man sie jederzeit mit,so they had to be with them at all times,so hulle moes te alle tye by hulle wees
NL-UtHUA_A363597_927,13,wehmüthigem Herzen verlaſſen u.,wehmütigem Herzen verlassen und,"with a heavy heart, I left and",met 'n swaar hart het ek vertrek en
NL-UtHUA_A363597_928,13,konte für ihre Seele nichts thun als,"konnte für ihre Seele nichts tun, als","could do nothing for her soul, but","kon niks vir haar siel doen nie, maar"
NL-UtHUA_A363597_929,13,ſie der Barmherzigkeit Gottes em⸗,sie der Barmherzigkeit Gottes empfehlen.,commend them to the mercy of God.,beveel hulle aan die genade van God aan.
NL-UtHUA_A363597_930,13,pfehlen. Am 22ten meldete uns,Am 22. meldete uns,"On the 22nd, they reported to us",Op die 22ste het hulle aan ons verslag gedoen
NL-UtHUA_A363597_931,13,"der Feldcornet Otto, daß es dem","der Feldkornett Otto, dass es dem","the field cornet Otto, that it was the","die veldkornet Otto, dat dit die was"
NL-UtHUA_A363597_932,13,Herrn über Leben u. Tod gefallen,Herrn über Leben und Tod gefallen,Lord of life and death,Here van lewe en dood
NL-UtHUA_A363597_933,13,"habe, ſeine Frau zu ſich zu nehmen.","habe, seine Frau zu sich zu nehmen.",I have to take my wife with me.,Ek moet my vrou saamneem.
NL-UtHUA_A363597_934,13,"Zugleich bat er, daß ein Paar Brü⸗","Zugleich bat er, dass ein Paar Brüder","At the same time, he asked that a pair of brothers",Terselfdertyd het hy gevra dat 'n paar broers
NL-UtHUA_A363597_935,13,der ihm die Freundſchaft erwei⸗,ihm die Freundschaft erweisen,show him friendship,wys hom vriendskap
NL-UtHUA_A363597_936,13,ſen u. die hinterlaſſene Leiche zu,und die hinterlassene Leiche zu,and the abandoned corpse,en die verlate lyk
NL-UtHUA_A363597_937,13,ihrer Ruheſtätte begleiten möchten.,ihrer Ruhestätte begleiten möchten.,wish to accompany them to their final resting place.,wil hulle na hul laaste rusplek vergesel.
NL-UtHUA_A363597_938,13,Demzufolge reiſten die Brüder,Demzufolge reisten die Brüder,"Consequently, the brothers travelled",Gevolglik het die broers gereis
NL-UtHUA_A363597_939,13,Kohrhamer u. Kühnel dahin ab,Kohrhamer und Kühnel dahin ab,Kohrhamer and Kühnel went there,Kohrhamer en Kühnel het soontoe gegaan
NL-UtHUA_A363597_940,13,u. wurden von Herrn Otto ſehr lieb⸗,und wurden von Herrn Otto sehr liebreich,and were treated very lovingly by Mr. Otto,en is baie liefdevol deur mnr. Otto behandel
NL-UtHUA_A363597_941,13,"reich aufgenommen, der ſich ſehr dank⸗","aufgenommen, der sich sehr dankbar","received, who is very grateful","ontvang, wat baie dankbaar is"
NL-UtHUA_A363597_942,13,"bar dafür erklärte, daß wir ihm","dafür erklärte, dass wir ihm",explained that we should give him,het verduidelik dat ons hom moet gee
NL-UtHUA_A363597_943,13,ſei⸗,sei-,be-,wees-
NL-UtHUA_A363597_944,13,"<pb n=""25b"" source=""NL-UtHUA_A363597_000025.jpg"" />","<pb n=""25b"" source=""NL-UtHUA_A363597_000025.jpg"" />","<pb n=""25b"" source=""NL-UtHUA_A363597_000025.jpg"" />","<pb n=""25b"" bron=""NL-UtHUA_A363597_000025.jpg"" />"
NL-UtHUA_A363597_945,13,ne Bitte nicht abgeſchlagen hätten.,ne Bitte nicht abgeschlagen hätten.,They would not have refused a request.,Hulle sou nie 'n versoek geweier het nie.
NL-UtHUA_A363597_946,13,"Er ſetzte hinzu, ſeine ſelige Frau","Er setzte hinzu, seine selige Frau","He added, his late wife","Hy het bygevoeg, sy oorlede vrou"
NL-UtHUA_A363597_947,13,habe ſtets große Liebe gegen die,habe stets große Liebe gegen die,I have always had great love for the,Ek het nog altyd 'n groot liefde vir die
NL-UtHUA_A363597_948,13,"Geſchwiſter gehegt, u. für ihr Herz",Geschwister gehegt und für ihr Herz,Siblings cherished and for their hearts,Broers en susters gekoester en vir hul harte
NL-UtHUA_A363597_949,13,vielen Segen bey uns geweſen. Er,vielen Segen bei uns gewesen. Er,He has been a blessing to us.,Hy was 'n seën vir ons.
NL-UtHUA_A363597_950,13,ſelbſt habe jetzt ganz andre Gedan⸗,selbst habe jetzt ganz andere Gedanken,I myself have completely different thoughts now.,Ek self het nou heeltemal ander gedagtes.
NL-UtHUA_A363597_951,13,ken wie ehedem; wenn er ſonſt,wie ehedem; wenn er sonst,as before; if he otherwise,soos voorheen; as hy anders
NL-UtHUA_A363597_953,13,von begnadigten u. unbegnadig⸗,"von begnadigten und unbegnadigten,","of those pardoned and those not pardoned,","van diegene wat begenadig is en diegene wat nie begenadig is nie,"
NL-UtHUA_A363597_954,13,"ten, von bekehrten u. unbekehr⸗",von bekehrten und unbekehrten,of converted and unconverted,van bekeerde en onbekeerde
NL-UtHUA_A363597_955,13,"ten Menſchen habe reden gehört, ſo","Menschen habe reden gehört, so","I heard people talking, like this.","Ek het mense hoor praat, so."
NL-UtHUA_A363597_956,13,"habe er alles, was darüber geſagt","habe er alles, was darüber gesagt",He said everything that needed to be said about it.,Hy het alles gesê wat daaroor gesê moes word.
NL-UtHUA_A363597_957,13,wurde für bloße Fabeln u. Nar⸗,"wurde, für bloße Fabeln und Narrenpossen",was considered mere fables and fool's antics.,is as blote fabels en dwaashede beskou.
NL-UtHUA_A363597_958,13,renpoſſen gehalten; allein bey dem,gehalten; allein beim,held; alone at,gehou; alleen by
NL-UtHUA_A363597_959,13,Ende ſeiner Frau wäre er lebhaft,Ende seiner Frau wäre er lebhaft,"At the end of his wife's life, he would be lively",Aan die einde van sy vrou se lewe sou hy lewendig wees
NL-UtHUA_A363597_960,13,"davon überzeugt worden, daß ein","davon überzeugt worden, dass ein",have been convinced that a,oortuig is dat 'n
NL-UtHUA_A363597_961,13,großer Unterſchied zwiſchen gläubi⸗,großer Unterschied zwischen gläubigen,big difference between believers,groot verskil tussen gelowiges
NL-UtHUA_A363597_962,13,"gen u. ungläubigen, zwiſchen begna⸗","und ungläubigen, zwischen begnadigten","and unbelievers, between pardoned","en ongelowiges, tussen begenadigdes"
NL-UtHUA_A363597_963,13,digten u. unbegnadigten Seelen ſtatt,und unbegnadigten Seelen stattfinde,and unpardoned souls,en onvergewe siele
NL-UtHUA_A363597_964,13,"finde, u. daß man nur in Jeſu Chri⸗",und dass man nur in Jesu Christo,and that one can only find fulfillment in Jesus Christ,en dat 'n mens slegs vervulling in Jesus Christus kan vind
NL-UtHUA_A363597_965,13,ſto,,,
NL-UtHUA_A363597_966,13,"<pb n=""26a"" source=""NL-UtHUA_A363597_000026.jpg"" />","<pb n=""26a"" source=""NL-UtHUA_A363597_000026.jpg"" />","<pb n=""26a"" source=""NL-UtHUA_A363597_000026.jpg"" />","<pb n=""26a"" source=""NL-UtHUA_A363597_000026.jpg"" />"
NL-UtHUA_A363597_967,13,ſo ſelig ſterben könne. Er wünſchte daß,"to selig sterben könne. Er wünschte, dass",to be able to die peacefully. He wished that,om vreedsaam te kan sterf. Hy het gewens dat
NL-UtHUA_A363597_968,13,ihm dieſe Überzeugung nie wieder,ihm diese Überzeugung nie wieder,He never again had this conviction,Hy het nooit weer hierdie oortuiging gehad nie
NL-UtHUA_A363597_969,13,aus dem Gemüthe komen möchte; aber,"aus dem Gemüte kommen möchte; aber,","wants to come from the heart; but,","wil uit die hart kom; maar,"
NL-UtHUA_A363597_970,13,"ſetzte er hinzu, er fühle keine wahre","setzte er hinzu, er fühle keine wahre",he added that he felt no true,hy het bygevoeg dat hy geen waarheid gevoel het nie
NL-UtHUA_A363597_971,13,Ruhe in ſeinem Herzen u. er könne,Ruhe in seinem Herzen und er könne,Peace in his heart and he could,Vrede in sy hart en hy kon
NL-UtHUA_A363597_972,13,noch nicht an den Troſt des Evange⸗,noch nicht an den Trost des Evangeliums,not yet to the comfort of the Gospel,nog nie tot die vertroosting van die Evangelie nie
NL-UtHUA_A363597_973,13,lii glauben. Die genanten Brüder ſag⸗,glauben. Die genannten Brüder sagten,believe. The brothers mentioned said,"glo. Die broers wat genoem is, het gesê"
NL-UtHUA_A363597_974,13,"ten ihm, Gott bediene ſich oft ſolcher","ihm, Gott bediene sich oft solcher",God often uses such things.,God gebruik dikwels sulke dinge.
NL-UtHUA_A363597_975,13,"Mittel, um uns von unſerm natür⸗","Mittel, um uns von unserem natürlichen",Means to deprive ourselves of our natural,Beteken om onsself van ons natuurlike te ontneem
NL-UtHUA_A363597_976,13,lichen Unglauben zu überzeugen.,Unglauben zu überzeugen.,To convince disbelief.,Om ongeloof te oortuig.
NL-UtHUA_A363597_977,13,Dann lerne man die Worte recht,Dann lerne man die Worte recht,Then learn the words correctly.,Leer dan die woorde korrek.
NL-UtHUA_A363597_978,13,"verſtehen: Herr, hilf meinem Un⸗","verstehen: „Herr, hilf meinem Unglauben!“","To understand: “Lord, help my unbelief!”","Om te verstaan: “Here, help my ongeloof!”"
NL-UtHUA_A363597_979,13,glauben! Am 24ten beſuchte uns,Am 24. besuchte uns,"On the 24th, we were visited",Op die 24ste is ons besoek
NL-UtHUA_A363597_980,13,"der Feldcornet Linde, welcher den","der Feldkornett Linde, welcher den","the field cornet Linde, which the","die veldkornet Linde, wat die"
NL-UtHUA_A363597_981,13,"Auftrag bekomen hat, das nöthige","Auftrag bekommen hat, das nötige",has been tasked with providing the necessary,is getaak om die nodige te verskaf
NL-UtHUA_A363597_982,13,Getraide für die Weiber u. Kinder,Getreide für die Weiber und Kinder,Grain for the women and children,Graan vir die vroue en kinders
NL-UtHUA_A363597_983,13,der im Dienſt ſtehenden Hottentot⸗,der im Dienst stehenden Hottentotten,the Hottentots on duty,die Hottentotte aan diens
NL-UtHUA_A363597_985,13,ten anzukaufen. Die Regierung hatte,anzukaufen. Die Regierung hatte,to purchase. The government had,om te koop. Die regering het
NL-UtHUA_A363597_986,13,für,für,for,vir
NL-UtHUA_A363597_987,13,"<pb n=""26b"" source=""NL-UtHUA_A363597_000026.jpg"" />","<pb n=""26b"" source=""NL-UtHUA_A363597_000026.jpg"" />","<pb n=""26b"" source=""NL-UtHUA_A363597_000026.jpg"" />","<pb n=""26b"" bron=""NL-UtHUA_A363597_000026.jpg"" />"
NL-UtHUA_A363597_988,13,für 12 Weiber wöchentlich 1 Mud od.,für zwölf Weiber wöchentlich ein Mud oder,for twelve women a week a Mud or,vir twaalf vroue per week 'n Modder of
NL-UtHUA_A363597_989,13,"beynahe 1 Dresdner Scheffel, u. eben",beinahe ein Dresdner Scheffel und eben,almost a Dresden bushel and just,amper 'n Dresden-skepel en net
NL-UtHUA_A363597_990,13,"ſoviel für 24 Kinder feſtgeſetzt,","soviel für 24 Kinder festgesetzt,","so much set for 24 children,","soveel vir 24 kinders,"
NL-UtHUA_A363597_991,13,"u. wir erhielten den Auftrag, die","und wir erhielten den Auftrag, die",and we received the order to,en ons het die opdrag ontvang om
NL-UtHUA_A363597_992,13,"Aufſicht darüber zu führen, u. die",Aufsicht darüber zu führen und die,to supervise and the,om toesig te hou en die
NL-UtHUA_A363597_993,13,Austheilung mit Beyhülfe des Herrn,Austeilung mit Beihilfe des Herrn,Distribution with the assistance of the Lord,Verspreiding met die hulp van die Here
NL-UtHUA_A363597_994,14,Linde zu beſorgen. Da für jetzt,Linde zu besorgen. Da für jetzt,To get some linden trees. That's for now.,Om 'n paar lindebome te kry. Dis vir nou.
NL-UtHUA_A363597_995,14,in der ganzen Gegend kein Roggen,in der ganzen Gegend kein Roggen,There's no rye in the whole area.,Daar is geen rog in die hele gebied nie.
NL-UtHUA_A363597_996,14,"zu haben war, ſo wurde ſtatt deſſen","zu haben war, so wurde statt dessen","instead of being available,","in plaas daarvan om beskikbaar te wees,"
NL-UtHUA_A363597_997,14,Gerſte ausgetheilt. Übrigens waren,Gerste ausgeteilt. Übrigens waren,"Barley was handed out. Incidentally,","Gars is uitgedeel. Terloops,"
NL-UtHUA_A363597_998,14,"wir, ſo wie diejenigen, welche dieſe","wir, so wie diejenigen, welche diese","we, as well as those who have","ons, sowel as diegene wat het"
NL-UtHUA_A363597_999,14,"Wohlthat betraf, für die gütige Für⸗","Wohltat betraf, für die gütige Fürsorge",The benefit concerned kind care.,Die voordeel het betrekking op vriendelike sorg.
NL-UtHUA_A363597_1000,14,ſorge unſrer geliebten Obrigkeit,unserer geliebten Obrigkeit,our beloved authorities,ons geliefde owerhede
NL-UtHUA_A363597_1001,14,von Herzen dankbar. Am 26ten be⸗,von Herzen dankbar. Am 26. bekamen,"Thank you from the bottom of my heart. On the 26th, we received...",Baie dankie uit die diepte van my hart. Op die 26ste het ons ontvang...
NL-UtHUA_A363597_1002,14,kamen wir nach einer außerordent⸗,wir nach einer außerordentlich,we after an extraordinary,ons na 'n buitengewone
NL-UtHUA_A363597_1003,14,lich langen Dürre wieder einen er⸗,langen Dürre wieder einen erquickenden,a refreshing change after a long drought,'n Verfrissende verandering na 'n lang droogte
NL-UtHUA_A363597_1004,14,"quickenden Regen, der nicht nur","Regen, der nicht nur",Rain that not only,Reën wat nie net
NL-UtHUA_A363597_1005,14,der,der,the,die
NL-UtHUA_A363597_1006,14,"<pb n=""27a"" source=""NL-UtHUA_A363597_000027.jpg"" />","<pb n=""27a"" source=""NL-UtHUA_A363597_000027.jpg"" />","<pb n=""27a"" source=""NL-UtHUA_A363597_000027.jpg"" />","<pb n=""27a"" source=""NL-UtHUA_A363597_000027.jpg"" />"
NL-UtHUA_A363597_1007,14,der Trockenheit ſondern auch dem Rau⸗,"der Trockenheit, sondern auch dem Raupenfraß","the drought, but also the caterpillar damage","die droogte, maar ook die ruspeskade"
NL-UtHUA_A363597_1008,14,"penfraß abhalf, welcher den Garten⸗","abhalf, welcher den Gartenund","remedied, which the garden and","reggestel, wat die tuin en"
NL-UtHUA_A363597_1009,14,u. Feld⸗Früchten ſehr verderblich zu,Feld-Früchten sehr verderblich zu,Field fruits are highly perishable,Veldvrugte is hoogs bederfbaar
NL-UtHUA_A363597_1010,14,werden anfing. Wir brachten dem Ge⸗,werden anfing. Wir brachten dem Geber,It began. We brought the giver,Dit het begin. Ons het die gewer gebring
NL-UtHUA_A363597_1011,14,ber alles Guten für dieſe Wohlthat,alles Guten für diese Wohltat,All the best for this act of kindness,Alle sterkte vir hierdie daad van vriendelikheid
NL-UtHUA_A363597_1012,14,unſern herzlichen Dank. Gegen Ende,unseren herzlichen Dank. Gegen Ende,Our sincere thanks. Towards the end,Ons opregte dank. Teen die einde
NL-UtHUA_A363597_1013,14,dieſes Monats gingen viele von,dieses Monats gingen viele von,Many people went this month.,Baie mense het hierdie maand gegaan.
NL-UtHUA_A363597_1015,14,"unſern Hottentotten, Mäner, Weiber","unseren Hottentotten, Männer, Weiber","our Hottentots, men, women","ons Hottentotte, mans, vroue"
NL-UtHUA_A363597_1016,14,"u. Kinder von hier ab, um den Bau⸗","und Kinder von hier ab, um den Bauern",and children from here to help the farmers,en kinders van hier om die boere te help
NL-UtHUA_A363597_1017,14,ern bey der Arbeit in der Ernte,bei der Arbeit in der Ernte,while working in the harvest,terwyl hulle in die oes werk
NL-UtHUA_A363597_1018,14,"zu helfen, u. da wir wußten, wie","zu helfen, und da wir wussten, wie","to help, and since we knew how","om te help, en aangesien ons geweet het hoe"
NL-UtHUA_A363597_1019,14,geſchäftig der Feind bey der Gelegen⸗,geschäftig der Feind bei der Gelegenheit,The enemy was busy taking the opportunity,Die vyand was besig om die geleentheid te benut
NL-UtHUA_A363597_1020,14,"heit iſt, die Hottentotten ſonderlich","ist, die Hottentotten sonderlich","is, the Hottentots particularly","is, veral die Hottentotte"
NL-UtHUA_A363597_1021,14,durch den Trunk zur Sünde zu ver⸗,"durch den Trunk zur Sünde zu verleiten,",to lead people to sin through drink,om mense deur drank tot sonde te lei
NL-UtHUA_A363597_1022,14,"leiten, ſo unterließen wir nicht,","so unterließen wir nicht,",so we did not fail to,so ons het nie gefaal om
NL-UtHUA_A363597_1023,14,"ihnen nachdrücklich vorzuſtellen, wel⸗","ihnen nachdrücklich vorzustellen, welchen",to emphatically demonstrate to them which,om nadruklik aan hulle te demonstreer watter
NL-UtHUA_A363597_1024,14,chen Schaden ſie an ihrer Seele neh⸗,Schaden sie an ihrer Seele nehmen,They cause harm to their soul,Hulle veroorsaak skade aan hul siel
NL-UtHUA_A363597_1025,14,"men könen, wenn ſie den Heiland","können, wenn sie den Heiland","can, if they believe in the Savior","kan, as hulle in die Verlosser glo"
NL-UtHUA_A363597_1026,14,nicht,nicht,not,nie
NL-UtHUA_A363597_1027,14,"<pb n=""27b"" source=""NL-UtHUA_A363597_000027.jpg"" />","<pb n=""27b"" source=""NL-UtHUA_A363597_000027.jpg"" />","<pb n=""27b"" source=""NL-UtHUA_A363597_000027.jpg"" />","<pb n=""27b"" source=""NL-UtHUA_A363597_000027.jpg"" />"
NL-UtHUA_A363597_1028,14,nicht im Herzen u. vor den Augen,nicht im Herzen und vor den Augen,not in the heart and before the eyes,nie in die hart en voor die oë nie
NL-UtHUA_A363597_1029,14,behalten. Am 3ten Dec. wurde,behalten. Am 3. Dezember wurde,"retain. On December 3rd,","behou. Op 3 Desember,"
NL-UtHUA_A363597_1030,14,uns durch einen Regierungsbothen,uns durch einen Regierungsboten,us through a government messenger,ons deur 'n regeringsboodskapper
NL-UtHUA_A363597_1031,14,"die Anzeige gemacht, daß am fol⸗","die Anzeige gemacht, dass am folgenden",the notification was made that on the following,die kennisgewing is gemaak dat op die volgende
NL-UtHUA_A363597_1032,14,genden Tage der Herr General Com⸗,Tage der Herr General Kommissarius,Days of the Lord General Commissioner,Dae van die Lord General Commissioner
NL-UtHUA_A363597_1033,14,miſſarius De Mist uns mit ei⸗,De Mist uns mit einem,De Mist uns mit ein,Die mis ons met 'n
NL-UtHUA_A363597_1034,14,nem Beſuch beehren würde. Dem,Besuch beehren würde. Demzufolge,would honor a visit. Therefore,sou 'n besoek eerbiedig. Daarom
NL-UtHUA_A363597_1035,14,zufolge wurden zum Empfang einer,wurden zum Empfang einer,were to receive a,sou 'n ontvang
NL-UtHUA_A363597_1036,14,ſo hohen obrigkeitlichen Perſon alle,so hohen obrigkeitlichen Person alle,"such a high-ranking official, all","so 'n hooggeplaaste amptenaar, almal"
NL-UtHUA_A363597_1037,14,"Anſtalten gemacht, die unſre Um⸗","Anstalten gemacht, die unsere Umstände",Preparations have been made to improve our circumstances,Voorbereidings is getref om ons omstandighede te verbeter
NL-UtHUA_A363597_1038,14,ſtände erlauben. Die Brüder Rose,erlauben. Die Brüder Rose,allow. The Rose brothers,toelaat. Die Rose-broers
NL-UtHUA_A363597_1039,14,u. Kühnel ritten nebſt einigen,und Kühnel ritten nebst einigen,and Kühnel rode along with some,en Kühnel het saam met 'n paar gery
NL-UtHUA_A363597_1040,14,Hottentotten bis an die Gränze,Hottentotten bis an die Grenze,Hottentots to the border,Hottentotte na die grens
NL-UtHUA_A363597_1041,14,"unſers Landes, um die Geſellſchaft","unseres Landes, um die Gesellschaft","our country, to improve society","ons land, om die samelewing te verbeter"
NL-UtHUA_A363597_1042,14,"daſelbſt zu bewillkom̅en, u. am","daselbst zu bewillkommen, und am","to be welcomed there, and at","om daar verwelkom te word, en by"
NL-UtHUA_A363597_1043,14,4ten gegen Abend ſahen wir die,4. gegen Abend sahen wir die,4. Towards evening we saw the,4. Teen die aand het ons die
NL-UtHUA_A363597_1044,14,"Freunde, gedachten Herrn De Mist,","Freunde, gedachten Herrn De Mist,","Friends, remember Mr. De Mist,","Vriende, onthou mnr. De Mist,"
NL-UtHUA_A363597_1045,14,"ſeinen Sohn u. Tochter, ferner","seinen Sohn und Tochter, ferner","his son and daughter, furthermore","sy seun en dogter, verder"
NL-UtHUA_A363597_1047,14,den,den,the,die
NL-UtHUA_A363597_1048,14,"<pb n=""28a"" source=""NL-UtHUA_A363597_000028.jpg"" />","<pb n=""28a"" source=""NL-UtHUA_A363597_000028.jpg"" />","<pb n=""28a"" source=""NL-UtHUA_A363597_000028.jpg"" />","<pb n=""28a"" bron=""NL-UtHUA_A363597_000028.jpg"" />"
NL-UtHUA_A363597_1049,14,den Sohn des Herrn Gouverneurs,den Sohn des Herrn Gouverneurs,the governor's son,die goewerneur se seun
NL-UtHUA_A363597_1050,14,"Jansen nebſt Gefolge, zuſam̅en","Jansen nebst Gefolge, zusammen","Jansen and his entourage, together","Jansen en sy gevolg, saam"
NL-UtHUA_A363597_1051,14,"24 Perſonen, hier eintreffen zu ſehen.","24 Personen, hier eintreffen zu sehen.",24 people can be seen arriving here.,24 mense kan hier gesien word.
NL-UtHUA_A363597_1052,14,In unſerm Hofe war eine Anzahl,In unserem Hofe war eine Anzahl,There was a number of people in our yard,Daar was 'n klomp mense in ons erf
NL-UtHUA_A363597_1053,14,"Kinder verſam̅elt, welche die abſtei⸗","Kinder versammelt, welche die absteigende","Children gathered, who are descending","Kinders wat bymekaargekom het, wat afdaal"
NL-UtHUA_A363597_1054,14,gende Geſellſchaft durch den Geſang,Gesellschaft durch den Gesang,Society through song,Samelewing deur sang
NL-UtHUA_A363597_1055,14,"einiger Verſe bewillkomten, worü⸗","einiger Verse bewillkommten, worüber","some verses were welcomed, about which","sommige verse is verwelkom, waaroor"
NL-UtHUA_A363597_1056,14,ber der Herr General Comiſſari⸗,der Herr General Kommissarius,the General Commissioner,die Algemene Kommissaris
NL-UtHUA_A363597_1057,14,"us nebſt der ganzen Geſellſchaft,","nebst der ganzen Gesellschaft,","besides the whole society,","behalwe die hele samelewing,"
NL-UtHUA_A363597_1058,14,welche den Geſang mit gerührtem,welche den Gesang mit gerührtem,which sang with emotion,wat met emosie gesing het
NL-UtHUA_A363597_1059,14,"Herzen anhörte, ſeine beſondre","Herzen anhörte, seine besondere","listened to hearts, his special","geluister na harte, sy spesiale"
NL-UtHUA_A363597_1060,14,Freude bezeigte. Die Geſellſchaft,Freude bezeigte. Die Gesellschaft,The society showed joy.,Die samelewing het vreugde getoon.
NL-UtHUA_A363597_1061,14,nahm hierauf unſre ganze Ein⸗,nahm hierauf unsere ganze Einrichtung,Our entire facility then took over.,Ons hele fasiliteit het toe oorgeneem.
NL-UtHUA_A363597_1062,14,"richtung in Augenſchein, der Herr General Com⸗","in Augenschein, der Herr General Kommissarius","inspected, the Lord General Commissioner","geïnspekteer, die Lord General Commissioner"
NL-UtHUA_A363597_1063,14,miſſarius erkundigte ſich genau,erkundigte sich genau,inquired thoroughly,deeglik navraag gedoen
NL-UtHUA_A363597_1064,14,nach unſrer innern u. äußern,nach unserer inneren und äußeren,according to our inner and outer,volgens ons innerlike en uiterlike
NL-UtHUA_A363597_1065,14,Verfaſſung u. bezeigte darüber,Verfassung und bezeigte darüber,constitution and demonstrated about it,grondwet en het daaroor gedemonstreer
NL-UtHUA_A363597_1066,14,ſein Wohlgefallen mit dem Bey⸗,sein Wohlgefallen mit dem Beifü-,his pleasure with the adjunct-,sy plesier met die byvoegsel-
NL-UtHUA_A363597_1067,14,fü⸗,,,
NL-UtHUA_A363597_1068,14,"<pb n=""28b"" source=""NL-UtHUA_A363597_000028.jpg"" />","<pb n=""28b"" source=""NL-UtHUA_A363597_000028.jpg"" />","<pb n=""28b"" source=""NL-UtHUA_A363597_000028.jpg"" />","<pb n=""28b"" bron=""NL-UtHUA_A363597_000028.jpg"" />"
NL-UtHUA_A363597_1069,14,"fügen, daß die Mißion ſich ſtets al⸗","fügen, dass die Mission sich stets alles",add that the mission always includes everything,voeg by dat die missie altyd alles insluit
NL-UtHUA_A363597_1070,14,les Schutzes u. aller Unterſtützung,Schutzes und aller Unterstützung,Protection and all support,Beskerming en alle ondersteuning
NL-UtHUA_A363597_1071,15,von Seiten der Regierung zu erfreu⸗,von Seiten der Regierung zu erfreuen,to please the government,om die regering tevrede te stel
NL-UtHUA_A363597_1072,15,en haben werde. Als die Geſell⸗,haben werde. Als die Gesellschaft,will have. As the society,sal hê. Soos die samelewing
NL-UtHUA_A363597_1073,15,"ſchaft hierauf wieder abreiſte, welches","hierauf wieder abreiste, welches","here he left again, which","hier het hy weer vertrek, wat"
NL-UtHUA_A363597_1074,15,"noch am 5ten geſchah, ſo wurde dieſelbe","noch am 5. geschah, so wurde dieselbe","If this happened on the 5th, then the same","As dit op die 5de gebeur het, dan dieselfde"
NL-UtHUA_A363597_1075,15,von den Brüdern Kohrhamer u.,von den Brüdern Kohrhamer und,by the brothers Kohrhamer and,deur die broers Kohrhamer en
NL-UtHUA_A363597_1076,15,Kühnel wieder bis an die Grän⸗,Kühnel wieder bis an die Grenze,Kühnel again up to the limit,Kühnel weer tot die uiterste
NL-UtHUA_A363597_1077,15,ze unſers Landes begleitet. Gegen,unseres Landes begleitet. Gegen,our country accompanied us against,ons land het ons vergesel teen
NL-UtHUA_A363597_1079,15,die Mitte dieſes Monats wurden wie,die Mitte dieses Monats wurden wie,The middle of this month was like,Die middel van hierdie maand was soos volg
NL-UtHUA_A363597_1080,15,"gewöhnlich alle hieſigen Einwohner, Haus","gewöhnlich alle hiesigen Einwohner, Haus","usually all local inhabitants, house","gewoonlik alle plaaslike inwoners, huis"
NL-UtHUA_A363597_1081,15,"für Haus aufgeſchrieben, um das Ver⸗","für Haus aufgeschrieben, um das Verzeichnis","written down for the house, to compile the directory","neergeskryf vir die huis, om die gids saam te stel"
NL-UtHUA_A363597_1082,15,zeichniß derſelben beym Jahrsſchluß,derselben beim Jahresschluss,the same at the end of the year,dieselfde aan die einde van die jaar
NL-UtHUA_A363597_1083,15,an die Obrigkeit einzuschicken. Am 14ten,an die Obrigkeit einzuschicken. Am 14.,to send to the authorities. On the 14th.,om aan die owerhede te stuur. Op die 14de.
NL-UtHUA_A363597_1084,15,erhielten wir von der Cap⸗Stadt ein,erhielten wir von der Kapstadt ein,We received a from Cape Town,Ons het 'n van Kaapstad ontvang
NL-UtHUA_A363597_1085,15,Packet Gemein⸗Nachrichten u. Briefe,Paket Gemeinde-Nachrichten und Briefe,Package of community news and letters,Pakket gemeenskapsnuus en briewe
NL-UtHUA_A363597_1086,15,"aus dem Vaterlande, welche letztere","aus dem Vaterlande, welche letztere","from the fatherland, which the latter","uit die vaderland, wat laasgenoemde"
NL-UtHUA_A363597_1087,15,von den Jahren 1794 u. 1795 datirt,von den Jahren 1794 und 1795 datiert,dated from the years 1794 and 1795,gedateer uit die jare 1794 en 1795
NL-UtHUA_A363597_1088,15,wa⸗,wa---,wa---,wa---
NL-UtHUA_A363597_1089,15,,,,
NL-UtHUA_A363597_1090,15,"<pb n=""29a"" source=""NL-UtHUA_A363597_000029.jpg"" />","<pb n=""29a"" source=""NL-UtHUA_A363597_000029.jpg"" />","<pb n=""29a"" source=""NL-UtHUA_A363597_000029.jpg"" />","<pb n=""29a"" source=""NL-UtHUA_A363597_000029.jpg"" />"
NL-UtHUA_A363597_1091,15,waren. Das Packet war 8¼ Jahr un⸗,waren. Das Paket war 8¼ Jahre unterwegs,The package was in transit for 8¼ years.,Die pakkie was vir 8¼ jaar onderweg.
NL-UtHUA_A363597_1092,15,"terwegs geweſen, ehe es in unſre","gewesen, ehe es in unsere",been before it entered our,was voordat dit ons binnegekom het
NL-UtHUA_A363597_1093,15,Hände kam. In welchem Welttheile,Hände kam. In welchem Weltteil,Hands came. In which part of the world?,Hande het gekom. In watter deel van die wêreld?
NL-UtHUA_A363597_1094,15,"es während dieſer Zeit geweſen iſt,","es während dieser Zeit gewesen ist,","it was during this time,","dit was gedurende hierdie tyd,"
NL-UtHUA_A363597_1095,15,wiſſen wir nicht. Indeß waren wir,wissen wir nicht. Indes waren wir,"We don't know. However, we were",Ons weet nie. Ons was egter
NL-UtHUA_A363597_1096,15,"doch froh, daſſelbe noch zu erhalten.","doch froh, dasselbe noch zu erhalten.",but glad to receive the same.,maar bly om dieselfde te ontvang.
NL-UtHUA_A363597_1097,15,Am 24ten fand ſich eine große Menge,Am 24. fand sich eine große Menge,"On the 24th, a large number gathered.",Op die 24ste het 'n groot aantal bymekaargekom.
NL-UtHUA_A363597_1098,15,Fremder ſowol Chriſten als Heiden,"Fremder, sowohl Christen als Heiden,","Strangers, both Christians and pagans,","Vreemdelinge, beide Christene en heidene,"
NL-UtHUA_A363597_1099,15,zur Feyer der Chriſtnacht u. des,zur Feier der Christnacht und des,to celebrate Christmas Eve and the,om Kersaand te vier en die
NL-UtHUA_A363597_1100,15,"Weyhnachtsfestes ein, u. am er⸗","Weihnachtsfestes ein, und am ersten","Christmas, and on the first","Kersfees, en op die eerste"
NL-UtHUA_A363597_1101,15,ſten Chriſttage vermehrte ſich die,Christtag vermehrte sich die,"On Christmas Day, the number increased",Op Kersdag het die getal toegeneem
NL-UtHUA_A363597_1102,15,"Anzahl der Beſuchenden noch, ſo daß","Anzahl der Besuchenden noch, sodass","Number of visitors still, so","Aantal besoekers steeds, so"
NL-UtHUA_A363597_1103,15,unſre Kirche beynahe ganz voll war.,unsere Kirche beinahe ganz voll war.,Our church was almost completely full.,Ons kerk was amper heeltemal vol.
NL-UtHUA_A363597_1104,15,Gleich nach geendigter Predigt reiſte,Gleich nach beendeter Predigt reiste,"Immediately after the sermon ended, he travelled","Onmiddellik nadat die preek geëindig het, het hy gereis"
NL-UtHUA_A363597_1105,15,"ein großer Theil wieder nach Hauſe,","ein großer Teil wieder nach Hause,","a large part of them returned home,","'n Groot deel van hulle het huis toe teruggekeer,"
NL-UtHUA_A363597_1106,15,indem viele noch mit der Ernte be⸗,indem viele noch mit der Ernte beschäftigt,as many are still busy with the harvest,aangesien baie nog besig is met die oes
NL-UtHUA_A363597_1107,15,schäftigt ſind. Die übrigen feyer⸗,sind. Die übrigen feierten,are. The others celebrated.,is. Die ander het gevier.
NL-UtHUA_A363597_1108,15,ten auch noch den 2ten Chriſttag mit,auch noch den 2. Christtag mit,also the second day of Christmas with,ook die tweede dag van Kersfees met
NL-UtHUA_A363597_1109,15,u.,und,and,en
NL-UtHUA_A363597_1111,15,"<pb n=""29b"" source=""NL-UtHUA_A363597_000029.jpg"" />","<pb n=""29b"" source=""NL-UtHUA_A363597_000029.jpg"" />","<pb n=""29b"" source=""NL-UtHUA_A363597_000029.jpg"" />","<pb n=""29b"" source=""NL-UtHUA_A363597_000029.jpg"" />"
NL-UtHUA_A363597_1112,15,"u. wir hofften, daß viele in dieſen Ta⸗","und wir hofften, dass viele in diesen Tagen",and we hoped that many would do so during these days,en ons het gehoop dat baie dit gedurende hierdie dae sou doen
NL-UtHUA_A363597_1113,15,gen hier einen Segen für ihr Herz ge⸗,hier einen Segen für ihr Herz genossen,"Here, she enjoyed a blessing for her heart.",Hier het sy 'n seën vir haar hart geniet.
NL-UtHUA_A363597_1114,15,noſſen haben. Wir haben gewiß Ur⸗,"haben. Wir haben gewiss Ursache,",We certainly have a reason.,Ons het beslis 'n rede.
NL-UtHUA_A363597_1115,15,"ſache froh u. dankbar zu ſeyn, daß bey","froh und dankbar zu sein, dass bei",to be happy and grateful that at,om bly en dankbaar te wees dat
NL-UtHUA_A363597_1116,15,"einer ſo großen Menge Menſchen, die","einer so großen Menge Menschen, die",such a large number of people who,so 'n groot aantal mense wat
NL-UtHUA_A363597_1117,15,"von ſo verſchiedener Art ſind, alles","von so verschiedener Art sind, alles","are of such different kinds, everything","is van sulke verskillende soorte, alles"
NL-UtHUA_A363597_1118,15,ſo ſtill u. ordentlich zugeht. Viele von,so still und ordentlich zugeht. Viele von,so quiet and orderly. Many of,so stil en ordelik. Baie van
NL-UtHUA_A363597_1119,15,den Chriſten logiren bey den Hotten⸗,den Christen logieren bei den Hottentotten,The Christians lodged with the Hottentots,Die Christene het by die Hottentotte gebly
NL-UtHUA_A363597_1120,15,"totten u. ſind froh, wenn ſie nur ein","und sind froh, wenn sie nur ein",and are happy if they only get one,en is bly as hulle net een kry
NL-UtHUA_A363597_1121,15,Unterkomen finden. Die übrigen neh⸗,Unterkommen finden. Die übrigen nehmen,Find accommodation. The rest take,Vind verblyf. Die res neem
NL-UtHUA_A363597_1122,15,men ihr Nachtlager auf den Wagen,ihr Nachtlager auf den Wagen,their overnight accommodation on the wagon,hul oornagverblyf op die wa
NL-UtHUA_A363597_1123,15,"oder unter einem Zelt, ſo daß wir","oder unter einem Zelt, sodass wir","or under a tent, so that we","of onder 'n tent, sodat ons"
NL-UtHUA_A363597_1124,15,jetzt wenig Belästigung davon haben.,jetzt wenig Belästigung davon haben.,now experience little inconvenience from it.,ervaar nou min ongerief daaruit.
NL-UtHUA_A363597_1125,15,Am 27ten kamen von unſern im,Am 27. kamen von unseren im,"On the 27th, our [team/group] arrived in [location].",Op die 27ste het ons [span/groep] in [ligging] aangekom.
NL-UtHUA_A363597_1126,15,Kriegsdienſt befindlichen Hottentot⸗,Kriegsdienst befindlichen Hottentotten,Hottentots serving in the war,Hottentotte wat in die oorlog dien
NL-UtHUA_A363597_1127,15,"ten 7 Gemeine u. 1 Corporal, wel⸗","7 Gemeine und 1 Korporal, welche","7 privates and 1 corporal, which","7 soldaatjies en 1 korporaal, wat"
NL-UtHUA_A363597_1128,15,che auf einige Tage Urlaub bekomen,auf einige Tage Urlaub bekommen,get a few days off,kry 'n paar dae af
NL-UtHUA_A363597_1129,15,haben bey uns an. Mit ihnen erhielten,"haben, bei uns an. Mit ihnen erhielten","have, with us. With them we received","het, met ons. Met hulle het ons ontvang"
NL-UtHUA_A363597_1130,15,wir ein Schreiben von dem Herrn,wir ein Schreiben von dem Herrn,we received a letter from the Lord,Ons het 'n brief van die Here ontvang
NL-UtHUA_A363597_1131,15,Ca⸗,Kapi-,Chapter-,Hoofstuk-
NL-UtHUA_A363597_1132,15,"<pb n=""30a"" source=""NL-UtHUA_A363597_000030.jpg"" />","<pb n=""30a"" source=""NL-UtHUA_A363597_000030.jpg"" />","<pb n=""30a"" source=""NL-UtHUA_A363597_000030.jpg"" />","<pb n=""30a"" bron=""NL-UtHUA_A363597_000030.jpg"" />"
NL-UtHUA_A363597_1133,15,"Capitain Lesueur, in welchem er ſehr","Kapitän Lesueur, in welchem er sehr","Captain Lesueur, in which he very","Kaptein Lesueur, waarin hy baie"
NL-UtHUA_A363597_1134,15,freundſchaftliche Geſinnungen gegen uns,freundschaftliche Gesinnungen gegen uns,friendly sentiments against us,vriendelike gevoelens teen ons
NL-UtHUA_A363597_1135,15,u. unſre Hottentotten an den Tag,und unsere Hottentotten an den Tag,and our Hottentots to the day,en ons Hottentotte tot vandag toe
NL-UtHUA_A363597_1136,15,"legt. Zugleich erſahen wir daraus, daß er","legt. Zugleich ersahen wir daraus, dass er","lays. At the same time, we saw from this that he",lê. Terselfdertyd het ons hieruit gesien dat hy
NL-UtHUA_A363597_1137,15,bey mehreren von unſern Leuten auf,bei mehreren von unseren Leuten auf,several of our people,verskeie van ons mense
NL-UtHUA_A363597_1138,15,"unſre Empfehlung Rückſicht genoman,",unsere Empfehlung Rücksicht genommen,Our recommendation was taken into account,Ons aanbeveling is in ag geneem
NL-UtHUA_A363597_1139,15,u. ſie als Corporals angeſtellt hat.,und sie als Korporale angestellt hat.,and employed her as a corporal.,en haar as 'n korporaal in diens geneem.
NL-UtHUA_A363597_1140,15,Am 30ten u. 31ten kam eine Geſellſchaft,Am 30. und 31. kam eine Gesellschaft,"On the 30th and 31st, a group arrived.",Op die 30ste en 31ste het 'n groep aangekom.
NL-UtHUA_A363597_1142,15,von Beſuchenden nach der andern zu,von Besuchern nach der anderen zu,from one visitor after another,van een besoeker na die ander
NL-UtHUA_A363597_1143,15,"Wagen, zu Pferde u. zu Fuß hier an","Wagen, zu Pferde und zu Fuß hier an,","Carriages, horses and foot arrive here,","Waens, perde en voetgangers kom hier aan,"
NL-UtHUA_A363597_1144,15,um den Jahresſchluß mit uns zu,um den Jahresschluss mit uns zu,to celebrate the end of the year with us,om die einde van die jaar saam met ons te vier
NL-UtHUA_A363597_1145,15,begehen. In den beyden Verſammlun⸗,"begehen. In den beiden Versammlungen,","commit. In the two assemblies,","pleeg. In die twee vergaderings,"
NL-UtHUA_A363597_1146,15,"gen, mit welchen wir das den Be⸗",mit welchen wir den Beschluss,with which we made the decision,waarmee ons die besluit geneem het
NL-UtHUA_A363597_1147,15,ſchluß des alten Jahres u. den Eintritt,des alten Jahres und den Eintritt,of the old year and the entry,van die ou jaar en die inskrywing
NL-UtHUA_A363597_1148,15,"in das neue machten, war unſre","in das neue machten, war unsere",into the new was our,in die nuwe was ons
NL-UtHUA_A363597_1149,16,"Kirche gedrängt voll Menſchen, die","Kirche gedrängt voll Menschen, die",Church crowded with people who,Kerk vol mense wat
NL-UtHUA_A363597_1150,16,alle ſehr ſtill u. aufmerkſam waren.,alle sehr still und aufmerksam waren.,They were all very quiet and attentive.,Hulle was almal baie stil en oplettend.
NL-UtHUA_A363597_1151,16,Bey dem Gebet auf den Knien mit,"Bei dem Gebet auf den Knien, mit","During prayer on one's knees, with","Tydens gebed op 'n mens se knieë, met"
NL-UtHUA_A363597_1152,16,welchem wir in das neue Jahr ein⸗,welchem wir in das neue Jahr eintra-,which we enter into the new year-,waarmee ons die nuwe jaar ingaan –
NL-UtHUA_A363597_1153,16,tra⸗,,,
NL-UtHUA_A363597_1154,16,"<pb n=""30b"" source=""NL-UtHUA_A363597_000030.jpg"" />","<pb n=""30b"" source=""NL-UtHUA_A363597_000030.jpg"" />","<pb n=""30b"" source=""NL-UtHUA_A363597_000030.jpg"" />","<pb n=""30b"" bron=""NL-UtHUA_A363597_000030.jpg"" />"
NL-UtHUA_A363597_1155,16,traten wurden ſowol von Fremden als,"traten, wurden sowohl von Fremden als","They appeared, were both by strangers and","Hulle het verskyn, was beide deur vreemdelinge en"
NL-UtHUA_A363597_1156,16,von hieſigen Einwohnern viele Dank⸗ u.,von hiesigen Einwohnern viele Dank- und,Many thanks and appreciation from local residents,Baie dank en waardering van plaaslike inwoners
NL-UtHUA_A363597_1157,16,Sündesthränen vergoſſen. Es waren,Sündentränen vergossen. Es waren,Tears of sin were shed. They were,Trane van sonde is gestort. Hulle was
NL-UtHUA_A363597_1158,16,"dießmal viele beſonders Chriſten, zum","diesmal viele, besonders Christen, zum","this time many, especially Christians, came to","hierdie keer het baie, veral Christene, gekom"
NL-UtHUA_A363597_1159,16,"erſtenmal in ihrem Leben hier, von de⸗","ersten Mal in ihrem Leben hier, von denen","first time in their lives here, of which","eerste keer in hul lewens hier, waarvan"
NL-UtHUA_A363597_1160,16,nen mehrere 3 bis 4 Tagereiſen von,mehrere 3 bis 4 Tagesreisen von,several 3 to 4 day trips from,verskeie 3 tot 4 daguitstappies vanaf
NL-UtHUA_A363597_1161,16,"hier entfernt wohnen. Weil ſie, wie","hier entfernt wohnen. Weil sie, wie","They live far away. Because they, like","Hulle woon ver weg. Want hulle, soos"
NL-UtHUA_A363597_1162,16,"ſie ſelbſt ſagten, ſehr verſchiedene, zum","sie selbst sagten, sehr verschiedene, zum","They themselves said very different things, to","Hulle het self heel verskillende dinge gesê,"
NL-UtHUA_A363597_1163,16,"Theil gute, zum Theil ſchlechte Urthei⸗","Teil gute, zum Teil schlechte Urteile","Some reviews are good, some are bad.","Sommige resensies is goed, sommige is sleg."
NL-UtHUA_A363597_1164,16,"le über uns gehört hatten, ſo kamen","über uns gehört hatten, so kamen","After hearing about us, they came","Nadat hulle van ons gehoor het, het hulle gekom"
NL-UtHUA_A363597_1165,16,"ſie jetzt, um ſelbſt zu ſehen u. zu hö⸗","sie jetzt, um selbst zu sehen und zu hören,","They now, to see and hear for themselves,","Hulle nou, om self te sien en te hoor,"
NL-UtHUA_A363597_1166,16,ren wie es nach der Wahrheit beſchaf⸗,wie es nach der Wahrheit beschaffen,as it is according to the truth,soos dit volgens die waarheid is
NL-UtHUA_A363597_1167,16,"fen ſey, u. ſie bezeugten ihre völlige","sei, und sie bezeugten ihre völlige","be, and they testified to their complete","wees, en hulle het tot hul volle volle getuig"
NL-UtHUA_A363597_1168,16,Zufriedenheit.,Zufriedenheit.,Satisfaction.,Tevredenheid.
NL-UtHUA_A363597_1169,16,Im Jahr 1803 haben 24 Erwachſene,Im Jahr 1803 haben 24 Erwachsene,"In 1803, 24 adults","In 1803, 24 volwassenes"
NL-UtHUA_A363597_1170,16,"u. 14 Kinder, zuſam̅en 38 Perſonen","und 14 Kinder, zusammen 38 Personen,","and 14 children, a total of 38 people,","en 14 kinders, 'n totaal van 38 mense,"
NL-UtHUA_A363597_1171,16,die heilige Taufe empfangen; 28 Per⸗,die heilige Taufe empfangen; 28 Personen,received holy baptism; 28 people,het heilige doop ontvang; 28 mense
NL-UtHUA_A363597_1173,16,ſonen ſind Taufcandidaten u. 14 Per⸗,sind Taufkandidaten und 14 Perso-,are baptismal candidates and 14 people-,is doopkandidate en 14 mense-
NL-UtHUA_A363597_1174,16,ſo⸗,,,
NL-UtHUA_A363597_1175,16,"<pb n=""31a"" source=""NL-UtHUA_A363597_000031.jpg"" />","<pb n=""31a"" source=""NL-UtHUA_A363597_000031.jpg"" />","<pb n=""31a"" source=""NL-UtHUA_A363597_000031.jpg"" />","<pb n=""31a"" source=""NL-UtHUA_A363597_000031.jpg"" />"
NL-UtHUA_A363597_1176,16,ſonen ſind Abendmahlscandidaten ge⸗,sonen sind Abendmahlskandidaten geworden.,They have become candidates for Holy Communion.,Hulle het kandidate vir die Heilige Nagmaal geword.
NL-UtHUA_A363597_1177,16,worden. 10 Perſonen ſind zum heili⸗,10 Personen sind zum heiligen,Ten people are going to the holy,Tien mense gaan na die heilige
NL-UtHUA_A363597_1178,16,gen Abendmahl gelangt. Geboren,Abendmahl gelangt. Geboren,Communion was received. Born,Nagmaal is ontvang. Gebore
NL-UtHUA_A363597_1179,16,"worden ſind ins Ganze 25 Kinder,","worden sind insgesamt 25 Kinder,",A total of 25 children were affected.,'n Totaal van 25 kinders is geraak.
NL-UtHUA_A363597_1180,16,von welchen 13 getaufte Eltern ha⸗,von welchen 13 getaufte Eltern haben.,of which 13 baptized parents have.,waarvan 13 gedoopte ouers het.
NL-UtHUA_A363597_1181,16,"ben. Geſtorben ſind 37 Perſonen,","Gestorben sind 37 Personen,",Thirty-seven people have died.,Sewe-en-dertig mense is dood.
NL-UtHUA_A363597_1182,16,unter welchen ſich 16 Getaufte befan⸗,unter welchen sich 16 Getaufte befanden.,among whom were 16 baptized people.,onder wie 16 gedoopte mense was.
NL-UtHUA_A363597_1183,16,den. Getraut worden ſind 2 Paare.,Getraut worden sind 2 Paare.,Two couples were married.,Twee paartjies was getroud.
NL-UtHUA_A363597_1184,16,Zum Wohnen ſind hieher gekom̅en,Zum Wohnen sind hierher gekommen,They came here to live.,Hulle het hierheen gekom om te woon.
NL-UtHUA_A363597_1185,16,"ins Ganze 122 Perſonen, nämlich","insgesamt 122 Personen, nämlich","a total of 122 people, namely","'n totaal van 122 mense, naamlik"
NL-UtHUA_A363597_1186,16,nach der Entlaßung von Militär⸗,nach der Entlassung von Militärdiensten,after discharge from military service,na ontslag uit militêre diens
NL-UtHUA_A363597_1187,16,"dienſten 45 Män̅er, welche 21 Weiber","45 Männer, welche 21 Weiber","45 men, which 21 women","45 mans, waarvan 21 vroue"
NL-UtHUA_A363597_1188,16,u. 25 Kinder mitbrachten; Von uns,und 25 Kinder mitbrachten; Von uns,and brought 25 children with them; From us,en het 25 kinders saamgebring; Van ons
NL-UtHUA_A363597_1189,16,weggezogen ſind von andern Orten,weggezogen sind von anderen Orten,have moved away from other places,het van ander plekke weggetrek
NL-UtHUA_A363597_1190,16,kamen 31 Perſonen zu uns. Von uns,kamen 31 Personen zu uns. Von uns,31 people came to us.,31 mense het na ons toe gekom.
NL-UtHUA_A363597_1191,16,weggezogen ſind ins Ganze 57 Per⸗,"weggezogen sind insgesamt 57 Personen,",A total of 57 people have moved away.,'n Totaal van 57 mense het weggetrek.
NL-UtHUA_A363597_1192,16,"ſonen, nämlich 30 Perſonen haben",nämlich 30 Personen haben,namely 30 people,naamlik 30 mense
NL-UtHUA_A363597_1193,16,"aufs neue Kriegsdienſte genom̅en,","aufs Neue Kriegsdienste genommen,","took up military service again,","weer militêre diens opgeneem,"
NL-UtHUA_A363597_1194,16,unter,unter,under,onder
NL-UtHUA_A363597_1195,16,"<pb n=""31b"" source=""NL-UtHUA_A363597_000031.jpg"" />","<pb n=""31b"" source=""NL-UtHUA_A363597_000031.jpg"" />","<pb n=""31b"" source=""NL-UtHUA_A363597_000031.jpg"" />","<pb n=""31b"" bron=""NL-UtHUA_A363597_000031.jpg"" />"
NL-UtHUA_A363597_1196,16,unter welchen ſich ein Abendmahlsgenoſſe,"unter welchen sich ein Abendmahlsgenosse,","among whom a fellow communicant,","onder wie 'n mede-kommunikant,"
NL-UtHUA_A363597_1197,16,3 Getaufte u. 3 Taufcandidaten be⸗,3 Getaufte und 3 Taufkandidaten befinden.,There are 3 baptized persons and 3 baptismal candidates.,Daar is 3 gedooptes en 3 doopkandidate.
NL-UtHUA_A363597_1198,16,finden. 27 Perſonen mußten wegen,27 Personen mussten wegen,27 people had to be treated because of,27 mense moes behandel word as gevolg van
NL-UtHUA_A363597_1199,16,ihres ſchlechten Betragens von hier weg⸗,ihres schlechten Betragens von hier weggeschickt,sent away from here for their bad behavior,van hier weggestuur vir hul slegte gedrag
NL-UtHUA_A363597_1200,16,"geſchickt werden, u. unter dieſen wa⸗","werden, und unter diesen waren","will be, and among these were","sal wees, en onder hulle was"
NL-UtHUA_A363597_1201,16,"ren 2 Abendmahlsgenoſſen, 2 Getauf⸗","2 Abendmahlsgenossen, 2 Getaufte","2 communicants, 2 baptized","2 nagmaalgangers, 2 gedooptes"
NL-UtHUA_A363597_1203,16,te u. 6 Taufcandidaten. Unſer,und 6 Taufkandidaten. Unser,and 6 baptismal candidates. Our,en 6 doopkandidate. Ons
NL-UtHUA_A363597_1204,16,Hottentotten⸗Gemeinlein beſteht,Hottentotten-Gemeinlein besteht,Hottentot community exists,Hottentot-gemeenskap bestaan
NL-UtHUA_A363597_1205,16,zum Schluß des Jahres 1803 aus,zum Schluss des Jahres 1803 aus,at the end of 1803,aan die einde van 1803
NL-UtHUA_A363597_1206,16,87 Abendmahlsgenoſſen,87 Abendmahlsgenossen,87 communicants,87 kommunikante
NL-UtHUA_A363597_1207,16,25 Abendmahlscandidaten,25 Abendmahlskandidaten,25 candidates for Holy Communion,25 kandidate vir die Heilige Nagmaal
NL-UtHUA_A363597_1208,16,110 Getauften Erwachſenen,110 Getauften Erwachsenen,110 baptized adults,110 gedoopte volwassenes
NL-UtHUA_A363597_1209,16,120 Getauften Kindern,120 Getauften Kindern,120 baptized children,120 gedoopte kinders
NL-UtHUA_A363597_1210,16,88 Taufcandidaten,88 Taufkandidaten,88 baptismal candidates,88 doopkandidate
NL-UtHUA_A363597_1211,16,"430 Perſonen, 21 mehr als zum Schluß","430 Personen, 21 mehr als zum Schluss","430 people, 21 more than at the end","430 mense, 21 meer as aan die einde"
NL-UtHUA_A363597_1212,16,des vorigen Jahres.,des vorigen Jahres.,of the previous year.,van die vorige jaar.
NL-UtHUA_A363597_1213,16,Ins Ganze wohnen hier in Bavians⸗,Insgesamt wohnen hier in Bavianskloof,A total of [number] people live here in Bavianskloof.,'n Totaal van [aantal] mense woon hier in Bavianskloof.
NL-UtHUA_A363597_1214,16,kloof in 213 Häuſern nach der dieß⸗,in 213 Häusern nach der diesjährigen,in 213 houses after this year's,in 213 huise na vanjaar se
NL-UtHUA_A363597_1215,16,jährigen Zählung,Zählung,count,tel
NL-UtHUA_A363597_1216,16,212 Män̅er,212 Männer,212 men,212 mans
NL-UtHUA_A363597_1217,16,268 Weiber,268 Weiber,268 women,268 vroue
NL-UtHUA_A363597_1218,16,580 Kinder,580 Kinder,580 children,580 kinders
NL-UtHUA_A363597_1219,16,1060 Perſonen 46 mehr als,"1060 Personen, 46 mehr als","1060 people, 46 more than","1060 mense, 46 meer as"
NL-UtHUA_A363597_1220,16,voriges Jahr.,voriges Jahr.,last year.,verlede jaar.
NL-UtHUA_A363597_1221,16,1804.,1804.,1804.,1804.
NL-UtHUA_A363597_1222,16,"<pb n=""32a"" source=""NL-UtHUA_A363597_000032.jpg"" />","<pb n=""32a"" source=""NL-UtHUA_A363597_000032.jpg"" />","<pb n=""32a"" source=""NL-UtHUA_A363597_000032.jpg"" />","<pb n=""32a"" source=""NL-UtHUA_A363597_000032.jpg"" />"
NL-UtHUA_A363597_1223,16,Jahr 1804.,Jahr 1804.,Year 1804.,Jaar 1804.
NL-UtHUA_A363597_1224,16,Die Predigt am Neujahrs⸗Tage wurde ſo,Die Predigt am Neujahrstag wurde so,The sermon on New Year's Day was thus,Die preek op Nuwejaarsdag was so
NL-UtHUA_A363597_1225,16,"zahlreich beſucht, daß viele aus Man⸗","zahlreich besucht, dass viele aus Mangel","so many people visited, due to lack of","soveel mense het besoek afgelê, as gevolg van 'n gebrek aan"
NL-UtHUA_A363597_1226,17,gel an Bänken ſich auf der Erde lagern,an Bänken sich auf der Erde lagern,lie down on benches on the ground,lê op bankies op die grond
NL-UtHUA_A363597_1227,17,mußten. Nachmittags reiſte der größte,mussten. Nachmittags reiste der größte,"had to. In the afternoon, the largest group travelled.",moes. In die middag het die grootste groep gereis.
NL-UtHUA_A363597_1228,17,Theil der Beſuchenden wieder nach Hauſe.,Teil der Besuchern wieder nach Hause.,Some of the visitors returned home.,Van die besoekers het huis toe teruggekeer.
NL-UtHUA_A363597_1229,17,Die meiſten nahmen mit Thränen,Die meisten nahmen mit Tränen,Most took it with tears.,Die meeste het dit met trane ontvang.
NL-UtHUA_A363597_1230,17,"Abſchied von uns, bezeugten ihre Freu⸗","Abschied von uns, bezeugten ihre Freude","They said goodbye to us, testifying to their joy.","Hulle het van ons afskeid geneem, as 'n getuie van hul vreugde."
NL-UtHUA_A363597_1231,17,de über ihren Beſuch u. empfahlen,über ihren Besuch und empfahlen,about their visit and recommended,oor hul besoek en aanbeveel
NL-UtHUA_A363597_1233,17,ſich unſerm Andenken im Gebet,sich unserem Andenken im Gebet,in our memory in prayer,in ons gedagtenis in gebed
NL-UtHUA_A363597_1234,17,vor unſerm lieben Herrn. Beſon⸗,vor unserem lieben Herrn. Besonders,before our dear Lord. Especially,voor ons liewe Heer. Veral
NL-UtHUA_A363597_1235,17,"ders gerührt waren einige Weiber,","gerührt waren einige Weiber,","Some women were moved,","Sommige vroue is ontroer,"
NL-UtHUA_A363597_1236,17,die um ihr Seelenheil verlegen,die um ihr Seelenheil verlegen,those concerned about their salvation,diegene wat bekommerd is oor hul redding
NL-UtHUA_A363597_1237,17,"ſind, u. denen wir die Sünderliebe","sind, und denen wir die Sünderliebe","are, and to whom we offer love for sinners","is, en aan wie ons liefde vir sondaars bied"
NL-UtHUA_A363597_1238,17,Jeſu anprieſen. Auch mehrere,Jesu anpriesen. Auch mehrere,Praised Jesus. Several others as well.,Het Jesus geprys. Verskeie ander ook.
NL-UtHUA_A363597_1239,17,"ſchwarze Sclaven kamen zu uns, um","schwarze Sklaven kamen zu uns, um",Black slaves came to us to,Swart slawe het na ons toe gekom om
NL-UtHUA_A363597_1240,17,"Abſchied zu nehmen, u. um für die","Abschied zu nehmen, und um für die","to say goodbye, and to take care of the","om totsiens te sê, en om te sorg vir die"
NL-UtHUA_A363597_1241,17,Wor⸗,Wor-,Wor-,Wor-
NL-UtHUA_A363597_1242,17,"<pb n=""32b"" source=""NL-UtHUA_A363597_000032.jpg"" />","<pb n=""32b"" source=""NL-UtHUA_A363597_000032.jpg"" />","<pb n=""32b"" source=""NL-UtHUA_A363597_000032.jpg"" />","<pb n=""32b"" bron=""NL-UtHUA_A363597_000032.jpg"" />"
NL-UtHUA_A363597_1243,17,"Worte zu danken, die ſie hier gehört","Worte zu danken, die sie hier gehört",Words of thanks that she heard here,Woorde van dank wat sy hier gehoor het
NL-UtHUA_A363597_1244,17,haben. Da wir ſeit Jahr u. Tag,haben. Da wir seit Jahr und Tag,"have, since we have been for years and years","het, aangesien ons al jare en jare lank is"
NL-UtHUA_A363597_1245,17,"keine Briefe aus dem Vaterlande, u.","keine Briefe aus dem Vaterlande, und","no letters from the fatherland, and","geen briewe uit die vaderland nie, en"
NL-UtHUA_A363597_1246,17,folglich auch keine Looſungsbücher auf,folglich auch keine Losungsbücher auf,"Consequently, no devotional books were available either.",Gevolglik was daar ook geen godsdienstige boeke beskikbaar nie.
NL-UtHUA_A363597_1247,17,"dieſes Jahr erhalten haben, ſo muß⸗","dieses Jahr erhalten haben, so mussten",who received this year had to,"wat vanjaar ontvang het, moes"
NL-UtHUA_A363597_1248,17,ten wir uns eines alten Looſungs⸗,wir uns eines alten Losungsbüchleins,we consulted an old book of daily devotions.,ons het 'n ou boek met daaglikse oordenkings geraadpleeg.
NL-UtHUA_A363597_1249,17,büchleins bedienen. Wiewohl nun,bedienen. Obwohl nun,operate. Although now,bedryf. Alhoewel nou
NL-UtHUA_A363597_1250,17,zwar Gottes Wort im̅er daſſelbe,zwar Gottes Wort immer dasselbe,God's word is always the same,God se woord is altyd dieselfde
NL-UtHUA_A363597_1251,17,"bleibt, ſo bedauerten wir doch ſehr,","bleibt, so bedauerten wir doch sehr,",We were very sorry to see it remain.,Ons was baie jammer om te sien dat dit bly staan.
NL-UtHUA_A363597_1252,17,uns nicht täglich an einem u. dem⸗,uns nicht täglich an einem und demselben,not every day at the same one,nie elke dag op dieselfde een nie
NL-UtHUA_A363597_1253,17,ſelben Worte Gottes mit unſern,Worte Gottes mit unseren,Words of God with our,Woorde van God met ons
NL-UtHUA_A363597_1254,17,Geſchwiſtern in andern Weltthei⸗,Geschwistern in anderen Weltteilen,siblings in other parts of the world,broers en susters in ander dele van die wêreld
NL-UtHUA_A363597_1255,17,len erbauen zu können. Da wir auch,erbauen zu können. Da wir auch,to be able to build. Since we also,om te kan bou. Aangesien ons ook
NL-UtHUA_A363597_1256,17,"ſonſt keinen Allmanach haben, ſo","sonst keinen Almanach haben, so","otherwise have no almanac, so","andersins geen almanak nie, so"
NL-UtHUA_A363597_1257,17,befinden wir uns in demſelben Fall,befinden wir uns in demselben Fall,We are in the same situation.,Ons is in dieselfde situasie.
NL-UtHUA_A363597_1258,17,"mit allen unſern Nachbarn, daß wir","mit allen unseren Nachbarn, dass wir","with all our neighbors, that we","met al ons bure, dat ons"
NL-UtHUA_A363597_1259,17,nähm⸗,nämlich,namely,naamlik
NL-UtHUA_A363597_1260,17,"<pb n=""33a"" source=""NL-UtHUA_A363597_000033.jpg"" />","<pb n=""33a"" source=""NL-UtHUA_A363597_000033.jpg"" />","<pb n=""33a"" source=""NL-UtHUA_A363597_000033.jpg"" />","<pb n=""33a"" source=""NL-UtHUA_A363597_000033.jpg"" />"
NL-UtHUA_A363597_1262,17,"nämlich nicht wißten, auf welchen","nämlich nicht wussten, auf welchen","namely, did not know which","naamlik, het nie geweet watter"
NL-UtHUA_A363597_1263,17,Tag Oſtern u. Pfingſten fällt.,Tag Ostern und Pfingsten fällt.,Easter and Pentecost fall on the same day.,Paasfees en Pinkster val op dieselfde dag.
NL-UtHUA_A363597_1264,17,Am 6ten Jan. als am Heidenfeſt,"Am 6. Jan., als am Heidenfest,","On January 6th, the pagan festival,","Op 6 Januarie, die heidense fees,"
NL-UtHUA_A363597_1265,17,hatten wir zuerſt um 9 Uhr mit,hatten wir zuerst um 9 Uhr mit,We first had our appointment at 9 a.m.,Ons het eers ons afspraak om 9:00 vm. gehad.
NL-UtHUA_A363597_1266,17,allen unſern Hottentotten einen,allen unseren Hottentotten einen,all our Hottentots a,al ons Hottentotte
NL-UtHUA_A363597_1267,17,"allgemeinen Morgenſegen, in wel⸗","allgemeinen Morgensegen, in welchem","general morning blessing, in which","algemene oggendseën, waarin"
NL-UtHUA_A363597_1268,17,chem wir dem Heiland die ganze,wir dem Heiland die ganze,we to the Savior the whole,ons aan die Verlosser die hele
NL-UtHUA_A363597_1269,17,"Brüderunität, u. ins beſondre alle",Brüderunität und insbesondere alle,Moravian Church and especially all,Morawiese Kerk en veral almal
NL-UtHUA_A363597_1270,17,aus den Heiden geſamelte Gemei⸗,aus den Heiden gesammelten Gemeinden,from the communities gathered from the pagans,uit die gemeenskappe wat van die heidene versamel is
NL-UtHUA_A363597_1271,17,nen zum Segnen empfahlen.,zum Segnen empfahlen.,recommended for blessing.,aanbeveel vir seën.
NL-UtHUA_A363597_1272,17,Um 10 Uhr war Predigt u. Nach⸗,Um 10 Uhr war Predigt und Nachmittags,The sermon was at 10 a.m. and in the afternoon...,Die preek was om 10:00 en in die middag...
NL-UtHUA_A363597_1273,17,mittags wurde eine Frau in Je⸗,wurde eine Frau in Jesu,was a woman in Jesus,was 'n vrou in Jesus
NL-UtHUA_A363597_1274,17,ſu Tod getauft. Tags vorher hat⸗,Tod getauft. Tags vorher hatte,Baptized dead. The day before he had,Doodgedoop. Die dag tevore het hy
NL-UtHUA_A363597_1275,17,te noch eine andre Frau auf ihrem,noch eine andere Frau auf ihrem,another woman on her,'n ander vrou op haar
NL-UtHUA_A363597_1276,17,Krankenlager die heilige Taufe,Krankenlager die heilige Taufe,"sickbed, holy baptism","siekbed, heilige doop"
NL-UtHUA_A363597_1277,17,empfangen. Abends genoſſen,empfangen. Abends genossen,received. Enjoyed in the evening.,ontvang. Geniet in die aand.
NL-UtHUA_A363597_1278,17,"wir das heilige Abendmahl, u. be⸗",wir das heilige Abendmahl und beschlos-,we celebrated Holy Communion and decided-,ons het die Heilige Nagmaal gevier en besluit-
NL-UtHUA_A363597_1279,17,ſchloß⸗,,,
NL-UtHUA_A363597_1280,17,"<pb n=""33b"" source=""NL-UtHUA_A363597_000033.jpg"" />","<pb n=""33b"" source=""NL-UtHUA_A363597_000033.jpg"" />","<pb n=""33b"" source=""NL-UtHUA_A363597_000033.jpg"" />","<pb n=""33b"" source=""NL-UtHUA_A363597_000033.jpg"" />"
NL-UtHUA_A363597_1281,17,"ſchloſſen damit dieſen Segnestag, an","schlossen damit diesen Segnestag, an","Thus, they concluded this day of blessing.",So het hulle hierdie dag van seën afgesluit.
NL-UtHUA_A363597_1282,17,welchem ſich unſer Heiland als der,welchem sich unser Heiland als der,in whom our Savior presents himself as the,in wie ons Verlosser Homself aanbied as die
NL-UtHUA_A363597_1283,17,Gott des Lichtes u. Troſtes der Heiden,Gott des Lichtes und Trostes der Heiden,God of light and comfort to the pagans,God van lig en vertroosting vir die heidene
NL-UtHUA_A363597_1284,17,gnadenvol zu uns bekante. Viele,gnadenvoll zu uns bekannte. Viele,who graciously acknowledged us. Many,wat ons genadiglik erken het. Baie
NL-UtHUA_A363597_1285,17,"Dank⸗ u. Sündesthränen bewieſen es,","Dank- und Sündentränen bewiesen es,","Tears of thanks and tears of sorrow proved it,","Trane van dank en trane van hartseer het dit bewys,"
NL-UtHUA_A363597_1286,17,daß ſeine liebe Nähe in allen unſ⸗,dass seine liebe Nähe in allen unseren,that his loving presence in all our,dat sy liefdevolle teenwoordigheid in al ons
NL-UtHUA_A363597_1287,17,ren Verſammlungen kräftig zu fühlen,Versammlungen kräftig zu fühlen,To feel gatherings strongly,Om byeenkomste sterk te voel
NL-UtHUA_A363597_1288,17,"war, u. wir wurden es zu unſrer Er⸗","war, und wir wurden es zu unserer Ermunterung","was, and we were encouraged by it.","was, en ons is daardeur aangemoedig."
NL-UtHUA_A363597_1289,17,"munterung gewahr, daß er die Bitten,","gewahr, dass er die Bitten,","aware that he was fulfilling the requests,","bewus daarvan dat hy die versoeke nakom,"
NL-UtHUA_A363597_1290,17,die an dieſem Tage von allen unſern,die an diesem Tage von allen unseren,who on this day from all our,wie op hierdie dag van al ons
NL-UtHUA_A363597_1292,17,Geſchwiſtern für uns zu ihm ge⸗,Geschwistern für uns zu ihm geschickt,sent siblings to him for us,het broers en susters na hom gestuur vir ons
NL-UtHUA_A363597_1293,17,"ſchickt werden, erhört. Den 11ten","werden, erhört. Den 11.",will be heard. On the 11th.,sal aangehoor word. Op die 11de.
NL-UtHUA_A363597_1294,17,wurde den Hottentotten bekant ge⸗,"wurde den Hottentotten bekannt gemacht,","was made known to the Hottentots,","is aan die Hottentotte bekend gemaak,"
NL-UtHUA_A363597_1295,17,"macht, daß, da die Ernte nun meiſt","dass, da die Ernte nun meist","that, since the harvest is now mostly","dat, aangesien die oes nou meestal is"
NL-UtHUA_A363597_1296,17,"beendigt iſt, ſowohl die Verſammlun⸗","beendigt ist, sowohl die Versammlungen","has ended, both the assemblies","het geëindig, beide die vergaderings"
NL-UtHUA_A363597_1297,17,"gen, als auch die Schulen wieder in",als auch die Schulen wieder in,as well as the schools reopening,sowel as die heropening van skole
NL-UtHUA_A363597_1298,17,ihrer gewöhnlichen Ordnungen wer⸗,ihrer gewöhnlichen Ordnung werden,their usual order,hul gewone volgorde
NL-UtHUA_A363597_1299,17,den,,,
NL-UtHUA_A363597_1300,17,"<pb n=""34a"" source=""NL-UtHUA_A363597_000034.jpg"" />","<pb n=""34a"" source=""NL-UtHUA_A363597_000034.jpg"" />","<pb n=""34a"" source=""NL-UtHUA_A363597_000034.jpg"" />","<pb n=""34a"" bron=""NL-UtHUA_A363597_000034.jpg"" />"
NL-UtHUA_A363597_1301,17,"den gehalten werden, wofür alle ſehr","den gehalten werden, wofür alle sehr","to be held, for which everyone very","gehou te word, waarvoor almal baie"
NL-UtHUA_A363597_1302,17,dankbar waren. Am 14ten hatten,dankbar waren. Am 14. hatten,"were grateful. On the 14th, they had",was dankbaar. Op die 14de het hulle
NL-UtHUA_A363597_1303,17,wir einen Beſuch von der alten Frau,wir einen Besuch von der alten Frau,we had a visit from the old woman,ons het besoek van die ou vrou gehad
NL-UtHUA_A363597_1304,18,"Morgelin, deren Sohn unſer Nachbar","Morgelin, deren Sohn unser Nachbar","Morgelin, whose son is our neighbor","Morgelin, wie se seun ons buurman is"
NL-UtHUA_A363597_1305,18,iſt. Sie erklärte ſich ſehr freund⸗,ist. Sie erklärte sich sehr freundschaftlich,She explained herself in a very friendly manner.,Sy het haarself op 'n baie vriendelike manier verduidelik.
NL-UtHUA_A363597_1306,18,ſchaftlich gegen uns. Außer ihr wohn⸗,gegen uns. Außer ihr wohnte,against us. Unless you lived,teen ons. Tensy jy geleef het
NL-UtHUA_A363597_1307,18,te einer unſrer nächſten Nachbarn,"einer unserer nächsten Nachbarn,","one of our nearest neighbors,","een van ons naaste bure,"
NL-UtHUA_A363597_1308,18,Herr Badmus von Guldenhaus,"Herr Badmus von Guldenhaus,","Mr. Badmus von Guldenhaus,","Mnr. Badmus von Guldenhaus,"
NL-UtHUA_A363597_1309,18,unſrer Verſammlung bey. Es war in,unserer Versammlung bei. Es war in,our meeting. It was in,ons vergadering. Dit was in
NL-UtHUA_A363597_1310,18,der Neujahrs⸗Nacht zum erſten⸗,der Neujahrsnacht zum ersten,the first of the New Year's Eve,die eerste van Oujaarsaand
NL-UtHUA_A363597_1311,18,"mal in unſrer Kirche, u. es hat ihm","Mal in unserer Kirche, und es hat ihm","Once in our church, and he liked it","Eenkeer in ons kerk, en hy het daarvan gehou"
NL-UtHUA_A363597_1312,18,"damals ſo wohl gefallen, daß er jetzt","damals so wohl gefallen, dass er jetzt",He liked it so much back then that now,Hy het dit destyds so baie geniet dat hy dit nou
NL-UtHUA_A363597_1313,18,öfters wieder kom̅t. Um dieſe Zeit,öfters wieder kommt. Um diese Zeit,It comes around more often. Around this time,Dit kom meer gereeld voor. Rondom hierdie tyd
NL-UtHUA_A363597_1314,18,war in der Nacht eins unſrer Scha⸗,war in der Nacht eines unserer Schafe,One of our sheep was there during the night,Een van ons skape was daar gedurende die nag
NL-UtHUA_A363597_1315,18,fe wahrſcheinlich von einem Jakal,wahrscheinlich von einem Schakal,probably by a jackal,waarskynlik deur 'n jakkals
NL-UtHUA_A363597_1316,18,"zerriſſen worden. Die Hottentotten,","zerrissen worden. Die Hottentotten,","They were torn apart. The Hottentots,","Hulle is uitmekaar geskeur. Die Hottentotte,"
NL-UtHUA_A363597_1317,18,welche in den folgenden Tagen dieſem,welche in den folgenden Tagen diesem,which in the following days this,wat in die volgende dae hierdie
NL-UtHUA_A363597_1318,18,"Thiere nachſtellten, erlegten drey","Tiere nachstellten, erlegten drei",Three people were hunting animals.,Drie mense was besig om diere te jag.
NL-UtHUA_A363597_1319,18,der⸗,der-,the-,die-
NL-UtHUA_A363597_1320,18,"<pb n=""34b"" source=""NL-UtHUA_A363597_000034.jpg"" />","<pb n=""34b"" source=""NL-UtHUA_A363597_000034.jpg"" />","<pb n=""34b"" source=""NL-UtHUA_A363597_000034.jpg"" />","<pb n=""34b"" bron=""NL-UtHUA_A363597_000034.jpg"" />"
NL-UtHUA_A363597_1322,18,"derſelben, u. ſpäterhin wurde ſogar in","derselben, und späterhin wurde sogar in","the same, and later even in","dieselfde, en later selfs in"
NL-UtHUA_A363597_1323,18,unſerm Garten eines gefangen.,unserem Garten eines gefangen.,We caught one in our garden.,Ons het een in ons tuin gevang.
NL-UtHUA_A363597_1324,18,Deſſen ungeachtet ſahen wir uns genö⸗,"Dessen ungeachtet sahen wir uns genötigt,","Nevertheless, we felt compelled to",Nietemin het ons ons verplig gevoel om
NL-UtHUA_A363597_1325,18,thigt des Nachts einen Wächter zu,des Nachts einen Wächter zu,a watchman at night,'n wagter in die nag
NL-UtHUA_A363597_1326,18,"halten, weil dieſe Thiere unſern","halten, weil diese Tiere unseren","keep, because these animals are our","hou, want hierdie diere is ons s'n"
NL-UtHUA_A363597_1327,18,Weinſtöcken ſehr verderblich zu wer⸗,Weinstöcken sehr verderblich zu werden,to become very perishable on grapevines,om baie bederfbaar te word op wingerdstokke
NL-UtHUA_A363597_1328,18,den anfingen. Am 19ten entſchlief,anfingen. Am 19. entschlief,"began. On the 19th, he fell asleep.",het begin. Op die 19de het hy aan die slaap geraak.
NL-UtHUA_A363597_1329,18,die am 5ten Januar getaufte Mag⸗,die am 5. Januar getaufte Magdalena.,"Magdalena, who was baptized on January 5th.","Magdalena, wat op 5 Januarie gedoop is."
NL-UtHUA_A363597_1330,18,dalena. Sie war eine von den er⸗,"Sie war eine von den ersten,","She was one of the first,","Sy was een van die eerstes,"
NL-UtHUA_A363597_1331,18,"ſten, die ſich, als unſre Brüder hie⸗","die sich, als unsere Brüder hierher",who came here as our brothers,wat hierheen gekom het as ons broers
NL-UtHUA_A363597_1332,18,"her nach Bavianskloof kamen, hier","nach Bavianskloof kamen, hier",came to Bavianskloof here,het hier na Bavianskloof gekom
NL-UtHUA_A363597_1333,18,einfanden. Sie hörte das Wort Got⸗,"einfanden. Sie hörte das Wort Gottes,","arrived. She heard the word of God,","aangekom. Sy het die woord van God gehoor,"
NL-UtHUA_A363597_1334,18,"tes, aber ohne daß daſſelbe feſte",aber ohne dass dasselbe feste,but without the same fixed,maar sonder dieselfde vaste
NL-UtHUA_A363597_1335,18,"Wurzeln hatte ſchlagen können, weil","Wurzeln hatte schlagen können, weil",had been able to take root because,kon wortel skiet omdat
NL-UtHUA_A363597_1336,18,ſie nach der Sitte der Hottentotten,sie nach der Sitte der Hottentotten,they according to the customs of the Hottentots,hulle volgens die gebruike van die Hottentotte
NL-UtHUA_A363597_1337,18,von einem Ort zum andern zog.,von einem Ort zum anderen zog.,moved from one place to another.,van een plek na 'n ander verskuif.
NL-UtHUA_A363597_1338,18,Allein der barmherzige Sünderfreund,Allein der barmherzige Sünderfreund,Only the merciful friend of sinners,Slegs die barmhartige vriend van sondaars
NL-UtHUA_A363597_1339,18,"ließ ſie keine Ruhe finden, ſie kam","ließ sie keine Ruhe finden, sie kam","She gave him no peace, she came","Sy het hom geen vrede gegee nie, sy het gekom"
NL-UtHUA_A363597_1340,18,von,von,from,van
NL-UtHUA_A363597_1341,18,"<pb n=""35a"" source=""NL-UtHUA_A363597_000035.jpg"" />","<pb n=""35a"" source=""NL-UtHUA_A363597_000035.jpg"" />","<pb n=""35a"" source=""NL-UtHUA_A363597_000035.jpg"" />","<pb n=""35a"" source=""NL-UtHUA_A363597_000035.jpg"" />"
NL-UtHUA_A363597_1342,18,"von Zeit zu Zeit wieder, u. wurde zu⸗",von Zeit zu Zeit wieder und wurde zuletzt,from time to time again and was last,van tyd tot tyd weer en was laas
NL-UtHUA_A363597_1343,18,letzt von einer ſchweren Krankheit,von einer schweren Krankheit,from a serious illness,van 'n ernstige siekte
NL-UtHUA_A363597_1344,18,"befallen, welche ſie völlig hier zu bleiben","befallen, welche sie völlig hier zu bleiben","infected, which they completely have to stay here","besmet, wat hulle heeltemal hier moet bly"
NL-UtHUA_A363597_1345,18,nöthigte. Sie wurde an allen Gliedern,nötigte. Sie wurde an allen Gliedern,forced. She was injured in all her limbs.,gedwing. Sy was in al haar ledemate beseer.
NL-UtHUA_A363597_1346,18,"ſo gelähmt, daß man ihr die Nahrung","so gelähmt, dass man ihr die Nahrung",so paralyzed that they had to stop feeding her,so verlam dat hulle moes ophou om haar te voed
NL-UtHUA_A363597_1347,18,in den Mund geben mußte. In die⸗,in den Mund geben musste. In diesem,had to put it in my mouth. In this,moes dit in my mond sit. Hierin
NL-UtHUA_A363597_1348,18,ſem ihren Zuſtand wurde ſie öfters,ihrem Zustand wurde sie öfters,She was often told about her condition,Sy is dikwels oor haar toestand vertel
NL-UtHUA_A363597_1349,18,"von uns beſucht, u. da ſie, wie ſie ſelbſt","von uns besucht, und da sie, wie sie selbst","visited by us, and since they, as they themselves","deur ons besoek, en aangesien hulle, soos hulle self"
NL-UtHUA_A363597_1350,18,"ſagte, eine große Furcht vor dem To⸗","sagte, eine große Furcht vor dem Tode",said he had a great fear of death,het gesê hy het 'n groot vrees vir die dood
NL-UtHUA_A363597_1351,18,"de hatte, ſo wurde ſie dringend ge⸗","hatte, so wurde sie dringend gebeten,","had, so she was urgently asked,","gehad, so sy is dringend gevra,"
NL-UtHUA_A363597_1353,18,"beten, das Heil ihrer Seele zu beden⸗",das Heil ihrer Seele zu bedenken.,to consider the salvation of her soul.,om die redding van haar siel te oorweeg.
NL-UtHUA_A363597_1354,18,ken. Aber erſt am 4ten Jan. dieſes,Aber erst am 4. Jan. dieses,But not until January 4th of this year,Maar eers op 4 Januarie vanjaar
NL-UtHUA_A363597_1355,18,"Jahr kam die Stunde, da ſie von ih⸗","Jahres kam die Stunde, da sie von ihrem",The year came the hour when she left her,"Die jaar het aangebreek, die uur toe sy haar verlaat het"
NL-UtHUA_A363597_1356,18,rem jamervollen Zuſtande ſo mäch⸗,jammervollen Zustand so mächtig,so powerful in a pitiful state,so kragtig in 'n jammerlike toestand
NL-UtHUA_A363597_1357,18,"tig überzeugt wurde, daß ſie nun","überzeugt wurde, dass sie nun",was convinced that they now,was oortuig dat hulle nou
NL-UtHUA_A363597_1358,18,"wirklich wußte, was es heißt ein Sün⸗","wirklich wusste, was es heißt, ein Sünder",truly knew what it meant to be a sinner,het werklik geweet wat dit beteken om 'n sondaar te wees
NL-UtHUA_A363597_1359,18,der zu ſeyn. In dieſem tiefen Ge⸗,zu sein. In diesem tiefen Gefühl,to be. In this deep feeling,om te wees. In hierdie diep gevoel
NL-UtHUA_A363597_1360,18,fühl,,,
NL-UtHUA_A363597_1361,18,"<pb n=""35b"" source=""NL-UtHUA_A363597_000035.jpg"" />","<pb n=""35b"" source=""NL-UtHUA_A363597_000035.jpg"" />","<pb n=""35b"" source=""NL-UtHUA_A363597_000035.jpg"" />","<pb n=""35b"" bron=""NL-UtHUA_A363597_000035.jpg"" />"
NL-UtHUA_A363597_1362,18,fühl ihres Elends wendete ſie ſich zu,ihres Elends wendete sie sich zu,She turned to her misery,Sy het haar tot haar ellende gewend
NL-UtHUA_A363597_1363,18,"dem, der für die Sünder geſtorben","dem, der für die Sünder gestorben",to him who died for sinners,aan Hom wat vir sondaars gesterf het
NL-UtHUA_A363597_1364,18,"iſt u. fand Gnade, Vergebung der","ist, und fand Gnade, Vergebung der","is, and found grace, forgiveness of the","is, en het genade gevind, vergifnis van die"
NL-UtHUA_A363597_1365,18,Sünden u. Ruhe für ihre arme Seele.,Sünden und Ruhe für ihre arme Seele.,Sins and rest for her poor soul.,Sondes en rus vir haar arme siel.
NL-UtHUA_A363597_1366,18,Dieſe ſelige Veränderung erzählte ſie,Diese selige Veränderung erzählte sie,She told about this blessed change,Sy het vertel van hierdie geseënde verandering
NL-UtHUA_A363597_1367,18,"mit vieler Freude, u. legte nun auch",mit vieler Freude und legte nun auch,with great joy and now also laid,met groot vreugde en nou ook gelê
NL-UtHUA_A363597_1368,18,ihren bisherigen Lebensgang mit al⸗,ihren bisherigen Lebensgang mit allen,their life story so far with all,hul lewensverhaal tot dusver met almal
NL-UtHUA_A363597_1369,18,len begangnen Sünden offenherzig,begangenen Sünden offenherzig,openly admitting the sins committed,openlik die sondes erken wat gepleeg is
NL-UtHUA_A363597_1370,18,dar. Zugleich bat ſie angelegentlich,dar. Zugleich bat sie angelegentlich,She also earnestly requested...,Sy het ook ernstig versoek ...
NL-UtHUA_A363597_1371,18,"darum, durch das Bad der heiligen","darum, durch das Bad der heiligen","Therefore, through the bath of the holy","Daarom, deur die bad van die heilige"
NL-UtHUA_A363597_1372,18,Taufe von allen ihren Sünden ab⸗,Taufe von allen ihren Sünden abgewaschen,Baptism washed away from all their sins,Die doop het van al hulle sondes weggewas
NL-UtHUA_A363597_1373,18,gewaſchen zu werden. Als ihr Tags,zu werden. Als ihr tags,to become. As you are during the day,om te word. Soos jy gedurende die dag is
NL-UtHUA_A363597_1374,18,darauf dieſe Bitte war gewährt wor⸗,darauf diese Bitte gewährt worden,This request was then granted.,Hierdie versoek is toe toegestaan.
NL-UtHUA_A363597_1375,18,"den, gab ſie es mit vieler Dankbar⸗","war, gab sie es mit vieler Dankbarkeit",She gave it away with much gratitude.,Sy het dit met groot dankbaarheid weggegee.
NL-UtHUA_A363597_1376,18,keit gegen den Heiland das Wohlſeyn,"gegen den Heiland, das Wohlsein","against the Savior, wellbeing","teen die Verlosser, welstand"
NL-UtHUA_A363597_1377,18,"ihres Herzens zu erkennen, u. legte","ihres Herzens zu erkennen, und legte","to recognize her heart, and laid","om haar hart te herken, en gelê"
NL-UtHUA_A363597_1378,18,darauf ein ſchönes Zeugniß von dem,darauf ein schönes Zeugnis von dem,a fine testimonial of the,'n goeie getuigskrif van die
NL-UtHUA_A363597_1379,18,Zu⸗,Zu---,To---,Aan---
NL-UtHUA_A363597_1380,18,,,,
NL-UtHUA_A363597_1381,19,"<pb n=""36a"" source=""NL-UtHUA_A363597_000036.jpg"" />","<pb n=""36a"" source=""NL-UtHUA_A363597_000036.jpg"" />","<pb n=""36a"" source=""NL-UtHUA_A363597_000036.jpg"" />","<pb n=""36a"" bron=""NL-UtHUA_A363597_000036.jpg"" />"
NL-UtHUA_A363597_1382,19,Zuſtand eines noch unbegnadigten,Zustand einer noch unbegnadigten,The state of someone who has not yet been pardoned,Die toestand van iemand wat nog nie begenadig is nie
NL-UtHUA_A363597_1384,19,u. einer begnadigten Seele ab. Sie,und einer begnadigten Seele ab. Sie,and a pardoned soul. She,en 'n begenadigde siel. Sy
NL-UtHUA_A363597_1385,19,ſagte: als mich mein Herz verdamm,sagte: „Als mich mein Herz verdammte,said: “When my heart condemned me,het gesê: “Toe my hart my veroordeel het
NL-UtHUA_A363597_1386,19,te u. mir meine Sünden über mein,und mir meine Sünden über mein,and my sins over my,en my sondes oor my
NL-UtHUA_A363597_1387,19,"Haupt gingen, da vergaß ich die","Haupt gingen, da vergaß ich die","Mainly, I forgot the",Hoofsaaklik het ek vergeet van die
NL-UtHUA_A363597_1388,19,Krankheit meines Leibes über dem,Krankheit meines Leibes über dem,The illness of my body above the,Die siekte van my liggaam bo die
NL-UtHUA_A363597_1389,19,Jam̅er meiner Seele. Dieſe Noth,Jammer meiner Seele. Diese Not,Wretchedness of my soul. This distress,Ellende van my siel. Hierdie nood
NL-UtHUA_A363597_1390,19,"brachte mich ſo weit, daß ich mich ge","brachte mich so weit, dass ich mich gekrümmte",It brought me to the point where I doubled over.,Dit het my tot op die punt gebring waar ek dubbeld gedraai het.
NL-UtHUA_A363597_1391,19,krüm̅t u. gewunden u. von einem,und wand und von einem,and wall and from a,en muur en van 'n
NL-UtHUA_A363597_1392,19,Fleck zum andern geworfen habe.,Fleck zum anderen geworfen habe.,I threw the stain to the other side.,Ek het die vlek na die ander kant gegooi.
NL-UtHUA_A363597_1393,19,Wenn meine Kinder mich fragten,"Wenn meine Kinder mich fragten,","When my children asked me,","Toe my kinders my gevra het,"
NL-UtHUA_A363597_1394,19,"was mir fehle, ſo konte ich ihnen","was mir fehle, so konnte ich ihnen","What I lacked, I could then tell them","Wat ek kortgekom het, kon ek toe vir hulle sê"
NL-UtHUA_A363597_1395,19,den Kum̅er meiner Seele nicht ſa,den Kummer meiner Seele nicht sagen.“,"""I cannot speak of the sorrow of my soul.""","""Ek kan nie praat oor die droefheid van my siel nie."""
NL-UtHUA_A363597_1396,19,"gen. In dieſer Lage befand ich mich,","In dieser Lage befand ich mich,","This was the situation I found myself in,","Dit was die situasie waarin ek myself bevind het,"
NL-UtHUA_A363597_1397,19,"als ich noch unbegnadigt war, aber",als ich noch unbegnadigt war. Aber,when I was still unpardoned. But,toe ek nog steeds onvergewensgesind was. Maar
NL-UtHUA_A363597_1398,19,als das Blut Jeſu auch für mich,als das Blut Jesu auch für mich,as the blood of Jesus also for me,soos die bloed van Jesus ook vir my
NL-UtHUA_A363597_1399,19,"um Barmherzigkeit rief, da iſt alle","um Barmherzigkeit rief, da ist alle","cried out for mercy, there was all","uitgeroep om genade, daar was alles"
NL-UtHUA_A363597_1400,19,Furcht vor dem Tode u. vor der Ver,Furcht vor dem Tode und vor der Verdamm-,Fear of death and damnation-,Vrees vir dood en verdoemenis -
NL-UtHUA_A363597_1401,19,dam̅,,,
NL-UtHUA_A363597_1402,19,"<pb n=""36b"" source=""NL-UtHUA_A363597_000036.jpg"" />","<pb n=""36b"" source=""NL-UtHUA_A363597_000036.jpg"" />","<pb n=""36b"" source=""NL-UtHUA_A363597_000036.jpg"" />","<pb n=""36b"" bron=""NL-UtHUA_A363597_000036.jpg"" />"
NL-UtHUA_A363597_1403,19,"damniß verſchwunden, nun weiß ich",nis verschwunden. Nun weiß ich,It disappeared. Now I know,Dit het verdwyn. Nou weet ek
NL-UtHUA_A363597_1404,19,"es, daß Jeſus auch mein Heiland iſt,","es, dass Jesus auch mein Heiland ist,","that Jesus is also my Savior,","dat Jesus ook my Verlosser is,"
NL-UtHUA_A363597_1405,19,"ich freue mich, ihn bald zu ſehen u.","ich freue mich, ihn bald zu sehen und",I'm looking forward to seeing him soon and,Ek sien uit daarna om hom binnekort te sien en
NL-UtHUA_A363597_1406,19,halte den zeitlichen Tod für einen,halte den zeitlichen Tod für einen,I consider temporal death to be a,Ek beskou tydelike dood as 'n
NL-UtHUA_A363597_1407,19,Gewinn. In dieſer Herzensſtellung,Gewinn.“ In dieser Herzensstellung,Profit.” In this heartfelt position,Wins.” In hierdie hartlike posisie
NL-UtHUA_A363597_1408,19,iſt ſie zum Segen u. zur Erbauung,ist sie zum Segen und zur Erbauung,Is it for blessing and edification?,Is dit vir seën en opbouing?
NL-UtHUA_A363597_1409,19,"vieler geblieben, bis ſie verſchied.","vieler geblieben, bis sie verschied.",many stayed until they passed away.,baie het gebly totdat hulle oorlede is.
NL-UtHUA_A363597_1410,19,Am 21ten kam Herr Desch von,Am 21. kam Herr Desch von,Mr. Desch arrived on the 21st from,Mnr. Desch het op die 21ste aangekom vanaf
NL-UtHUA_A363597_1411,19,"Stellenbosch mit einer Geſellſchaft,",Stellenbosch mit einer Gesellschaft,Stellenbosch with a company,Stellenbosch met 'n maatskappy
NL-UtHUA_A363597_1412,19,"aus dem warmen Bade, auf einen",aus dem warmen Bad auf einen,from the warm bath onto a,van die warm bad na 'n
NL-UtHUA_A363597_1414,19,Beſuch bey uns an. Er iſt einer von,Besuch bei uns an. Er ist einer von,He visited us. He is one of,Hy het ons besoek. Hy is een van
NL-UtHUA_A363597_1415,19,"den Directoren der African. Geſellſchaft,",den Direktoren der Afrikanischen Gesellschaft,the directors of the African Society,die direkteure van die Afrikaanse Vereniging
NL-UtHUA_A363597_1416,19,u. hat unſern Brüdern in der erſten,und hat unseren Brüdern in der ersten,and has given our brothers in the first,en het ons broers in die eerste plek gegee
NL-UtHUA_A363597_1417,19,"Zeit viel Freundſchaft erwieſen,","Zeit viel Freundschaft erwiesen,",Time proved to be much friendship,Tyd het baie vriendskap bewys
NL-UtHUA_A363597_1418,19,indem er ſich für die Sache des Hei,indem er sich für die Sache des Heilands,by standing up for the Savior's cause,deur op te staan vir die Verlosser se saak
NL-UtHUA_A363597_1419,19,lands mit vielem Eifer verwendete.,mit vielem Eifer verwendete.,used with great enthusiasm.,met groot entoesiasme gebruik.
NL-UtHUA_A363597_1420,19,Die,Die,The,Die
NL-UtHUA_A363597_1421,19,"<pb n=""37a"" source=""NL-UtHUA_A363597_000037.jpg"" />","<pb n=""37a"" source=""NL-UtHUA_A363597_000037.jpg"" />","<pb n=""37a"" source=""NL-UtHUA_A363597_000037.jpg"" />","<pb n=""37a"" source=""NL-UtHUA_A363597_000037.jpg"" />"
NL-UtHUA_A363597_1422,19,"die Geſellſchaft übernachtete bey uns,",die Gesellschaft übernachtete bei uns,The group stayed overnight with us.,Die groep het oornag by ons gebly.
NL-UtHUA_A363597_1423,19,u. beſuchte am folgenden Tage alle,und besuchte am folgenden Tage alle,and visited everyone the following day,en het almal die volgende dag besoek
NL-UtHUA_A363597_1424,19,unſre Verſam̅lungen. Am 5ten,unsere Versammlungen. Am 5.,our meetings. On the 5th.,ons vergaderings. Op die 5de.
NL-UtHUA_A363597_1425,19,Februar überbrachte uns der feld cor,Februar überbrachte uns der Feldkornett,"In February, the field cornet delivered the news to us",In Februarie het die veldkornet die nuus aan ons oorgebring
NL-UtHUA_A363597_1426,19,net Otto einen ſchriftlichen Befehl,Otto einen schriftlichen Befehl,Otto received a written order,Otto het 'n skriftelike bevel ontvang
NL-UtHUA_A363597_1427,19,"der Regierung, in welchem verlangt","der Regierung, in welchem verlangt","the government, in which it demands","die regering, waarin dit eis"
NL-UtHUA_A363597_1428,19,"wird, daß alle Einwohner des Landes","wird, dass alle Einwohner des Landes",will ensure that all inhabitants of the country,sal verseker dat alle inwoners van die land
NL-UtHUA_A363597_1429,19,eine gewiſſenhafte Angabe von ihrer,eine gewissenhafte Angabe von ihrer,a conscientious statement of their,'n pligsgetroue verklaring van hul
NL-UtHUA_A363597_1430,19,"Ausſaat, von dem Ertrag derſelben u.","Aussaat, von dem Ertrag derselben und","Sowing, from the yield thereof and","Saai, uit die opbrengs daarvan en"
NL-UtHUA_A363597_1431,19,"von allem Vieh, welches ſie beſitzen,","von allem Vieh, welches sie besitzen,","of all the livestock they own,","van al die vee wat hulle besit,"
NL-UtHUA_A363597_1432,19,machen ſollen. Jeder Hausvater ſoll,machen sollen. Jeder Hausvater soll,They should do that. Every head of a household should,Hulle behoort dit te doen. Elke hoof van 'n huishouding behoort
NL-UtHUA_A363597_1433,19,dieſe Angabe mit ſeiner Unterſchrift,diese Angabe mit seiner Unterschrift,this information with his signature,hierdie inligting met sy handtekening
NL-UtHUA_A363597_1434,19,"beſtätigen u. zugleich hinzüſetzen, wie","bestätigen und zugleich hinzufügen, wie",confirm and add at the same time how,bevestig en voeg terselfdertyd by hoe
NL-UtHUA_A363597_1435,19,ſtark ſeine Familie iſt. Es war eine,stark seine Familie ist. Es war eine,His family is very strong. It was a,Sy familie is baie sterk. Dit was 'n
NL-UtHUA_A363597_1436,19,Geldſtrafe von 500 rth für diejeni,Geldstrafe von 500 Rth. für diejenigen,A fine of 500 Reichsthaler will be imposed on those,'n Boete van 500 Reichstaler sal opgelê word aan diegene
NL-UtHUA_A363597_1437,19,"gen feſtgeſetzt, welche ſich hierin","festgesetzt, welche sich hierin",established which is contained herein,vasgestel wat hierin vervat is
NL-UtHUA_A363597_1438,19,nicht als getreue Unterthanen le,nicht als getreue Untertanen legi-,not legi- as loyal subjects,nie wettiglik as lojale onderdane
NL-UtHUA_A363597_1439,19,"gi,",,,
NL-UtHUA_A363597_1440,19,"<pb n=""37b"" source=""NL-UtHUA_A363597_000037.jpg"" />","<pb n=""37b"" source=""NL-UtHUA_A363597_000037.jpg"" />","<pb n=""37b"" source=""NL-UtHUA_A363597_000037.jpg"" />","<pb n=""37b"" source=""NL-UtHUA_A363597_000037.jpg"" />"
NL-UtHUA_A363597_1441,19,gitimiren. Da wir nun keine Land,gitimieren. Da wir nun keine Landbauer,gitimize. Since we are not farmers,gitimiseer. Aangesien ons nie boere is nie
NL-UtHUA_A363597_1442,19,"bauer ſind, ſondern unſer Getraide,","sind, sondern unser Getreide,","are, but our grain,","is, maar ons graan,"
NL-UtHUA_A363597_1444,19,Getränk u. Schlachtvieh uns kaufen,Getränk und Schlachtvieh uns kaufen,Buy us drinks and livestock,Koop vir ons drankies en vee
NL-UtHUA_A363597_1445,19,"müſten, ſo wüßten wir nicht, in wie","müssten, so wüssten wir nicht, inwiefern","If we had to, we wouldn't know to what extent","As ons moes, sou ons nie weet tot watter mate"
NL-UtHUA_A363597_1446,19,fern dieſe Publication uns verpflich,"diese Publikation uns verpflichtet,",This publication obliges us to,Hierdie publikasie verplig ons om
NL-UtHUA_A363597_1447,19,"tet, u. auch Herr Otto konte uns kei",und auch Herr Otto konnte uns keine,and Mr. Otto couldn't help us either,en mnr. Otto kon ons ook nie help nie
NL-UtHUA_A363597_1448,19,ne Belehrung darüber geben. Wir,Belehrung darüber geben. Wir,We will provide instruction on this.,Ons sal instruksies hieroor verskaf.
NL-UtHUA_A363597_1449,19,"hielten daher fürs beſte, uns ſchrift","hielten daher für das Beste, uns schriftlich",therefore considered it best to contact us in writing,daarom het dit die beste geag om ons skriftelik te kontak
NL-UtHUA_A363597_1450,19,lich an den Landdrost nach Stellen,an den Landdrost nach Stellenbosch,to the Landdrost to Stellenbosch,na die Landdros na Stellenbosch
NL-UtHUA_A363597_1451,19,"bosch zu wenden, und ihn um",zu wenden und ihn um,to turn him around,om hom om te keer
NL-UtHUA_A363597_1452,19,ſeine Meinung in dieſer Sache zu,seine Meinung in dieser Sache zu,his opinion on this matter,sy mening oor hierdie saak
NL-UtHUA_A363597_1453,19,befragen. Am 11ten bekamen wir,befragen. Am 11. bekamen wir,question. On the 11th we received,vraag. Op die 11de het ons ontvang
NL-UtHUA_A363597_1454,19,"die uns ſehr ſchmerzliche Nachricht,","die uns sehr schmerzliche Nachricht,","the very painful news for us,","die baie pynlike nuus vir ons,"
NL-UtHUA_A363597_1455,19,daß einer unſrer Getauften 2 Mei,dass einer unserer Getauften zwei Meilen,that one of our baptized two miles,dat een van ons gedoopte twee myl
NL-UtHUA_A363597_1456,19,len von hier von einer Schlange ge,von hier von einer Schlange gebissen,bitten by a snake from here,deur 'n slang van hier af gebyt
NL-UtHUA_A363597_1457,19,"biſſen worden ſey, u. wenige Stunden",worden sei und wenige Stunden,had been and a few hours,was en 'n paar uur
NL-UtHUA_A363597_1458,19,"da,,",da-,there,daar
NL-UtHUA_A363597_1459,20,"<pb n=""38a"" source=""NL-UtHUA_A363597_000038.jpg"" />","<pb n=""38a"" source=""NL-UtHUA_A363597_000038.jpg"" />","<pb n=""38a"" source=""NL-UtHUA_A363597_000038.jpg"" />","<pb n=""38a"" bron=""NL-UtHUA_A363597_000038.jpg"" />"
NL-UtHUA_A363597_1460,20,darauf ſein Leben geendiget habe. Er,rauf sein Leben geendet hatte. Er,his life had ended there. He,sy lewe het daar geëindig. Hy
NL-UtHUA_A363597_1461,20,"war im Jahr 1801 getauft worden,","war im Jahr 1801 getauft worden,","was baptized in 1801,","is in 1801 gedoop,"
NL-UtHUA_A363597_1462,20,war ſeiner Taufgnade treu geblie,war seiner Taufgnade treu geblieben,had remained true to the grace bestowed upon him by his baptism,het getrou gebly aan die genade wat hom deur sy doop geskenk is
NL-UtHUA_A363597_1463,20,ben u. hatte ſich durch ſein ordentli,und hatte sich durch sein ordentliches,and had distinguished himself through his proper conduct,en het homself onderskei deur sy behoorlike gedrag
NL-UtHUA_A363597_1464,20,ches Betragen ſowol bey Chriſten als,Betragen sowohl bei Christen als,Behavior of both Christians and,Gedrag van beide Christene en
NL-UtHUA_A363597_1465,20,bey ſeiner Nation allgemeine Liebe,bei seiner Nation allgemeine Liebe,His nation's universal love,Sy nasie se universele liefde
NL-UtHUA_A363597_1466,20,erworben. — Unſre Schweſtern be,erworben. Unsere Schwestern beendeten,acquired. Our sisters finished,verkry. Ons susters het klaargemaak
NL-UtHUA_A363597_1467,20,endigten in dieſen Tagen die Arbeit,in diesen Tagen die Arbeit,these days the work,deesdae die werk
NL-UtHUA_A363597_1468,20,"des Pfirſichtrocknens, mit der ſie","des Pfirsichtrocknens, mit der sie","of peach drying, with which they","van perskedroging, waarmee hulle"
NL-UtHUA_A363597_1469,20,ſich die Zeit her beſchäftigt hatten.,sich die Zeit über beschäftigt hatten.,had been busy during that time.,was gedurende daardie tyd besig.
NL-UtHUA_A363597_1470,20,Wiewol die Pfirſiche in dieſem,Obwohl die Pfirsiche in diesem,Although the peaches in this,Alhoewel die perskes hierin
NL-UtHUA_A363597_1471,20,"Jahre nicht ſo gut gerathen ſind,","Jahre nicht so gut geraten sind,",Years haven't turned out so well,Jare het nie so goed uitgedraai nie
NL-UtHUA_A363597_1472,20,"wie in andern Jahren, ſo ſind wir","wie in anderen Jahren, so sind wir","as in other years, so we are","soos in ander jare, so is ons ook"
NL-UtHUA_A363597_1474,20,doch nothdürftig damit verſehen.,doch notdürftig damit versehen.,but provided with it in a makeshift manner.,maar dit op 'n tydelike wyse voorsien.
NL-UtHUA_A363597_1475,20,Am 14ten erhielten wir einen Brief,Am 14. erhielten wir einen Brief,On the 14th we received a letter,Op die 14de het ons 'n brief ontvang
NL-UtHUA_A363597_1476,20,"von Br. Schreiter in Zeist, u.",von Br. Schreiter in Zeist und,by Br. Schreiter in Zeist and,deur Br. Schreiter in Zeist en
NL-UtHUA_A363597_1477,20,am 18ten ein Schreiben von Br.,am 18. ein Schreiben von Br.,"on the 18th, a letter from Br.","op die 18de, 'n brief van Br."
NL-UtHUA_A363597_1478,20,Sat,Satte-,Satte-,Satte-
NL-UtHUA_A363597_1479,20,"<pb n=""38b"" source=""NL-UtHUA_A363597_000038.jpg"" />","<pb n=""38b"" source=""NL-UtHUA_A363597_000038.jpg"" />","<pb n=""38b"" source=""NL-UtHUA_A363597_000038.jpg"" />","<pb n=""38b"" bron=""NL-UtHUA_A363597_000038.jpg"" />"
NL-UtHUA_A363597_1480,20,"Satterup in Koppenhagen, in welchem","rup in Kopenhagen, in welchem","rup in Copenhagen, in which","rup in Kopenhagen, waarin"
NL-UtHUA_A363597_1481,20,ein Brief unſers lieben Bruders Carl,ein Brief unseres lieben Bruders Carl,A letter from our dear brother Carl,'n Brief van ons liewe broer Carl
NL-UtHUA_A363597_1482,20,v. Forestier an Br. Rose nebſt ei,v. Forestier an Br. Rose nebst einigen,v. Forestier to Br. Rose along with some,v. Forestier aan Br. Rose saam met sommige
NL-UtHUA_A363597_1483,20,nigen andern Briefen aus dem holl,anderen Briefen aus dem hollsteinischen,other letters from Holstein,ander briewe van Holstein
NL-UtHUA_A363597_1484,20,ſteiniſchen eingeſchloſſen war. Unſre,eingeschlossen war. Unsere,was trapped. Our,was vasgekeer. Ons
NL-UtHUA_A363597_1485,20,Freude über dieſe Briefe war ſehr,Freude über diese Briefe war sehr,The joy over these letters was great.,Die vreugde oor hierdie briewe was groot.
NL-UtHUA_A363597_1486,20,"groß, u. ſie würde noch dadurch ver","groß, und sie wurde noch dadurch vermehrt,","large, and it increased even further as a result,","groot, en dit het gevolglik selfs verder toegeneem,"
NL-UtHUA_A363597_1487,20,"mehrt, daß wir zugleich durch Br.",dass wir zugleich durch Br.,that we are simultaneously through Br.,dat ons gelyktydig deur Br.
NL-UtHUA_A363597_1488,20,Satterups gütige Beſorgung 6,Satterups gütige Besorgung sechs,Satterup's kind arrangement six,Satterup se vriendelike reëling ses
NL-UtHUA_A363597_1489,20,Looſungsbücher für dieſes Jahr er,Losungsbücher für dieses Jahr erhielten.,received daily devotional books for this year.,daaglikse oordenkingsboeke vir hierdie jaar ontvang.
NL-UtHUA_A363597_1490,20,hielten. Zu unſerm Leidweſen er,Zu unserem Leidwesen ersahen,"To our regret,","Tot ons spyt,"
NL-UtHUA_A363597_1491,20,ſahen wir aus dem Briefe des Br.,wir aus dem Brief des Br.,we from the letter of Br.,ons uit die brief van Br.
NL-UtHUA_A363597_1492,20,"Forestier, daß unſre Berichte u.","Forestier, dass unsere Berichte und","Forestier, that our reports and","Forestier, dat ons verslae en"
NL-UtHUA_A363597_1493,20,Briefe von den Jahren 1802 u. 1803,Briefe von den Jahren 1802 und 1803,Letters from the years 1802 and 1803,Briewe uit die jare 1802 en 1803
NL-UtHUA_A363597_1494,20,noch nicht in die Hände unſerer,noch nicht in die Hände unserer,not yet in the hands of our,nog nie in ons hande nie
NL-UtHUA_A363597_1495,20,Geſchw̅ in Berthelsdorf gelangt,Geschwister in Berthelsdorf gelangt,Siblings in Berthelsdorf,Broers en susters in Berthelsdorf
NL-UtHUA_A363597_1496,20,waren. Hiermit ſchließen wir,waren. Hiermit schließen wir,were. We hereby conclude,was. Ons sluit hiermee af
NL-UtHUA_A363597_1497,20,un,un-,U.N-,VN-
NL-UtHUA_A363597_1498,20,"<pb n=""39a"" source=""NL-UtHUA_A363597_000039.jpg"" />","<pb n=""39a"" source=""NL-UtHUA_A363597_000039.jpg"" />","<pb n=""39a"" source=""NL-UtHUA_A363597_000039.jpg"" />","<pb n=""39a"" source=""NL-UtHUA_A363597_000039.jpg"" />"
NL-UtHUA_A363597_1499,20,"unſern diesmaligen Bericht, u. empfeh",sern diesmaligen Bericht und empfehlen,We highly recommend this report.,Ons beveel hierdie verslag sterk aan.
NL-UtHUA_A363597_1500,20,len uns u. unſre Hottentotten Ge,uns und unsere Hottentotten Gemeinde,us and our Hottentot community,ons en ons Hottentot-gemeenskap
NL-UtHUA_A363597_1502,20,meine in aller unſrer lieben Ge,in aller unserer lieben Geschwistern,in all our dear brothers and sisters,in al ons liewe broers en susters
NL-UtHUA_A363597_1503,20,ſchwiſtern u. Freunden zum Theil,und Freunden zum teilnehmenden,and friends to participate,en vriende om deel te neem
NL-UtHUA_A363597_1504,20,nehmenden Andenken u. Gebet vor,Andenken und Gebet vor,Remembrance and prayer before,Herinnering en gebed voor
NL-UtHUA_A363597_1505,20,unſerm lieben Herrn.,unserem lieben Herrn.,our dear Lord.,ons liewe Heer.
NL-UtHUA_A363597_1506,20,Christian Ludwig Rose,Christian Ludwig Rose,Christian Ludwig Rose,Christiaan Ludwig Rose
NL-UtHUA_A363597_1507,20,Johan Philipp Kohrham̅er,Johann Philipp Kohrhammer,Johann Philipp Kohrhammer,Johann Philipp Kohrhammer
NL-UtHUA_A363597_1508,20,Hendrik Marsveld,Hendrik Marsveld,Hendrik Marsveld,Hendrik Marsveld
NL-UtHUA_A363597_1509,20,Daniel Schwinn,Daniel Schwinn,Daniel Schwinn,Daniël Schwinn
NL-UtHUA_A363597_1510,20,Joh. Christian Kühnel,Joh. Christian Kühnel,Joh. Christian Kühnel,Joh. Christian Kühnel
NL-UtHUA_A363597_1511,20,"<pb n=""39b"" source=""NL-UtHUA_A363597_000039.jpg"" />","<pb n=""39b"" source=""NL-UtHUA_A363597_000039.jpg"" />","<pb n=""39b"" source=""NL-UtHUA_A363597_000039.jpg"" />","<pb n=""39b"" source=""NL-UtHUA_A363597_000039.jpg"" />"
NL-UtHUA_A363597_1512,20,Auszug aus dem Diario von Bavianscloof,Auszug aus dem Diarium von Bavianskloof,Excerpt from Bavianskloof's diary,Uittreksel uit Bavianskloof se dagboek
NL-UtHUA_A363597_1513,20,vom Monath Juny bis Ende November 1804.,vom Monat Juni bis Ende November 1804.,from the month of June to the end of November 1804.,van die maand Junie tot die einde van November 1804.
NL-UtHUA_A363597_1514,20,So wie wir in den vergangenen Monathen eine außer,So wie wir in den vergangenen Monaten eine außerordentliche,"As we have seen in recent months, an extraordinary","Soos ons die afgelope maande gesien het, 'n buitengewone"
NL-UtHUA_A363597_1515,20,"ordentliche Dürre hatten, ſo fing ſich dieſelbe ebenfalls","Dürre hatten, so fing sich dieselbe ebenfalls","During the drought, the same thing happened.",Tydens die droogte het dieselfde gebeur.
NL-UtHUA_A363597_1516,20,"mit dieſem Monath wieder an, welches unſre ganze","mit diesem Monat wieder an, welches unsere ganze","starting again this month, which our whole","begin weer hierdie maand, wat ons hele"
NL-UtHUA_A363597_1517,20,"Gegend in viele Verlegenheit ſetzt, nicht nur, daß nichts","Gegend in viele Verlegenheit setzt, nicht nur, dass nichts","which puts the area in many embarrassing situations, not only because nothing","wat die gebied in baie verleentheid plaas, nie net omdat niks"
NL-UtHUA_A363597_1518,20,"geſäet werden kan, indem der Acker wie ein Fels ist,","gesät werden kann, indem der Acker wie ein Fels ist,","Sowing can be done by ensuring the field is like a rock,","Saai kan gedoen word deur te verseker dat die land soos 'n rots is,"
NL-UtHUA_A363597_1519,20,ſondern auch das arme Vieh ſeinen Unterhalt nicht finden,sondern auch das arme Vieh seinen Unterhalt nicht finden,but also the poor livestock cannot find their sustenance,maar ook die arme vee kan nie hul lewensonderhoud vind nie
NL-UtHUA_A363597_1520,20,kan u. an vielen Orten vor Hunger sterben muß.,kann und an vielen Orten vor Hunger sterben muss.,can and in many places has to die of hunger.,kan en moet op baie plekke van honger sterf.
NL-UtHUA_A363597_1521,20,Dieſe Dürre hielt bis,Diese Dürre hielt bis,This drought lasted until,Hierdie droogte het geduur tot
NL-UtHUA_A363597_1522,20,"Am 9ten u. 10t. Juny war ſo ein heftiger Sturm, welcher","Am 9. und 10. Juni war so ein heftiger Sturm, welcher","On June 9th and 10th there was such a violent storm, which","Op 9 en 10 Junie was daar so 'n hewige storm, wat"
NL-UtHUA_A363597_1523,20,unſre Dächer u. auch mehrere beſonders drohte das Kirchen =,"unsere Dächer und auch mehrere, besonders drohte das KirchenDach","our roofs, and several others as well, especially the church roof, were in danger.","ons dakke, en ook verskeie ander, veral die kerkdak, was in gevaar."
NL-UtHUA_A363597_1524,20,"Dach gänzlich abzureißen, daher dieſelbe geſchloßen","gänzlich abzureißen, daher dasselbe geschlossen","to be completely demolished, therefore the same closed","om heeltemal gesloop te word, daarom dieselfde gesluit"
NL-UtHUA_A363597_1525,20,"wurde. Alle Mannſchaft eilte herbey, bey Tag das","wurde. Alle Mannschaft eilte herbei, bei Tag das","was. The whole team rushed over, during the day.",was. Die hele span het gedurende die dag oorgestorm.
NL-UtHUA_A363597_1526,20,Dach u. der treue Heiland lies die Mittel gelingen,"Dach, und der treue Heiland ließ die Mittel gelingen","Roof, and the faithful Savior made the means succeed","Dak, en die getroue Verlosser het die middele laat slaag"
NL-UtHUA_A363597_1527,20,"u. bewahrte unſer Gebäude, ſo daß wir nur einen","und bewahrte unser Gebäude, so dass wir nur einen","and preserved our building, so that we only had to do one","en ons gebou bewaar, sodat ons net een moes doen"
NL-UtHUA_A363597_1528,20,"kleinen Schaden erlitten, der bald wieder hergeſtellt","kleinen Schaden erlitten, der bald wieder hergestellt","suffered minor damage, which will soon be repaired.","geringe skade opgedoen, wat binnekort herstel sal word."
NL-UtHUA_A363597_1529,20,"wurde, wofür wir dem Heiland dankten.","wurde, wofür wir dem Heiland dankten.","was, for which we thanked the Savior.","was, waarvoor ons die Verlosser gedank het."
NL-UtHUA_A363597_1530,20,Den 13ten begingen wir das heil. Amahl u. hatten,Den 13. begingen wir das Heilige Abendmahl und hatten,On the 13th we celebrated Holy Communion and had,Op die 13de het ons die Heilige Nagmaal gevier en
NL-UtHUA_A363597_1532,20,auch die Freude Briefe von Br. v Forestier aus Ber,"auch die Freude, Briefe von Br. v. Forestier aus Berthelsdorf",also the joy of receiving letters from Brother von Forestier from Berthelsdorf,ook die vreugde om briewe van Broer von Forestier van Berthelsdorf te ontvang
NL-UtHUA_A363597_1533,20,"thelsdorf u. von Br. Schreiter aus Zeist zu erhalten,","und von Br. Schreiter aus Zeist zu erhalten,","and to be obtained from Brother Schreiter from Zeist,","en te verkry van Broer Schreiter van Zeist,"
NL-UtHUA_A363597_1534,20,welche uns durch den H. Gouverneur übermacht wurden.,welche uns durch den Herrn Gouverneur übermacht wurden.,which were imposed on us by the Governor.,wat deur die Goewerneur aan ons opgelê is.
NL-UtHUA_A363597_1535,20,"Den 14te Jul: beſuchte uns Capitain Weimere, der aus","Den 14. Juli besuchte uns Kapitän Weimere, der aus","On July 14th, we were visited by Captain Weimere, who came from","Op 14 Julie is ons besoek deur Kaptein Weimere, wat van"
NL-UtHUA_A363597_1536,20,China komt u. nach Emden beſtimt ist. Wir hätten,China kommt und nach Emden bestimmt ist. Wir hätten,China is coming and is headed to Emden. We would have,China kom en is op pad na Emden. Ons sou hê
NL-UtHUA_A363597_1537,21,ihm gerne Brüder nach Zeist mit gegeben; er war aber,ihm gerne Brüder nach Zeist mitgegeben; er war aber,He gladly sent brothers to Zeist with him; but he was,Hy het met graagte broers saam met hom na Zeist gestuur; maar hy was
NL-UtHUA_A363597_1538,21,"wegen des Krieges bedenklic, dieſelben mit zu nehmen.","wegen des Krieges bedenklich, dieselben mitzunehmen.","Because of the war, it's risky to take them along.",As gevolg van die oorlog is dit riskant om hulle saam te neem.
NL-UtHUA_A363597_1539,21,"Er bat ſich aber unſer Perſonalienreg. Buch aus, welches","Er bat sich aber unser Personalienregisterbuch aus, welches","However, he asked for our personal records book, which","Hy het egter vir ons persoonlike rekordboek gevra, wat"
NL-UtHUA_A363597_1540,21,"<pb n=""40a"" source=""NL-UtHUA_A363597_000040.jpg"" />","<pb n=""40a"" source=""NL-UtHUA_A363597_000040.jpg"" />","<pb n=""40a"" source=""NL-UtHUA_A363597_000040.jpg"" />","<pb n=""40a"" bron=""NL-UtHUA_A363597_000040.jpg"" />"
NL-UtHUA_A363597_1541,21,"er in Zeist vorzeigen wolle, als einen Beweis, daß","er in Zeist vorzeigen wollte, als einen Beweis, dass",he wanted to show in Zeist as proof that,hy wou in Zeist as bewys wys dat
NL-UtHUA_A363597_1542,21,er hier geweſen ſey.,er hier gewesen sei.,he had been here.,hy was hier gewees.
NL-UtHUA_A363597_1543,21,Am 14ten Jul. kam unſer Freund Peter Ditoy mit ſeinem,Am 14. Juli kam unser Freund Peter Ditoy mit seinem,"On July 14th, our friend Peter Ditoy arrived with his",Op 14 Julie het ons vriend Peter Ditoy saam met sy
NL-UtHUA_A363597_1544,21,"Bruder, u. ihren Frauen u. Kindern zum Beſuch zu uns.",Bruder und ihren Frauen und Kindern zum Besuch zu uns.,Brother and their wives and children to visit us.,Broer en hulle vrouens en kinders om ons te besoek.
NL-UtHUA_A363597_1545,21,Daniel Ditoy beſuchte unſern alten Simeon Rokkers,Daniel Ditoy besuchte unseren alten Simeon Rokkers,Daniel Ditoy visited our old Simeon Rokkers,Daniel Ditoy het by ons ou Simeon Rokkers gaan kuier
NL-UtHUA_A363597_1546,21,"u. noch einige Hottentotten, die oft in Arbeitsgemein","und noch einige Hottentotten, die oft in Arbeitsgemeinwaren","and some Hottentots, who often worked in labor unions","en sommige Hottentotte, wat dikwels in vakbonde gewerk het"
NL-UtHUA_A363597_1547,21,waren u. ſagte zum Simeon: Da ich unter dem bey ihm,und sagte zum Simeon: „Da ich unter dem bei ihm,and said to Simeon: “Since I was under the influence of him,en vir Simeon gesê: “Aangesien ek onder sy invloed was
NL-UtHUA_A363597_1548,21,"Hauſe u. deiner Aufſicht groß ge worden bin, ſo","Hause und deiner Aufsicht groß geworden bin, so","I grew up at home under your supervision, so","Ek het tuis onder jou toesig grootgeword, so"
NL-UtHUA_A363597_1549,21,"biſt Du mir noch werth; aber wer hätte denken ſollen,","bist du mir noch wert; aber wer hätte denken sollen,",Are you still worth something to me? But who would have thought...,Is jy nog steeds iets vir my werd? Maar wie sou kon dink...
NL-UtHUA_A363597_1550,21,daß Du ſo alt werden ſolteſt. Simeon antwortete,dass du so alt werden solltest.“ Simeon antwortete,"""that you should live so long."" Simeon replied","""Dat jy so lank moet lewe,"" het Simeon geantwoord."
NL-UtHUA_A363597_1551,21,"mit thränenden Augen: Ja Baas, das hat der er","mit tränenden Augen: „Ja, Baas, das hat der erbarmende","with tearful eyes: “Yes, Baas, the merciful one did that.”","met trane in die oë: “Ja, Baas, die barmhartige een het dit gedoen.”"
NL-UtHUA_A363597_1552,21,"barmende Gott gethan, der hat mich ausgeſpaart,","Gott getan, der hat mich ausgespart,","God has done, He has spared me,","God het dit gedoen, Hy het my gespaar,"
NL-UtHUA_A363597_1553,21,"daß ich ſeinen Sohn Jeſum, meinen Heiland ſoll kenen","dass ich seinen Sohn Jesum, meinen Heiland, kennen","that I may know his son Jesus, my Savior","sodat ek sy Seun Jesus, my Verlosser, kan ken"
NL-UtHUA_A363597_1554,21,"lernen, u. durch iſ mit deſen Blut, in der heil. Taufe",lernen und durch ihn mit dessen Blut in der Heiligen Taufe,learn and through him with his blood in Holy Baptism,leer en deur Hom met sy bloed in die Heilige Doop
NL-UtHUA_A363597_1555,21,von meinen Sünden abge waſchen werden ſoll. Nun,von meinen Sünden abgewaschen werden soll. Nun,I am to be cleansed of my sins. Now,Ek moet nou van my sondes gereinig word.
NL-UtHUA_A363597_1556,21,"dieſes Glück hat die Baas, mein böſes Herz zu ver","dieses Glück hat der Baas, mein böses Herz zu verändern.",The boss has the good fortune to change my evil heart.,Die baas het die geluk om my bose hart te verander.
NL-UtHUA_A363597_1557,21,"ändern. — Doch muß Baas nicht denken, als ob nun","Doch muss Baas nicht denken, als ob nun",But Baas shouldn't think as if now,Maar Baas moenie dink asof nou
NL-UtHUA_A363597_1558,21,"alles gethan ſey; Nein, die Sünde ruht noch im̅er vor","alles getan sei; nein, die Sünde ruht noch immer vor","Everything has been done; no, sin still lies dormant.","Alles is gedoen; nee, sonde lê steeds dormant."
NL-UtHUA_A363597_1559,21,"der Thür, u. ſo alt ich auch bin, ſo muß ich doch noch","der Tür, und so alt ich auch bin, so muss ich doch noch","the door, and however old I am, I still have to","die deur, en hoe oud ek ook al is, ek moet steeds"
NL-UtHUA_A363597_1560,21,"ſehen u. lüſten, das mir noch vieles fehlet; u. wen̅","sehen und lüsten, dass mir noch vieles fehlt; und wenn",to see and desire that I still lack much; and when,om te sien en te begeer dat ek nog baie kortkom; en wanneer
NL-UtHUA_A363597_1562,21,"ich das Bitten vergeße, ſo kömt die Sünde wieder","ich das Bitten vergesse, so kommt die Sünde wieder","If I forget to pray, sin returns.","As ek vergeet om te bid, keer sonde terug."
NL-UtHUA_A363597_1563,21,zur Thüre herein u. ſ. w. Dan. Ditoy ſahe mit,zur Tür herein usw.“ Dan. Ditoy sah mit,"“Come in through the door, etc.” Dan. Ditoy looked with","“Kom in deur die deur, ens.” Dan. Ditoy het gekyk met"
NL-UtHUA_A363597_1564,21,"verwundten Augen auf dieſen alten Greis, u.",verwunderten Augen auf diesen alten Greis und,wondered eyes upon this old man and,verwonderde oë het hierdie ou man aangekyk en
NL-UtHUA_A363597_1565,21,ging mit thränenden Augen von ihm weg.,ging mit tränenden Augen von ihm weg.,She walked away from him with tears in her eyes.,Sy het met trane in haar oë van hom af weggestap.
NL-UtHUA_A363597_1566,21,Am 19ten kam ein A Maſt Oſworter u. äußerte bey,Am 19. kam eine A. Mast Osworter und äußerte bei,"On the 19th, A. Mast from Oswort came and expressed her opinion.",Op die 19de het A. Mast van Oswort gekom en haar mening uitgespreek.
NL-UtHUA_A363597_1567,21,"Gelegenheit, da ſie gehört hatte, daß einige zu Tauf","Gelegenheit, da sie gehört hatte, dass einige zu Taufkandidaten","An opportunity, since she had heard that some were candidates for baptism.","'n Geleentheid, aangesien sy gehoor het dat sommige kandidate vir doop was."
NL-UtHUA_A363597_1568,21,Candidaten u. einige zur heil. Taufe waren gerufen,und einige zur Heiligen Taufe gerufen worden,and some have been called to Holy Baptism,en sommige is tot die Heilige Doop geroep
NL-UtHUA_A363597_1569,21,"worden,",,,
NL-UtHUA_A363597_1570,21,"<pb n=""40b"" source=""NL-UtHUA_A363597_000040.jpg"" />","<pb n=""40b"" source=""NL-UtHUA_A363597_000040.jpg"" />","<pb n=""40b"" source=""NL-UtHUA_A363597_000040.jpg"" />","<pb n=""40b"" bron=""NL-UtHUA_A363597_000040.jpg"" />"
NL-UtHUA_A363597_1571,21,"ſich darüber folgendermaaßen: ""Abends zuvor ging ich","waren, sich darüber folgendermaßen: „Abends zuvor ging ich","were, they said about it as follows: “The evening before I went","was, het hulle daaroor gesê soos volg: “Die aand voordat ek gegaan het"
NL-UtHUA_A363597_1572,21,"in meinen Garten, warf mich auf mein Angeſicht u.","in meinen Garten, warf mich auf mein Angesicht und","into my garden, threw myself on my face and","in my tuin, myself op my gesig gegooi en"
NL-UtHUA_A363597_1573,21,"ſagte: lieber Heiland, wenn auch ich u. mein Haus ſo","sagte: ‚Lieber Heiland, wenn auch ich und mein Haus so","said: 'Dear Savior, even if I and my house were so","het gesê: 'Liewe Verlosser, selfs al was ek en my huis so"
NL-UtHUA_A363597_1574,21,"undankbar ſind, ſo laß es doch andere in der Gemeine","undankbar sind, so lass es doch andere in der Gemeinde","If they are ungrateful, then let others in the community be ungrateful.","As hulle ondankbaar is, laat ander in die gemeenskap dan ondankbaar wees."
NL-UtHUA_A363597_1575,21,"nicht entgelten! u. nun ſehe ich es, daß der Heiland das","nicht entgelten!‘ Und nun sehe ich es, dass der Heiland das",not pay!' And now I see that the Savior the,nie betaal nie!’ En nou sien ek dat die Verlosser die
NL-UtHUA_A363597_1576,21,"Gebet armer Sünder nicht verſchmähet.""",Gebet armer Sünder nicht verschmäht.“,The prayer of a poor sinner is not despised.,Die gebed van 'n arme sondaar word nie verag nie.
NL-UtHUA_A363597_1577,21,Den 28ten Jul. hatten wir ein außerordentl. angreifende,Den 28. Juli hatten wir eine außerordentlich angreifende,On July 28th we had an exceptionally aggressive attack,Op 28 Julie het ons 'n buitengewoon aggressiewe aanval gehad
NL-UtHUA_A363597_1578,21,"Kälte, ſo daß in der Nacht die Berge ganz mit Schnee","Kälte, so dass in der Nacht die Berge ganz mit Schnee","Cold, so that at night the mountains are completely covered in snow","Koud, sodat die berge snags heeltemal met sneeu bedek is"
NL-UtHUA_A363597_1579,21,bedeckt waren u. Eis gefroren war.,bedeckt waren und Eis gefroren war.,were covered and ice was frozen.,was bedek en ys was gevries.
NL-UtHUA_A363597_1580,21,Der Monath August hielt mit ungeſtümer Kälte u. Witte,"Der Monat August hielt mit ungestümer Kälte und Witterung,","The month of August continued with stormy cold and inclement weather,","Die maand Augustus het voortgeduur met stormagtige koue en ongure weer,"
NL-UtHUA_A363597_1581,21,"rung, mit ewigen Regengüßen begleitet, im̅er fort","mit ewigen Regengüssen begleitet, immer fort","accompanied by endless downpours, ever onward","vergesel deur eindelose stortreën, altyd aan"
NL-UtHUA_A363597_1582,21,"an, ſo daß die Riviere nicht mehr zu paßiren waren.","an, so dass die Reviere nicht mehr zu passieren waren.",so that the areas could no longer be crossed.,sodat die gebiede nie meer oorgesteek kon word nie.
NL-UtHUA_A363597_1583,21,Das Regen hatte nun das dürre Erdreich wieder er,"Der Regen hatte nun das dürre Erdreich wieder erweicht,","The rain had now softened the parched soil again,","Die reën het nou weer die dorre grond sag gemaak,"
NL-UtHUA_A363597_1584,21,"weicht, daß man mit dem Pfluge nun wieder konte in die",dass man mit dem Pflug nun wieder konnte in die,that one could now once again use the plow in the,dat mens nou weer die ploeg kon gebruik in die
NL-UtHUA_A363597_1585,21,Erde kom̅en. Die Theuerung dauerte im̅er fort.,Erde kommen. Die Teuerung dauerte immer fort.,Earth came. The inflation continued unabated.,Die aarde het gekom. Die inflasie het onverpoosd voortgeduur.
NL-UtHUA_A363597_1586,21,Den 13ten wurden 2 Frauen mit Namen Erdmath und,Den 13. wurden zwei Frauen mit Namen Erdmath und,"On the 13th, two women named Erdmath and",Op die 13de het twee vroue met die naam Erdmath en
NL-UtHUA_A363597_1587,21,"Sara in Jeſu Tod getauft, u. Abends begingen wir","Sara in Jesu Tod getauft, und abends begingen wir","Sara was baptized into Jesus' death, and in the evening we celebrated","Sara is in Jesus se dood gedoop, en in die aand het ons gevier"
NL-UtHUA_A363597_1588,21,"das heil. Amahl, wobey 4 Perſonen als Landidaten","das Heilige Abendmahl, wobei vier Personen als Kandidaten","the Holy Communion, with four people as candidates","die Heilige Nagmaal, met vier persone as kandidate"
NL-UtHUA_A363597_1590,21,dabey zuſahen. — Den 24ten traten Geſchw.,dabei zusahen. Den 24. traten Geschwister,"watched. On the 24th, siblings participated.",gekyk. Op die 24ste het broers en susters deelgeneem.
NL-UtHUA_A363597_1591,21,Kohrhamers ihre Reiſe nach der Caap zu den im,Kohrhammers ihre Reise nach der Kap zu den im,Kohrhammer's journey to the Cape to the in,Kohrhammer se reis na die Kaap na die in
NL-UtHUA_A363597_1592,21,Camps ſtehenden Hottentotten an. Am 27ten erhielten,Camp stehenden Hottentotten an. Am 27. erhielten,"The camp was occupied by Hottentots. On the 27th, they received",Die kamp was deur Hottentotte beset. Op die 27ste het hulle ontvang
NL-UtHUA_A363597_1593,21,wir von dem Comendant Linde für Rechnung der Re,wir von dem Kommandanten Linde für Rechnung der Regierung,"we, from Commander Linde, on behalf of the government","ons, van Kommandeur Linde, namens die regering"
NL-UtHUA_A363597_1594,21,"gierung 3 frachten Korn, zum Austheilen für die",drei Frachten Korn zum Austeilen für die,three freights of grain to be distributed to the,drie vragte graan wat versprei moet word na die
NL-UtHUA_A363597_1595,21,"Weiber u. Kinder derjenigen Hottentotten, deren","Weiber und Kinder derjenigen Hottentotten, deren","Women and children of those Hottentots, whose","Vroue en kinders van daardie Hottentotte, wie se"
NL-UtHUA_A363597_1596,21,"Männer u. Väter, ſich im Militär Dienſten im",Männer und Väter sich im Militärdienst im,Men and fathers in military service,Mans en vaders in militêre diens
NL-UtHUA_A363597_1597,21,Camp befinden. Eine fracht Korn koſtet 72 Rth.,Camp befinden. Eine Fracht Korn kostet 72 Rth.,The camp is located. A load of grain costs 72 thalers.,Die kamp is geleë. 'n Vrag graan kos 72 thalers.
NL-UtHUA_A363597_1598,21,Den 3ten September erhielten wir Nachricht von der,Den 3. September erhielten wir Nachricht von der,On September 3rd we received news from the,Op 3 September het ons nuus ontvang van die
NL-UtHUA_A363597_1599,21,"<pb n=""41a"" source=""NL-UtHUA_A363597_000041.jpg"" />","<pb n=""41a"" source=""NL-UtHUA_A363597_000041.jpg"" />","<pb n=""41a"" source=""NL-UtHUA_A363597_000041.jpg"" />","<pb n=""41a"" bron=""NL-UtHUA_A363597_000041.jpg"" />"
NL-UtHUA_A363597_1600,21,"glücklichen Ankunft der Geſchw. Kohrhamers im Camps,","glücklichen Ankunft der Geschwister Kohrhammers im Camp,","happy arrival of the Kohrhammer siblings at the camp,","gelukkige aankoms van die Kohrhammer-broers en -susters by die kamp,"
NL-UtHUA_A363597_1601,21,woſelbst ſie ſowohl von dem daſelbst comandiren,wohin sie sowohl von dem daselbst kommandierenden,where they both from the one commanding there,waar hulle albei van die een wat daar beveel
NL-UtHUA_A363597_1602,21,"Officier, dem Hr. LeSueur, als auch nachher von dem","Offizier, dem Herrn LeSueur, als auch nachher von dem","Officer, Mr. LeSueur, as well as subsequently by the","Beampte, mnr. LeSueur, sowel as daarna deur die"
NL-UtHUA_A363597_1603,21,H. Goner. Comiſsär De Mist u. dem H. Gouv. Jansens,Herrn General-Kommissar De Mist und dem Herrn Gouverneur Jansens,Mr. General Commissioner De Mist and Mr. Governor Jansens,Mnr. Generaal Kommissaris De Mist en Mnr. Goewerneur Jansens
NL-UtHUA_A363597_1604,21,mit vieler Liebe ſind aufgenommen worden.,mit vieler Liebe aufgenommen worden sind.,have been received with much love.,is met baie liefde ontvang.
NL-UtHUA_A363597_1605,21,Der ehedem in Africa ans Roodeſand geſtandene Predi,Der ehedem in Afrika am Roodesand gestandene Prediger,The preacher who formerly stood in Africa at Roodesand,Die prediker wat voorheen in Afrika by Roodesand gestaan het
NL-UtHUA_A363597_1606,21,"ger Voos, welcher vor 2 Jahren nach England gegangen","Voos, welcher vor zwei Jahren nach England gegangen","Voos, who went to England two years ago","Voos, wat twee jaar gelede na Engeland gegaan het"
NL-UtHUA_A363597_1607,21,"war, u. nun nebſt noch 3 Sendlingen, worunter ſich","war und nun nebst noch drei Sendlingen, worunter sich","was and now, in addition to three more Sendlingens, among which was","was en nou, benewens drie verdere Sendlingens, waaronder was"
NL-UtHUA_A363597_1608,21,"auch H. Ringeltaube befand, vor einigen Tagen über","auch Herr Ringeltaube befand, vor einigen Tagen über",Mr. Ringeltaube also stated a few days ago about,Mnr. Ringeltaube het ook 'n paar dae gelede gesê oor
NL-UtHUA_A363597_1609,21,"Kopenhagen in der Caapstadt angekom̅en war, u. um",Kopenhagen in der Kapstadt angekommen war und um,Copenhagen had arrived in Cape Town and to,Kopenhagen het in Kaapstad aangekom en na
NL-UtHUA_A363597_1610,21,"Erlaubniß angehalten hatte, wieder hier bleiben zu","Erlaubnis angehalten hatte, wieder hier bleiben zu",had been granted permission to stay here again,toestemming gekry om weer hier te bly
NL-UtHUA_A363597_1611,21,"dürfen, erhielt dieſelbe nicht, u. wird mit ſeiner Frau","dürfen, erhielt dieselbe nicht und wird mit seiner Frau","He was allowed to, but did not receive the same and will be with his wife.","Hy is toegelaat, maar het nie dieselfde ontvang nie en sal by sy vrou wees."
NL-UtHUA_A363597_1612,21,u. 2 Sendlingen nach Zeilon u. Ringeltaube nebſt,und zwei Sendlingen nach Ceylon und Ringeltaube nebst,and two sendings to Ceylon and wood pigeon along with,en twee sendings na Ceylon en houtduif saam met
NL-UtHUA_A363597_1613,21,3 Sendlingen nach Madras gehen.,drei Sendlingen nach Madras gehen.,three sendries to Madras.,drie wagte na Madras.
NL-UtHUA_A363597_1614,22,Br. Rose erhielt auch einen Gruß von einem in der,Br. Rose erhielt auch einen Gruß von einem in der,Brother Rose also received a greeting from someone in the,Broer Rose het ook 'n groet ontvang van iemand in die
NL-UtHUA_A363597_1615,22,"Caap in Garniſon ſtehenden Soldaten, Namens Johan",Kap in Garnison stehenden Soldaten namens Johann,Cape garrison soldiers named Johann,Kaapse garnisoensoldate genaamd Johann
NL-UtHUA_A363597_1616,22,"Christoph Becher von Suhl in Türingen gebürtig,","Christoph Becher von Suhl in Thüringen gebürtig,","Christoph Becher was born in Suhl, Thuringia.","Christoph Becher is in Suhl, Thuringia, gebore."
NL-UtHUA_A363597_1618,22,welcher als ein Kind in der Anſtalt zu Ebersdorf,welcher als ein Kind in der Anstalt zu Ebersdorf,who as a child in the institution in Ebersdorf,wat as kind in die inrigting in Ebersdorf
NL-UtHUA_A363597_1619,22,"erzogen, nachher die Weberey daſelbst erlernt, in die","erzogen, nachher die Weberei daselbst erlernt, in die","raised, later learned weaving there, into the","grootgemaak, later daar leer weef, in die"
NL-UtHUA_A363597_1620,22,"Gemeine aufgenommen u. zum heil. Amahl gelangt war,","Gemeinde aufgenommen und zum Heiligen Abendmahl gelangt war,",had been received into the congregation and had received Holy Communion,is in die gemeente opgeneem en het die Heilige Nagmaal ontvang
NL-UtHUA_A363597_1621,22,durch Verleitung ſeines Stiefvaters aber die Gemeine,durch Verleitung seines Stiefvaters aber die Gemeinde,"through the misdirection of his stepfather, but the community","deur die misleiding van sy stiefpa, maar die gemeenskap"
NL-UtHUA_A363597_1622,22,verlaßen hat; nachher in Geſchäften nach Holland ge,verlassen hat; nachher in Geschäften nach Holland gereist,left; afterwards travelled to Holland for business.,vertrek; daarna vir sake na Holland gereis.
NL-UtHUA_A363597_1623,22,reiſet u. daſelbst in die Hände der Seelen Verkäufer,und daselbst in die Hände der Seelenverkäufer,and there into the hands of the soul sellers,en daar in die hande van die sielverkopers
NL-UtHUA_A363597_1624,22,"gerathen, aller ſeiner Habſeligkeiten beraubt u. zum","geraten, all seiner Habseligkeiten beraubt und zum",was robbed of all his belongings and taken to,is van al sy besittings beroof en na
NL-UtHUA_A363597_1625,22,"Soldaten ver kauft worden, u. kam bey der neuen",Soldaten verkauft worden und kam bei der neuen,Soldiers were sold and it came with the new,Soldate is verkoop en dit het saam met die nuwe gekom
NL-UtHUA_A363597_1626,22,Übernahme der Caap mit hieher geſchikt worden iſt.,Übernahme der Kap mit hierher geschickt worden ist.,The takeover of the Cape was sent here.,Die oorname van die Kaap is hierheen gestuur.
NL-UtHUA_A363597_1627,22,Dieſer ſuchte den Br. Rose bey ſeiner Anweſenheit,Dieser suchte den Br. Rose bei seiner Anwesenheit,He sought out Brother Rose during his presence.,Hy het Broer Rose opgesoek tydens sy teenwoordigheid.
NL-UtHUA_A363597_1628,22,an,an,to,om
NL-UtHUA_A363597_1629,22,"<pb n=""41b"" source=""NL-UtHUA_A363597_000041.jpg"" />","<pb n=""41b"" source=""NL-UtHUA_A363597_000041.jpg"" />","<pb n=""41b"" source=""NL-UtHUA_A363597_000041.jpg"" />","<pb n=""41b"" bron=""NL-UtHUA_A363597_000041.jpg"" />"
NL-UtHUA_A363597_1630,22,"an der Caap aus, u. ſchüttete mehr mit Thränen als mit",an der Kap aus und schüttete mehr mit Tränen als mit,at the Cape and shed more tears than with,aan die Kaap en meer trane gestort as met
NL-UtHUA_A363597_1631,22,"Worten, ſein Herz gegen ihn aus. Unter andern heißt es",Worten sein Herz gegen ihn aus. Unter anderem heißt es,"His heart is against him in his words. Among other things, it says","Sy hart is teen hom in sy woorde. Onder andere sê dit,"
NL-UtHUA_A363597_1632,22,in dieſem Briefe: Mein Seelenzuſtand iſt höchſt traurig,in diesem Brief: „Mein Seelenzustand ist höchst traurig,in this letter: “My state of mind is extremely sad,in hierdie brief: “My gemoedstoestand is uiters hartseer
NL-UtHUA_A363597_1633,22,u. gefährlich; wenn Reue u. Verzweiflung in meinem,"und gefährlich, wenn Reue und Verzweiflung in meinem",and dangerous when regret and despair enter my,en gevaarlik wanneer spyt en wanhoop my binnedring
NL-UtHUA_A363597_1634,22,Herzen wüthen. Nur ängstliche Seufzer u. Thränen zu,Herzen wüten. Nur ängstliche Seufzer und Tränen zu,Hearts rage. Only fearful sighs and tears.,Harte woed. Slegs vreeslike sugte en trane.
NL-UtHUA_A363597_1635,22,"meinem l. Heiland, machen meinem beklemmten Herzen einige",meinem lieben Heiland machen meinem beklemmten Herzen einige,"My dear Savior, some things fill my troubled heart","My liewe Verlosser, sommige dinge vul my onrustige hart"
NL-UtHUA_A363597_1636,22,Erleichterung. O hätte ich deinen gnädigen u. guten,Erleichterung. O hätte ich deinen gnädigen und guten,"Relief. Oh, if only I had your gracious and good grace.","Verligting. Ag, as ek maar net u genadige en goeie genade gehad het."
NL-UtHUA_A363597_1637,22,"Abſchied mit mir gehabt, vielleicht wäre ich nicht in dieſen","Abschied mit mir gehabt, vielleicht wäre ich nicht in diesen","I had said goodbye to myself, maybe I wouldn't be in this situation.","Ek het totsiens gesê vir myself, miskien sou ek nie in hierdie situasie wees nie."
NL-UtHUA_A363597_1638,22,"elenden Zuſtand gekommen. Beten Sie für mich zu dem,","elenden Zustand gekommen. Beten Sie für mich zu dem,",I have come to a miserable state. Please pray for me to the Lord.,Ek het in 'n ellendige toestand beland. Bid asseblief vir my tot die Here.
NL-UtHUA_A363597_1639,22,von dem alle Hülfe komt u. der unſre Noth kent.,von dem alle Hilfe kommt und der unsere Not kennt.“,from whom all help comes and who knows our need.”,van wie alle hulp kom en wat ons nood ken.”
NL-UtHUA_A363597_1640,22,Den 5ten meldete ein Ordonanz Reiter vom Gouverne,Den 5. meldete ein Ordonnanzreiter vom Gouvernement,The 5th was reported by an orderly mounted officer from the government.,Die 5de is aangemeld deur 'n ordelike berede offisier van die regering.
NL-UtHUA_A363597_1641,22,ment folgende Perſonen zu einer Mittags-Mahlzeit,folgende Personen zu einer Mittagsmahlzeit,The following people were invited to lunch.,Die volgende persone is genooi vir middagete.
NL-UtHUA_A363597_1642,22,bey uns an: neml. den H. Capitain Paravicini de,bei uns an: nämlich den Herrn Kapitän Paravicini de,with us: namely Captain Paravicini de,met ons: naamlik Kaptein Paravicini de
NL-UtHUA_A363597_1643,22,"Capelli, Adjutant des H. Gouvern: den Sohn des H.","Capelli, Adjutanten des Herrn Gouverneurs, den Sohn des Herrn","Capelli, adjutants to the Governor, the son of the Lord","Capelli, adjudante van die Goewerneur, die seun van die Heer"
NL-UtHUA_A363597_1644,22,"Gouvern. mit ſeinem Hofmeiſter H. Lichtenstein, den","Gouverneurs mit seinem Hofmeister Herrn Lichtenstein, den","Governor with his chamberlain, Mr. Lichtenstein, the","Goewerneur saam met sy kamerheer, mnr. Lichtenstein, die"
NL-UtHUA_A363597_1646,22,"Rittmeiſter Harting, den Lieut. de Labat u. den","Rittmeister Harting, den Leutnant de Labat und den","Captain Harting, Lieutenant de Labat and the","Kaptein Harting, Luitenant de Labat en die"
NL-UtHUA_A363597_1647,22,Lieut. Meyer nebſt 3 Dragoner. Nachdem ſie ſich,Leutnant Meyer nebst drei Dragonern. Nachdem sie sich,Lieutenant Meyer and three dragoons. After they,Luitenant Meyer en drie dragonders. Nadat hulle
NL-UtHUA_A363597_1648,22,"einige Stunden hier aufgehalten, u. zu Mittag mit",einige Stunden hier aufgehalten und zu Mittag mit,Spent a few hours here and had lunch with,Het 'n paar uur hier deurgebring en middagete geëet saam met
NL-UtHUA_A363597_1649,22,"uns geſpeiſet, wo auch ihre Leute eine Anzahl Schul","uns gespeist, wo auch ihre Leute eine Anzahl Schulkinder",We were fed where their people also had a number of schoolchildren,Ons is gevoed waar hul mense ook 'n aantal skoolkinders gehad het
NL-UtHUA_A363597_1650,22,"Kinder während der Mahlzeit, die Geſellſchaft mit",während der Mahlzeit die Gesellschaft mit,"during the meal, the company with","tydens die ete, die geselskap met"
NL-UtHUA_A363597_1651,22,"dem Geſang einiger Verſe unterhielten, worüber","dem Gesang einiger Verse unterhielten, worüber","They entertained themselves by singing some verses, about which","Hulle het hulself vermaak deur 'n paar verse te sing, waaroor"
NL-UtHUA_A363597_1652,22,"ſie viel Vergnügen bezeigten, ſo hinterließen ſie","sie viel Vergnügen bezeigten, so hinterließen sie","Since they showed much enjoyment, they left behind","Aangesien hulle baie genot getoon het, het hulle agtergelaat"
NL-UtHUA_A363597_1653,22,10 Rth für die Kinder u. ſetzten ihre Reiſe weiter,zehn Rth. für die Kinder und setzten ihre Reise weiter,ten Reichsthaler for the children and continued their journey,tien Reichstaler vir die kinders en het hul reis voortgesit
NL-UtHUA_A363597_1654,22,"fort, welche ſie für den Wirth getrocknete Pfirsige aus","fort, für deren Wirt getrocknete Pfirsiche ausgeteilt","away, for whose host dried peaches were distributed","weg, vir wie se gasheer gedroogde perskes uitgedeel is"
NL-UtHUA_A363597_1655,22,getheilt wurden. Am 2 Sept. hat Br. Kohrhamer,wurden. Am 2. Sept. hat Br. Kohrhammer,"were. On September 2nd, Brother Kohrhammer","was. Op 2 September, Broer Kohrhammer"
NL-UtHUA_A363597_1656,22,die erſte Predigt im Camp unter freyem Him̅el,die erste Predigt im Camp unter freiem Himmel,"the first sermon in the camp, held outdoors","die eerste preek in die kamp, buite gehou"
NL-UtHUA_A363597_1657,22,gehalten. Nach der Zeit hat der Gouverneur ein,gehalten. Nach dieser Zeit hat der Gouverneur ein,"held. After this time, the governor held a",gehou. Na hierdie tyd het die goewerneur 'n
NL-UtHUA_A363597_1658,22,"<pb n=""42a"" source=""NL-UtHUA_A363597_000042.jpg"" />","<pb n=""42a"" source=""NL-UtHUA_A363597_000042.jpg"" />","<pb n=""42a"" source=""NL-UtHUA_A363597_000042.jpg"" />","<pb n=""42a"" bron=""NL-UtHUA_A363597_000042.jpg"" />"
NL-UtHUA_A363597_1659,22,"großes Zelt aufſchlagen laßen, worunter er","großes Zelt aufschlagen lassen, worunter er,","had a large tent erected, under which he,","het 'n groot tent opgerig, waaronder hy,"
NL-UtHUA_A363597_1660,22,Prediger u. die Officier ihren Platz genomen. Die,Prediger und die Offiziere ihren Platz genommen. Die,The preacher and the officers took their places.,Die predikant en die offisiere het hul plekke ingeneem.
NL-UtHUA_A363597_1661,22,Hottentotten ſaßen um das Zelt herum.,Hottentotten saßen um das Zelt herum.,Hottentots sat around the tent.,Hottentotte het rondom die tent gesit.
NL-UtHUA_A363597_1662,22,Da das Corps nachher zur Vertheidigung in die,Da das Korps nachher zur Verteidigung in die,Since the corps was later deployed for defense into the,Aangesien die korps later vir verdediging ontplooi is in die
NL-UtHUA_A363597_1663,22,"Stadt beordert wurde, ſo wurde Br. Kohrh.","Stadt beordert wurde, so wurde Br. Kohrhammer","When the city was ordered to do so, Brother Kohrhammer was ordered to do so.","Toe die stad beveel is om dit te doen, is Broer Kohrhammer beveel om dit te doen."
NL-UtHUA_A363597_1664,22,mit vielem Dank von der Regierung entlaßen,mit vielem Dank von der Regierung entlassen,Dismissed with many thanks from the government,Met groot dank van die regering afgedank
NL-UtHUA_A363597_1665,22,u. kam den 12ten October wieder in Bavians Cloof an.,und kam den 12. Oktober wieder in Bavianskloof an.,and arrived back in Bavianskloof on October 12th.,en het op 12 Oktober terug in Bavianskloof aangekom.
NL-UtHUA_A363597_1666,22,Die Regierung erſuchte uns in einem freundſchaftl.,Die Regierung ersuchte uns in einem freundschaftlichen,The government asked us in a friendly manner,Die regering het ons op 'n vriendelike manier gevra
NL-UtHUA_A363597_1667,22,"Schreiben, die Weiber u. Kinder derer Männer,","Schreiben, die Weiber und Kinder der Männer,","Writing, the wives and children of men,","Skryfwerk, die vrouens en kinders van mans,"
NL-UtHUA_A363597_1668,22,"die im Militair Dienſt ſind, bey uns aufzuneh","die im Militärdienst sind, bei uns aufzunehmen,",to take in those who are serving in the military,om diegene in te neem wat in die weermag dien
NL-UtHUA_A363597_1669,22,"men, für deren nothwendigen Unterhalt das",für deren notwendigen Unterhalt das,for their necessary upkeep,vir hul nodige onderhoud
NL-UtHUA_A363597_1670,22,Gouvernement Sorge tragen würde. Am 11ten,Gouvernement Sorge tragen würde. Am 11.,The government would take care of it. On the 11th.,Die regering sou daarvoor sorg. Op die 11de.
NL-UtHUA_A363597_1671,22,kam der erſte Transport aus dem Camp an den,kam der erste Transport aus dem Camp an den,The first transport from the camp arrived at the,Die eerste vervoer vanaf die kamp het aangekom by die
NL-UtHUA_A363597_1673,22,Weinbergen bey uns an. Der Anblick der etl.,Weinbergen bei uns an. Der Anblick der etwa,vineyards near us. The sight of the approximately,wingerde naby ons. Die gesig van die ongeveer
NL-UtHUA_A363597_1674,22,"u. 80 Weibern ohne die Kinder, die halb verhun","und 80 Weibern ohne die Kinder, die halb verhungert","and 80 women without the children, who were half-starved","en 80 vroue sonder die kinders, wat half-uitgehonger was"
NL-UtHUA_A363597_1675,22,"gert u. fast ohne Kleidung waren, rührte uns","und fast ohne Kleidung waren, rührte uns","and being almost without clothes, moved us","en omdat ons amper sonder klere was, het ons ontroer"
NL-UtHUA_A363597_1676,22,"außerordentlich, u. wir ſuchten ſo viel mögl.","außerordentlich, und wir suchten so viel möglich","extraordinary, and we sought as much as possible","buitengewoon, en ons het soveel as moontlik gesoek"
NL-UtHUA_A363597_1677,22,ſogleich ihren Hunger zu stillen u. ſie unterzu,sogleich ihren Hunger zu stillen und sie unterzubringen.,to immediately satisfy their hunger and provide them with accommodation.,om onmiddellik hul honger te stil en hulle van verblyf te voorsien.
NL-UtHUA_A363597_1678,22,bringen. Den 13ten kam der 2te Transport,Den 13. kam der zweite Transport,The second transport arrived on the 13th.,Die tweede vervoer het op die 13de aangekom.
NL-UtHUA_A363597_1679,22,"an u. am 15ten der 3te Transport, ſo daß wir","an und am 15. der dritte Transport, so dass wir","and on the 15th the third transport, so that we","en op die 15de die derde vervoer, sodat ons"
NL-UtHUA_A363597_1680,22,zuſam̅en 187 Weiber u. Kinder von allerley,zusammen 187 Weiber und Kinder von allerlei,a total of 187 women and children of all kinds,'n totaal van 187 vroue en kinders van alle soorte
NL-UtHUA_A363597_1681,22,Art Menſchen bey uns haben. Dieſes iſt nun,Art Menschen bei uns haben. Dieses ist nun,We have a certain type of person among us. This is now,Ons het 'n sekere tipe persoon onder ons. Dit is nou
NL-UtHUA_A363597_1682,22,keine geringe Beſchwerde für uns: Allein in,keine geringe Beschwerde für uns. Allein in,No small complaint for us.,Geen geringe klagte vir ons nie.
NL-UtHUA_A363597_1683,22,"der Hofnung, daß der Saame des Evangelii bey","der Hoffnung, dass der Same des Evangeliums bei",the hope that the seed of the gospel will be borne by,die hoop dat die saad van die evangelie gedra sal word deur
NL-UtHUA_A363597_1684,22,"manchen doch Frucht bringen könte, ſo unterzogen","manchen doch Frucht bringen könnte, so unterzogen","Some might bear fruit, so subjected","Sommige mag vrugte dra, so onderwerp"
NL-UtHUA_A363597_1685,22,"wir uns doch gerne dieſer Schwierigkeit, u. übten",wir uns doch gerne dieser Schwierigkeit und übten,We gladly accepted this difficulty and practiced.,Ons het hierdie moeilikheid met graagte aanvaar en geoefen.
NL-UtHUA_A363597_1686,22,Barmherzigkeit an ihren aus. Der,Barmherzigkeit an ihnen aus. Der,Show mercy to them.,Betoon genade aan hulle.
NL-UtHUA_A363597_1687,22,"<pb n=""42b"" source=""NL-UtHUA_A363597_000042.jpg"" />","<pb n=""42b"" source=""NL-UtHUA_A363597_000042.jpg"" />","<pb n=""42b"" source=""NL-UtHUA_A363597_000042.jpg"" />","<pb n=""42b"" bron=""NL-UtHUA_A363597_000042.jpg"" />"
NL-UtHUA_A363597_1688,22,Der Comandeur der Hottentotten le Sueur ſchickte uns,Der Kommandeur der Hottentotten Le Sueur schickte uns,The Hottentot commander Le Sueur sent us,Die Hottentot-bevelvoerder Le Sueur het ons gestuur
NL-UtHUA_A363597_1689,22,mit einem expreßen 20 Rth von denen im Dienſt ſte,mit einem Expressen 20 Rth. von den im Dienst stehenden,with an express train 20 Rth. from those on duty,met 'n sneltrein 20 Rth. van diegene aan diens
NL-UtHUA_A363597_1690,22,"henden Soldaten, für ihre Weiber u. Kinder, die","Soldaten für ihre Weiber und Kinder, die","Soldiers for their wives and children, who","Soldate vir hul vrouens en kinders, wat"
NL-UtHUA_A363597_1691,22,ſogleich ausgetheilt wurden. Es kam auch eine,sogleich ausgeteilt wurden. Es kam auch eine,were immediately handed out. A,is onmiddellik uitgedeel. A
NL-UtHUA_A363597_1692,23,Comiſsion die Vertheilung des Korns betreffend,Kommission die Verteilung des Korns betreffend,Commission concerning the distribution of grain,Kommissie aangaande die verspreiding van graan
NL-UtHUA_A363597_1693,23,"bey uns an, welches wochentl. auch von uns geſchieht.","bei uns an, welches wöchentlich auch von uns geschieht.","with us, which we also do weekly.","met ons, wat ons ook weekliks doen."
NL-UtHUA_A363597_1694,23,Es müsten nun alle Einwohner des Landes zur,Es mussten nun alle Einwohner des Landes zur,All inhabitants of the country now had to go to,Alle inwoners van die land moes nou gaan na
NL-UtHUA_A363597_1695,23,Vertheidigung die Waffen ergreifen u. auch zu dieſem,Verteidigung die Waffen ergreifen und auch zu diesem,"Defense, taking up arms, and also to this","Verdediging, die opneem van wapens, en ook hieraan"
NL-UtHUA_A363597_1696,23,"Ende bey uns 24 Mann Hottent: ausgehoben, die ihre","Ende bei uns 24 Mann Hottentotten ausgehoben, die ihre","In the end, 24 Hottentot men were rounded up from our area.",Uiteindelik is 24 Hottentot-mans uit ons gebied aangekeer.
NL-UtHUA_A363597_1697,23,"Weiber u. Kinder zurücklaßen. Es thut uns zwar weh,","Weiber und Kinder zurücklassen. Es tut uns zwar weh,","Leaving behind wives and children. It hurts us, though,",Laat vrouens en kinders agter. Dit maak ons egter seer.
NL-UtHUA_A363597_1698,23,"dieſes arme Volk ohne Pflege zu verlaßen, wir","dieses arme Volk ohne Pflege zu verlassen, wir","to abandon this poor people without care, we","om hierdie arme volk sonder sorg te verlaat, ons"
NL-UtHUA_A363597_1699,23,müßen uns aber ſchon darin ergeben.,müssen uns aber schon darin ergeben.,But we must surrender to that.,Maar ons moet ons daaraan oorgee.
NL-UtHUA_A363597_1700,23,Nota.,Nota.,Note.,Let wel.
NL-UtHUA_A363597_1701,23,Der Monath November enthält außer Br.,Der Monat November enthält außer Br.,"The month of November contains, besides Br.","Die maand November bevat, benewens Br."
NL-UtHUA_A363597_1703,23,"Roses Krankheit, nichts merkw. anmerkliches.",Roses Krankheit nichts Merkwürdiges Anmerkliches.,Rose's illness showed nothing unusual or noteworthy.,Rose se siekte het niks ongewoons of noemenswaardigs getoon nie.
NL-UtHUA_A363597_1704,23,,,,
NL-UtHUA_A363597_1705,23,"<pb n=""43"" source=""NL-UtHUA_A363597_000043.jpg"" />","<pb n=""43"" source=""NL-UtHUA_A363597_000043.jpg"" />","<pb n=""43"" source=""NL-UtHUA_A363597_000043.jpg"" />","<pb n=""43"" source=""NL-UtHUA_A363597_000043.jpg"" />"
NL-UtHUA_A363597_1706,23,Aus dem Bericht von der Hottentotten Gemeine,Aus dem Bericht von der Hottentotten-Gemeinde,From the report of the Hottentot community,Uit die verslag van die Hottentot-gemeenskap
NL-UtHUA_A363597_1707,23,und zwar zu Bavianscloof,und zwar zu Bavianskloof,namely to Bavianskloof,naamlik na Bavianskloof
NL-UtHUA_A363597_1708,23,Vom December 1804 bis May 1805.,Vom Dezember 1804 bis Mai 1805.,From December 1804 to May 1805.,Van Desember 1804 tot Mei 1805.
NL-UtHUA_A363597_1709,23,"Die Krankheit unsers Br. Rose, welche bis","Die Krankheit unseres Br. Rose, welche bis","The illness of our Brother Rose, which lasted until","Die siekte van ons Broer Rose, wat geduur het tot"
NL-UtHUA_A363597_1710,23,"hieher über einen Monat anhielt, warf ihn zu","hierher über einen Monat anhielt, warf ihn zu","who stayed here for over a month, threw him","wat meer as 'n maand hier gebly het, het hom gegooi"
NL-UtHUA_A363597_1711,23,"Anfang des Decbr. aufs neue nieder, u. verursachte",Anfang des Dezembers aufs Neue nieder und verursachte,It struck again at the beginning of December and caused,Dit het weer aan die begin van Desember toegeslaan en veroorsaak
NL-UtHUA_A363597_1712,23,"eine Geschwulst derselben, an welcher der Kranke","eine Geschwulst derselben, an welcher der Kranke","a tumor of the same, from which the patient","'n gewas van dieselfde, waaruit die pasiënt"
NL-UtHUA_A363597_1713,23,viele Schmerzen litt.,viele Schmerzen litt.,suffered a lot of pain.,baie pyn verduur.
NL-UtHUA_A363597_1714,23,Da ein großer Theil unserer Hottentotten sich vor,Da ein großer Teil unserer Hottentotten sich vor,Since a large part of our Hottentots were in front,Aangesien 'n groot deel van ons Hottentotte voor was
NL-UtHUA_A363597_1715,23,"einiger Zeit zu den benachbarten Bauren begab,","einiger Zeit zu den benachbarten Bauern begab,","after some time went to the neighboring farmers,","na 'n rukkie na die naburige boere gegaan,"
NL-UtHUA_A363597_1716,23,"um daselbst bey der Ernte zu helfen, so muß⸗","um daselbst bei der Ernte zu helfen, so mussten","to help with the harvest there, they had to","om met die oes daar te help, moes hulle"
NL-UtHUA_A363597_1717,23,ten wir die Schulen u. andere von den wochent⸗,wir die Schulen und andere der wöchentlichen,we the schools and other weekly,ons die skole en ander weeklikse
NL-UtHUA_A363597_1718,23,lichen Versammlungen aussetzen; Die Hitze erreich⸗,Versammlungen aussetzen; die Hitze erreichte,suspend meetings; the heat reached,skort vergaderings op; die hitte het bereik
NL-UtHUA_A363597_1719,23,te in diesem Monat einen außerordentlichen Grad.,in diesem Monat einen außerordentlichen Grad.,an extraordinary degree this month.,'n buitengewone graad hierdie maand.
NL-UtHUA_A363597_1720,23,"Zugleich herrschte eine solche Dürre, daß an meh⸗","Zugleich herrschte eine solche Dürre, dass an meh⸗","At the same time, there was such a drought that more⸗",Terselfdertyd was daar so 'n droogte dat meer⸗
NL-UtHUA_A363597_1721,23,reren Orten für Menschen u. Vieh kein Waßer,reren Orten für Menschen und Vieh kein Wasser,There is no water for people and livestock in these places.,Daar is geen water vir mense en vee in hierdie plekke nie.
NL-UtHUA_A363597_1722,23,"mehr zu bekömen war; Ja es kam so weit, daß man","mehr zu bekommen war; ja, es kam so weit, dass man","to get more; yes, it got to the point where one","om meer te kry; ja, dit het tot die punt gekom waar een"
NL-UtHUA_A363597_1723,23,"Waßer auf 1 Stund weit, von unrer angehörigen Hottent:","Wasser auf eine Stunde weit, von unseren angehörigen Hottentotten","Water for an hour's journey, from our fellow Hottentots","Water vir 'n uur se reis, van ons mede-Hottentotte"
NL-UtHUA_A363597_1724,23,"holen mußte, ehe man einen Troppen","holen musste, ehe man einen Tropfen",had to get before a drop,moes voor 'n druppel kom
NL-UtHUA_A363597_1725,23,genießen konnte.,genießen konnte.,could enjoy it.,kon dit geniet.
NL-UtHUA_A363597_1726,23,Am 11t Dec. kam ein Transport von 28 Mann neu,Am 11. Dez. kam ein Transport von 28 Mann neu,"On December 11th, a transport of 28 new men arrived.",Op 11 Desember het 'n transport van 28 nuwe mans aangekom.
NL-UtHUA_A363597_1727,23,"<pb n=""44a"" source=""NL-UtHUA_A363597_000044.jpg"" />","<pb n=""44a"" source=""NL-UtHUA_A363597_000044.jpg"" />","<pb n=""44a"" source=""NL-UtHUA_A363597_000044.jpg"" />","<pb n=""44a"" bron=""NL-UtHUA_A363597_000044.jpg"" />"
NL-UtHUA_A363597_1728,23,geworbenen Hottentotten hier durch. Der Comandeur,geworbenen Hottentotten hier durch. Der Kommandeur,Recruited Hottentots through here. The commander,Het Hottentotte hierdeur gewerf. Die bevelvoerder
NL-UtHUA_A363597_1729,23,"dieses sehr braven Corps (Hottentotschen Corps), ein","dieses sehr braven Korps (Hottentotten-Korps), ein","this very brave corps (Hottentot Corps), a","hierdie baie dapper korps (Hottentotkorps), 'n"
NL-UtHUA_A363597_1731,23,"ries, um einige Nahrungsmittel für seine","ries, um einige Nahrungsmittel für seine",ries to buy some food for his,om kos vir hom te koop
NL-UtHUA_A363597_1732,23,"hungrigen Leute, welche wie ihre (?) waren, so gut wir","hungrigen Leute, welche wie ihre (?) waren, so gut wir","hungry people, who were like theirs (?), as good as we","honger mense, wat soos hulle s'n was (?), so goed soos ons"
NL-UtHUA_A363597_1733,23,"sie hatten, reichten.","sie hatten, reichten.",They had enough.,Hulle het genoeg gehad.
NL-UtHUA_A363597_1734,23,Eine europäische Schwester wurde in diesen Tagen,Eine europäische Schwester wurde in diesen Tagen,A European sister was born these days,'n Europese suster is deesdae gebore
NL-UtHUA_A363597_1735,23,"in einer Hottentotten Hütte, vor welcher sie von unge⸗","in einer Hottentotten-Hütte, vor welcher sie von ungefähr","in a Hottentot hut, in front of which they were about","in 'n Hottentot-hut, voor wie hulle omtrent was"
NL-UtHUA_A363597_1736,23,"fähr vorbey ging, hinein gerufen, u. fand daselbst","vorbeiging, hineingerufen und fand daselbst","as he passed by, called inside, and found there","toe hy verbygaan, binnetoe geroep en daar gevind het,"
NL-UtHUA_A363597_1737,23,"eine angelangte Hottentottin, welche krank darnie⸗","eine angelangte Hottentottin, welche krank darnie⸗",an arrived Hottentot woman who is sick Darnie⸗,'n aangekomde Hottentot-vrou wat siek is Darnie⸗
NL-UtHUA_A363597_1738,23,der lag. Diese sagte: „Da liege ich nun u. empfange,derlag. Diese sagte: „Da liege ich nun und empfange,derlag. She said: “Here I lie and receive,derlag. Sy het gesê: “Hier lê ek en ontvang
NL-UtHUA_A363597_1739,23,"von Gott die Strafe, die ich verdient habe. Es ist mir","von Gott die Strafe, die ich verdient habe. Es ist mir","From God, the punishment I deserve. It is my","Van God, die straf wat ek verdien. Dit is my"
NL-UtHUA_A363597_1740,23,"oft genug gesagt worden, was recht u. unrecht sey,","oft genug gesagt worden, was recht und unrecht sei,","It has been said often enough what is right and wrong,","Daar is al dikwels genoeg gesê wat reg en verkeerd is,"
NL-UtHUA_A363597_1741,23,"allein ich habe es nicht hören wollen, sondern habe","allein ich habe es nicht hören wollen, sondern habe","I alone didn't want to hear it, but I","Ek alleen wou dit nie hoor nie, maar ek"
NL-UtHUA_A363597_1742,23,"mein Herz, u. meine Ohren verstopft. Jetzt aber über⸗",mein Herz und meine Ohren verstopft. Jetzt aber über⸗,My heart and ears are blocked. But now about⸗,My hart en ore is geblokkeer. Maar nou omtrent⸗
NL-UtHUA_A363597_1743,23,"fällt mich Schrecken u. Zittern, wenn ich an das Sterben","fällt mich Schrecken und Zittern, wenn ich an das Sterben",I feel terror and trembling when I think of dying.,Ek voel vrees en bewing as ek aan die dood dink.
NL-UtHUA_A363597_1744,23,"denke; denn ich kan nicht anders erwarten, als ewig","denke; denn ich kann nicht anders erwarten, als ewig",think; for I cannot expect anything other than eternity,dink; want ek kan niks anders as die ewigheid verwag nie
NL-UtHUA_A363597_1745,23,"verloren zu gehen“. Die erwehnte Schwester, ermahn⸗",verloren zu gehen.“ Die erwähnte Schwester ermahnte,to get lost.” The aforementioned sister admonished,om te verdwaal.” Die voorgenoemde suster het vermaan
NL-UtHUA_A363597_1746,23,"te sie, Gott zu danken, daß Er ihr ihren Seelenzustand","sie, Gott zu danken, dass Er ihr ihren Seelenzustand",to thank God that He had restored her state of mind,om God te dank dat Hy haar gemoedstoestand herstel het
NL-UtHUA_A363597_1747,23,"offenbart habe, u. ihr noch so viel Zeit laße, daß sie für ihr","offenbart habe und ihr noch so viel Zeit lasse, dass sie für ihr",I revealed this and gave her so much time that she could develop her own style.,Ek het dit onthul en haar soveel tyd gegee dat sy haar eie styl kon ontwikkel.
NL-UtHUA_A363597_1748,23,ewiges Wohl sorgen könne. Nun soll sie ohne Zaudern,ewiges Wohl sorgen könne. Nun soll sie ohne Zaudern,"She can ensure eternal well-being. Now she should, without hesitation,","Sy kan ewige welstand verseker. Nou behoort sy, sonder aarseling,"
NL-UtHUA_A363597_1749,23,"daran sich zu ihrem Erlöser wenden, denn er werde sie","daran sich zu ihrem Erlöser wenden, denn er werde sie","to turn to their Savior, for he will help them","om hulle tot hulle Verlosser te bekeer, want Hy sal hulle help"
NL-UtHUA_A363597_1750,23,"erhören, daß seine Gnade größer ist als ihre Sünden","erhören, dass seine Gnade größer ist als ihre Sünden",hear that his grace is greater than their sins,hoor dat sy genade groter is as hulle sondes
NL-UtHUA_A363597_1751,23,Elend.,Elend.,Misery.,Ellende.
NL-UtHUA_A363597_1752,23,"<pb n=""44b"" source=""NL-UtHUA_A363597_000044.jpg"" />","<pb n=""44b"" source=""NL-UtHUA_A363597_000044.jpg"" />","<pb n=""44b"" source=""NL-UtHUA_A363597_000044.jpg"" />","<pb n=""44b"" bron=""NL-UtHUA_A363597_000044.jpg"" />"
NL-UtHUA_A363597_1753,23,Elend. Die Kranke war sehr dankbar für diesen,Elend. Die Kranke war sehr dankbar für diesen,Misery. The sick woman was very grateful for this.,Ellende. Die siek vrou was baie dankbaar hiervoor.
NL-UtHUA_A363597_1754,23,"Zuspruch, u. wurde in der Folge öfters besucht.",Zuspruch und wurde in der Folge öfters besucht.,It was well-received and subsequently visited more often.,Dit is goed ontvang en is daarna meer gereeld besoek.
NL-UtHUA_A363597_1755,23,Ein andermal kam einer von uns zu einer auf dem,Ein andermal kam einer von uns zu einer auf dem,"Another time, one of us came to a place on the",'n Ander keer het een van ons by 'n plek op die
NL-UtHUA_A363597_1756,23,"Tod liegenden Witwe, u. ermahnte sie, da auch","Tod liegenden Witwe und ermahnte sie, da auch","He confronted the dying widow and admonished her, since also","Hy het die sterwende weduwee gekonfronteer en haar tereggewys, aangesien ook"
NL-UtHUA_A363597_1757,23,"sie gestand, daß sie sich vor dem Tode fürchte,","sie gestand, dass sie sich vor dem Tode fürchte,",She confessed that she was afraid of death.,Sy het erken dat sy bang was vir die dood.
NL-UtHUA_A363597_1758,23,bey dieser Lage doch ihre Seele zu suchen. Die,bei dieser Lage doch ihre Seele zu suchen. Die,"In this situation, one should seek her soul.",In hierdie situasie moet mens haar siel soek.
NL-UtHUA_A363597_1760,23,Kranke ließ den Bruder noch an demselben Abend,Kranke ließ den Bruder noch an demselben Abend,The sick man let his brother go that same evening,Die siek man het sy broer daardie selfde aand laat gaan
NL-UtHUA_A363597_1761,23,"spät zu sich rufen, u. sagte zu ihm: „ich habe über",spät zu sich rufen und sagte zu ihm: „Ich habe über,I called him to himself late and said to him: “I have been talking about,Ek het hom laat na homself geroep en vir hom gesê: “Ek het gepraat oor
NL-UtHUA_A363597_1762,23,"deine Worte nachgedacht, u. ich muß bekennen, daß","deine Worte nachgedacht, und ich muss bekennen, dass","I have reflected on your words, and I must confess that","Ek het oor jou woorde nagedink, en ek moet erken dat"
NL-UtHUA_A363597_1763,23,ich das Wort Gottes schon seit vielen Jahren ge⸗,ich das Wort Gottes schon seit vielen Jahren ge⸗,I have been reading the word of God for many years.,Ek lees al jare lank die woord van God.
NL-UtHUA_A363597_1764,23,"hört habe, aber gleichgültig dabey geblieben bin.","hört habe, aber gleichgültig dabei geblieben bin.","I heard about it, but remained indifferent.","Ek het daarvan gehoor, maar onverskillig gebly."
NL-UtHUA_A363597_1765,23,"Darüber mache ich mir jetzt die stärkesten Vorwürfe,","Darüber mache ich mir jetzt die stärksten Vorwürfe,",I am now blaming myself most for that.,Ek blameer myself nou die meeste daarvoor.
NL-UtHUA_A363597_1766,23,"ja, u. fürchte mich vor Gott zu erscheinen. Sie würde","ja, und fürchte mich, vor Gott zu erscheinen.“ Sie wurde","""Yes, and I am afraid to appear before God."" She was","""Ja, en ek is bang om voor God te verskyn."" Sy was"
NL-UtHUA_A363597_1767,23,"ermuntert, ihn Vergebung durch das Blut des Heilands","ermuntert, ihn Vergebung durch das Blut des Heilands",encouraged him to seek forgiveness through the blood of the Savior,het hom aangemoedig om vergifnis te soek deur die bloed van die Verlosser
NL-UtHUA_A363597_1768,23,"zu suchen, das auch für sie Barmherzigkeit reicht.","zu suchen, das auch für sie Barmherzigkeit reicht.",to seek that there is enough mercy for them too.,om te soek dat daar ook vir hulle genoeg genade is.
NL-UtHUA_A363597_1769,23,"Sie reichte hierauf dem Bruder ihre Hand, um ihm","Sie reichte hierauf dem Bruder ihre Hand, um ihm",She then offered her hand to her brother to give him,Sy het toe haar hand vir haar broer aangebied om hom te gee
NL-UtHUA_A363597_1770,24,ihre Dankbarkeit zu bezeugen. Nach einigen Ta⸗,ihre Dankbarkeit zu bezeugen. Nach einigen Ta⸗,to express their gratitude. After a few days...,om hul dankbaarheid uit te spreek. Na 'n paar dae...
NL-UtHUA_A363597_1771,24,"gen veränderte sich ihre Krankheit, so daß sie","gen veränderte sich ihre Krankheit, so dass sie",Her illness changed so that she,Haar siekte het so verander dat sy
NL-UtHUA_A363597_1772,24,"sich nicht mehr gegenwärtig war, u. noch vor Tages","sich nicht mehr gegenwärtig war, und noch vor Tages⸗","was no longer present, and even before daybreak⸗","was nie meer teenwoordig nie, en selfs voor dagbreek⸗"
NL-UtHUA_A363597_1773,24,anbruch verschied sie.,anbruch verschied sie.,She died at dawn.,Sy is met dagbreek oorlede.
NL-UtHUA_A363597_1774,24,Am 1ten Christtage waren in der Predigt viele fremde,Am 1. Christtag waren in der Predigt viele fremde,"On Christmas Day, there were many strangers in the sermon.",Op Kersdag was daar baie vreemdelinge in die preek.
NL-UtHUA_A363597_1775,24,Hottentotten u. schwarze Sclaven zugegen. Von unsern,Hottentotten und schwarze Sklaven zugegen. Von unseren,Hottentots and black slaves were present. From our,Hottentotte en swart slawe was teenwoordig. Van ons kant af
NL-UtHUA_A363597_1776,24,"<pb n=""45a"" source=""NL-UtHUA_A363597_000045.jpg"" />","<pb n=""45a"" source=""NL-UtHUA_A363597_000045.jpg"" />","<pb n=""45a"" source=""NL-UtHUA_A363597_000045.jpg"" />","<pb n=""45a"" bron=""NL-UtHUA_A363597_000045.jpg"" />"
NL-UtHUA_A363597_1777,24,christlichen Nachbarn waren an diesem Feste auch,christlichen Nachbarn waren an diesem Feste auch,Christian neighbors were also present at this festival.,Christenbure was ook teenwoordig by hierdie fees.
NL-UtHUA_A363597_1778,24,"einige bey uns, welches daher rührte, daß der","einige bei uns, welches daher rührte, dass der","some of us, which stemmed from the fact that the","sommige van ons, wat voortspruit uit die feit dat die"
NL-UtHUA_A363597_1779,24,"Prediger von Schwellendam, dessen Kirche durch das","Prediger von Swellendam, dessen Kirche durch das","Preacher of Swellendam, whose church was through the","Prediker van Swellendam, wie se kerk deur die"
NL-UtHUA_A363597_1780,24,"Anschlagen eines Pulvermagazins stark beschädigt,",Anschlagen eines Pulvermagazins stark beschädigt,Impact of a powder magazine severely damaged,Impak van 'n kruitmagasyn erg beskadig
NL-UtHUA_A363597_1781,24,"u. noch nicht wieder völlig reparirt worden ist, im","und noch nicht wieder völlig repariert worden ist, im","and has not yet been fully repaired, in","en is nog nie volledig herstel nie, in"
NL-UtHUA_A363597_1782,24,"Lande herum reiste, u. an verschiedenen Orten, auch","Lande herumreiste und an verschiedenen Orten, auch","traveled around the country and visited various places, also","het deur die land gereis en verskeie plekke besoek, ook"
NL-UtHUA_A363597_1783,24,in unrer Nähe Gottesdienst hielt; bei welcher Ge⸗,in unserer Nähe Gottesdienst hielt; bei welcher Ge⸗,a church service was held near us; at which service,'n Kerkdiens is naby ons gehou; waartydens
NL-UtHUA_A363597_1784,24,legenheit dann auch viele ihre Kinder taufen ließen.,legenheit dann auch viele ihre Kinder taufen ließen.,Many then had their children baptized.,Baie het toe hul kinders laat doop.
NL-UtHUA_A363597_1785,24,Desto mehrer von unsern Christlichen Mitinwoh⸗,Desto mehr von unseren christlichen Mitbewohnern,The more of our Christian fellow residents,Hoe meer van ons Christen-mede-inwoners
NL-UtHUA_A363597_1786,24,"nern fanden sich zum Jahres Schluß bei uns ein, u.","fanden sich zum Jahreschluss bei uns ein, und","They gathered at our place at the end of the year, and","Hulle het aan die einde van die jaar by ons plek bymekaargekom, en"
NL-UtHUA_A363597_1787,24,"unter denselben mehrere von unsern nächsten Nachbarn,","unter denselben mehrere von unseren nächsten Nachbarn,",Among them were several of our nearest neighbors,Onder hulle was verskeie van ons naaste bure
NL-UtHUA_A363597_1788,24,die noch niemals bei uns gewesen waren. Aber so,die noch niemals bei uns gewesen waren. Aber so,who had never been to our place before. But like this,wat nog nooit tevore by ons plek was nie. Maar soos hierdie
NL-UtHUA_A363597_1789,24,"groß auch die Menge Volks war, die hier zusamen kam,","groß auch die Menge Volks war, die hier zusammenkam,",The crowd that gathered here was also large.,"Die skare wat hier bymekaargekom het, was ook groot."
NL-UtHUA_A363597_1790,24,so herrschte dennoch im Ort u. in der Kirche viel,so herrschte dennoch im Ort und in der Kirche viel,"Nevertheless, there was a lot going on in the town and in the church.",Nietemin was daar baie aan die gang in die dorp en in die kerk.
NL-UtHUA_A363597_1792,24,reine Stille u. Ordnung.,reine Stille und Ordnung.,Pure silence and order.,Pure stilte en orde.
NL-UtHUA_A363597_1793,24,In dem Jahre 1804. sind 14 Erwachsene u. 15 Kinder,In dem Jahre 1804 sind 14 Erwachsene und 15 Kinder,In the year 1804 there were 14 adults and 15 children,In die jaar 1804 was daar 14 volwassenes en 15 kinders
NL-UtHUA_A363597_1794,24,getauft worden. 9 Getaufte sind zum H. Abendmahl zug⸗,getauft worden. 9 Getaufte sind zum Hl. Abendmahl zuge⸗,were baptized. 9 baptized persons have received Holy Communion.,is gedoop. 9 gedoopte persone het die Heilige Nagmaal ontvang.
NL-UtHUA_A363597_1795,24,langt. Wieder Getauften sind 13 Personen heimgegangen.,langt. Wieder Getauften sind 13 Personen heimgegangen.,That's enough. Thirteen of those who were re-baptized have gone home.,"Dis genoeg. Dertien van diegene wat herdoop is, het huis toe gegaan."
NL-UtHUA_A363597_1796,24,Unsere Hottentotten Gemeine bestand beim Schluß des,Unsere Hottentotten-Gemeinde bestand beim Schluss des,Our Hottentot community existed at the end of the,Ons Hottentot-gemeenskap het aan die einde van die bestaan
NL-UtHUA_A363597_1797,24,"Jahrs 1804. aus 245 getauften Erwachsenen, von wel⸗","Jahrs 1804 aus 245 getauften Erwachsenen, von wel⸗","Year 1804 from 245 baptized adults, of which","Jaar 1804 van 245 gedoopte volwassenes, waarvan"
NL-UtHUA_A363597_1798,24,"chen 94 Abendmahlsgenossen sind, aus 129 getauften Kin⸗","chen 94 Abendmahlsgenossen sind, aus 129 getauften Kin⸗","94 communicants are, out of 129 baptized children⸗","94 nagmaalgangers is, uit 129 gedoopte kinders⸗"
NL-UtHUA_A363597_1799,24,"dern, u. 99 Taufcandidaten, zusam̅en aus 473 Personen.","dern und 99 Taufkandidaten, zusammen aus 473 Personen.","dern and 99 baptismal candidates, a total of 473 people.","dern en 99 doopkandidate, 'n totaal van 473 mense."
NL-UtHUA_A363597_1800,24,Ueberhaupt,Überhaupt,At all,Glad nie
NL-UtHUA_A363597_1801,24,"<pb n=""45b"" source=""NL-UtHUA_A363597_000045.jpg"" />","<pb n=""45b"" source=""NL-UtHUA_A363597_000045.jpg"" />","<pb n=""45b"" source=""NL-UtHUA_A363597_000045.jpg"" />","<pb n=""45b"" bron=""NL-UtHUA_A363597_000045.jpg"" />"
NL-UtHUA_A363597_1802,24,Ueberhaupt wohnten hier nach einer im Monat,Überhaupt wohnten hier nach einer im Monat,"In general, after one month, they lived here.","Oor die algemeen, na een maand, het hulle hier gewoon."
NL-UtHUA_A363597_1803,24,Decbr. vorgenommenen Zählung in 217 Häusern 186,Dezember vorgenommenen Zählung in 217 Häusern 186,December census in 217 houses: 186,Desember-sensus in 217 huise: 186
NL-UtHUA_A363597_1804,24,"Männer, 306 Weiber, 601 Kinder, zusammen 1093 Per⸗","Männer, 306 Weiber, 601 Kinder, zusammen 1093 Per⸗","Men, 306 women, 601 children, a total of 1093 people.","Mans, 306 vroue, 601 kinders, 'n totaal van 1093 mense."
NL-UtHUA_A363597_1805,24,"sonen, ohne die Europäischen Geschwister.","sonen, ohne die europäischen Geschwister.","sons, without their European siblings.","seuns, sonder hul Europese broers en susters."
NL-UtHUA_A363597_1806,24,"Am Heilandsfeste, den 6t Jan: 1805, war Vormitta⸗","Am Heilandfest, den 6. Jan. 1805, war Vormittags","On the Feast of the Savior, January 6, 1805, in the morning","Op die Fees van die Verlosser, 6 Januarie 1805, in die oggend"
NL-UtHUA_A363597_1807,24,gs eine Taufhandlung von 7 Erwachsenen u. 3 Kin⸗,eine Taufhandlung von 7 Erwachsenen und 3 Kin⸗,a baptism ceremony of 7 adults and 3 children⸗,'n doopseremonie van 7 volwassenes en 3 kinders⸗
NL-UtHUA_A363597_1808,24,dern. Ein Kranker war bereits des Morgens in,dern. Ein Kranker war bereits des Morgens in,dern. One sick person was already in the morning,dern. Een siek persoon was reeds in die oggend
NL-UtHUA_A363597_1809,24,seine Wohnung gebracht worden. Abends empfahlen,seine Wohnung gebracht worden. Abends empfahlen,He was taken to his apartment. In the evening they recommended,Hy is na sy woonstel geneem. In die aand het hulle aanbeveel
NL-UtHUA_A363597_1810,24,wir dem Heiland in einem Gebet alle unsere Heiden⸗,wir dem Heiland in einem Gebet alle unsere Heiden⸗,"We, all our heathens, to the Savior in one prayer⸗","Ons, al ons heidene, tot die Verlosser in een gebed⸗"
NL-UtHUA_A363597_1811,24,"gemeinen, so wie deren Diener u. Dienerinnen, u. riefen","gemeinden, sowie deren Diener und Dienerinnen, und riefen","communities, as well as their servants, and called","gemeenskappe, sowel as hul dienaars, en geroep"
NL-UtHUA_A363597_1812,24,"Ihn an, das Werk Seiner Hände überall auf","Ihn an, das Werk Seiner Hände überall auf","To Him, the work of His hands everywhere","Vir Hom, die werk van Sy hande oral"
NL-UtHUA_A363597_1813,24,dem Erdboden zu fördern.,dem Erdboden zu fördern.,to promote the soil.,om die grond te bevorder.
NL-UtHUA_A363597_1814,24,"Am 7ten entschlief eine verwitw. Schwester, nach","Am 7. entschlief eine verwitwete Schwester, nach","On the 7th, a widowed sister passed away, after","Op die 7de is 'n weduwee-suster oorlede, nadat"
NL-UtHUA_A363597_1815,24,einem langen Krankenlager. Wiewol sie viel Zudrin⸗,einem langen Krankenlager. Obwohl sie viel Zudring⸗,a long sickbed. Although she had a lot of trouble⸗,'n lang siekbed. Alhoewel sy baie probleme gehad het⸗
NL-UtHUA_A363597_1816,24,"lichkeit hatte, fand man sie doch jederzeit voll Ver⸗","lichkeit hatte, fand man sie doch jederzeit voll Ver⸗","Although she had a certain quality, she was always found to be fully ver⸗","Alhoewel sy 'n sekere kwaliteit gehad het, is sy altyd as volledig ver⸗ bevind."
NL-UtHUA_A363597_1817,24,"trauens zum lieben Heiland, auf den sie auch in schwe⸗","trauens zum lieben Heiland, auf den sie auch in schwe⸗","trust in the dear Savior, to whom they also in sorrow","vertrou op die geliefde Verlosser, aan wie hulle ook in droefheid is"
NL-UtHUA_A363597_1818,24,ren Tagen ihre einzige Hofnung gesetzt hatte.,ren Tagen ihre einzige Hoffnung gesetzt hatte.,had placed their only hope in recent days.,het die afgelope dae hul enigste hoop geplaas.
NL-UtHUA_A363597_1819,24,Durch ihren rechtschaffenen Wandel hatte sie sich,Durch ihren rechtschaffenen Wandel hatte sie sich,"Through her righteous conduct, she had earned","Deur haar regverdige gedrag het sy verdien,"
NL-UtHUA_A363597_1820,24,die Liebe u. Achtung bei Alten u. Jungen in der Ge⸗,die Liebe und Achtung bei Alten und Jungen in der Ge⸗,love and respect between old and young in the community,liefde en respek tussen oud en jonk in die gemeenskap
NL-UtHUA_A363597_1821,24,meine erworben. Der folgende Tag war auch,meinde erworben. Der folgende Tag war auch,acquired my community. The following day was also,my gemeenskap verkry. Die volgende dag was ook
NL-UtHUA_A363597_1823,24,"ein 7 jähriges Mägdelein, welches imer sehr kränklich","ein 7-jähriges Mägdelein, welches immer sehr kränklich",a 7-year-old girl who was always very sickly,'n 7-jarige meisie wat altyd baie sieklik was
NL-UtHUA_A363597_1824,24,"<pb n=""46a"" source=""NL-UtHUA_A363597_000046.jpg"" />","<pb n=""46a"" source=""NL-UtHUA_A363597_000046.jpg"" />","<pb n=""46a"" source=""NL-UtHUA_A363597_000046.jpg"" />","<pb n=""46a"" bron=""NL-UtHUA_A363597_000046.jpg"" />"
NL-UtHUA_A363597_1825,24,"gewesen war, u. endlich an der Abzehrung aus",gewesen war und endlich an der Abzehrung aus,had been and finally suffered from exhaustion.,was en uiteindelik aan uitputting gely het.
NL-UtHUA_A363597_1826,24,der Zeit ging. Dieß Kind war in seiner Krankheit,der Zeit ging. Dies Kind war in seiner Krankheit,time passed. This child was in his illness.,Tyd het verbygegaan. Hierdie kind was in sy siekte.
NL-UtHUA_A363597_1827,24,"besonders liebhabend u. geduldig, u. freute sich",besonders liebhabend und geduldig und freute sich,"especially loving and patient, and was happy","besonder liefdevol en geduldig, en was gelukkig"
NL-UtHUA_A363597_1828,24,in den lezten Tagen seines Lebens von Herzen auf,in den letzten Tagen seines Lebens von Herzen auf,in the last days of his life from the heart,in die laaste dae van sy lewe uit die hart
NL-UtHUA_A363597_1829,24,seinen Heimgang. Tags zuvor ließ sie alle ihre,seinen Heimgang. Tags zuvor ließ sie alle ihre,"his passing. The day before, she had left all her",sy heengaan. Die dag tevore het sy al haar
NL-UtHUA_A363597_1830,24,"Bekannten u. Gespielen zu sich rufen, nahm einen","Bekannten und Gespielen zu sich rufen, nahm einen","To summon acquaintances and playmates, he took one","Om kennisse en speelmaats te ontbied, het hy een geneem"
NL-UtHUA_A363597_1831,24,"rührenden Abschied von ihnen u. sagte, sie werde","rührenden Abschied von ihnen und sagte, sie werde",touching farewell to them and said she would,neem afskeid van hulle en sê sy sou
NL-UtHUA_A363597_1832,24,"bald zu ihrem Heiland kommen, u. daselbst alle",bald zu ihrem Heiland kommen und daselbst alle,soon to come to their Savior and there all,binnekort om na hul Verlosser te kom en daar almal
NL-UtHUA_A363597_1833,24,"ihre Freunde, die ihr vorangegangen waren, finden.","ihre Freunde, die ihr vorangegangen waren, finden.",to find her friends who had gone before her.,om haar vriende te vind wat voor haar gegaan het.
NL-UtHUA_A363597_1834,24,"Darüber, setzte sie hinzu, bin ich von Herzen ver⸗","Darüber, setzte sie hinzu, bin ich von Herzen ver⸗","""I am truly delighted about that,"" she added.","“Ek is werklik verheug daaroor,” het sy bygevoeg."
NL-UtHUA_A363597_1835,24,"gnügt; Hienieden brauche ich nun nichts mehr, als","gnügt; hienieden brauche ich nun nichts mehr, als",That's enough; here below I need nothing more than,Dis genoeg; hier onder het ek niks meer nodig as
NL-UtHUA_A363597_1836,24,Christi Blut u. Gerechtigkeit.,Christi Blut und Gerechtigkeit.,Christ's blood and righteousness.,Christus se bloed en geregtigheid.
NL-UtHUA_A363597_1837,24,"Die Krankheit unsers Br. Rose, welche um diese","Die Krankheit unseres Br. Rose, welche um diese","The illness of our Brother Rose, which caused this","Die siekte van ons Broer Rose, wat dit veroorsaak het"
NL-UtHUA_A363597_1838,24,"Zeit einen hohen Grad erreicht hatte, brach sich gegen","Zeit einen hohen Grad erreicht hatte, brach sich gegen","Time had reached a high degree, broke against","Tyd het 'n hoë vlak bereik, gebreek teen"
NL-UtHUA_A363597_1839,24,Ende dieses Monats u. der Kranke befand sich von,Ende dieses Monats und der Kranke befand sich von,"At the end of this month, and the patient was from","Aan die einde van hierdie maand, en die pasiënt was van"
NL-UtHUA_A363597_1840,24,Tag zu Tage beßer.,Tag zu Tag besser.,Better every day.,Elke dag beter.
NL-UtHUA_A363597_1841,24,Von der Mitte Jan: an konten die Schulen u. Ver⸗,Von der Mitte Januar an konnten die Schulen und Ver⸗,"From mid-January onwards, the schools and associations were able to reopen.",Van middel Januarie af kon die skole en verenigings weer oopmaak.
NL-UtHUA_A363597_1842,24,sammlungen wieder in ihrer gewöhnlichen Ordnung ge⸗,sammlungen wieder in ihrer gewöhnlichen Ordnung ge⸗,collections restored to their usual order⸗,versamelings herstel na hul gewone volgorde⸗
NL-UtHUA_A363597_1843,24,halten werden.,halten werden.,will hold.,sal hou.
NL-UtHUA_A363597_1844,24,Am 19t Jan: erhielten wir von der Regierung 4 Frach⸗,Am 19. Jan. erhielten wir von der Regierung 4 Frach⸗,"On January 19th, we received 4 parcels from the government.",Op 19 Januarie het ons 4 pakkies van die regering ontvang.
NL-UtHUA_A363597_1845,24,"ten Getreide, worüber wir sehr froh waren, da wir","ten Getreide, worüber wir sehr froh waren, da wir","ten grains, which we were very happy about, since we","tien korrels, waaroor ons baie bly was, aangesien ons"
NL-UtHUA_A363597_1846,24,"dadurch in Stand gesetzt wurden, den hier befindlichen","dadurch in Stand gesetzt wurden, den hier befindlichen","thereby repaired, the one located here","daardeur herstel, die een wat hier geleë is"
NL-UtHUA_A363597_1847,25,Weibern,Weibern,Women,Vroue
NL-UtHUA_A363597_1848,25,"<pb n=""46b"" source=""NL-UtHUA_A363597_000046.jpg"" />","<pb n=""46b"" source=""NL-UtHUA_A363597_000046.jpg"" />","<pb n=""46b"" source=""NL-UtHUA_A363597_000046.jpg"" />","<pb n=""46b"" bron=""NL-UtHUA_A363597_000046.jpg"" />"
NL-UtHUA_A363597_1849,25,Weibern u. Kindern der als Soldaten dienenden,Weibern und Kindern der als Soldaten dienenden,women and children of those serving as soldiers,vroue en kinders van diegene wat as soldate dien
NL-UtHUA_A363597_1850,25,Hottentotten die für einen jeden bestimte Quantität,Hottentotten die für einen jeden bestimmte Quantität,"Hottentots, the specific quantity for each one","Hottentotte, die spesifieke hoeveelheid vir elkeen"
NL-UtHUA_A363597_1851,25,auszutheilen. Da in dem verwichenen Jahre weg⸗,auszuteilen. Da in dem verwichenen Jahre wegen,to distribute. Since in the past year because of,om te versprei. Aangesien in die afgelope jaar as gevolg van
NL-UtHUA_A363597_1852,25,en der großen Dürre in diesen Gegenden das,der großen Dürre in diesen Gegenden das,the severe drought in these areas,die ernstige droogte in hierdie gebiede
NL-UtHUA_A363597_1853,25,"Korn gar nicht zur Reife gekommen ist, u. deßhalb",Korn gar nicht zur Reife gekommen ist und deshalb,The grain never reached maturity and therefore,Die graan het nooit volwassenheid bereik nie en daarom
NL-UtHUA_A363597_1855,25,"gegenwärtig großer Mangel herrscht, so hat die","gegenwärtig großer Mangel herrscht, so hat die","There is currently a great shortage, so the","Daar is tans 'n groot tekort, so die"
NL-UtHUA_A363597_1856,25,"Regierung eine eigene Comißion niedergesetzt, wel⸗","Regierung eine eigene Kommission niedergesetzt, wel⸗","The government established its own commission, which","Die regering het sy eie kommissie ingestel, wat"
NL-UtHUA_A363597_1857,25,"che dafür zu sorgen hat, daß das nothwendig er⸗","che dafür zu sorgen hat, dass das notwendig er⸗",who has to ensure that the necessary,wie moet verseker dat die nodige
NL-UtHUA_A363597_1858,25,forderliche Getreide hierher geschafft werde. Nach,forderliche Getreide hierher geschafft werde. Nach,The required grain is brought here. After,Die benodigde graan word hierheen gebring. Daarna
NL-UtHUA_A363597_1859,25,"der hierüber erlaßenen Publication, wird 1 Pfund",der hierüber erlassenen Publikation wird 1 Pfund,The publication issued concerning this matter will cost 1 pound,"Die publikasie wat oor hierdie saak uitgereik word, sal 1 pond kos"
NL-UtHUA_A363597_1860,25,"Korn täglich auf jeden Kopf gerechnet, u. da dieß","Korn täglich auf jeden Kopf gerechnet, und da dies","Grain per capita daily, and since this","Graan per capita daagliks, en sedertdien"
NL-UtHUA_A363597_1861,25,"weniger ist, als für die hier befindlichen Hottentot⸗","weniger ist, als für die hier befindlichen HottentottenWeiber",less than for the Hottentot women located here,minder as vir die Hottentot-vroue wat hier geleë is
NL-UtHUA_A363597_1862,25,"ten Weiber u. Kinder ursprünglich bestimt war,","und Kinder ursprünglich bestimmt war,",and was originally intended for children,en was oorspronklik bedoel vir kinders
NL-UtHUA_A363597_1863,25,"so ist die Regierung willens, wie uns bald der Herr","so ist die Regierung willens, wie uns bald der Herr","Thus the government is willing, as the Lord will soon reveal to us","So is die regering gewillig, soos die Here binnekort aan ons sal openbaar"
NL-UtHUA_A363597_1864,25,"Gouverneur Janssens meldete, für 50 Frauen täglich","Gouverneur Janssens meldete, für 50 Frauen täglich",Governor Janssens reported that 50 women daily,Goewerneur Janssens het berig dat 50 vroue daagliks
NL-UtHUA_A363597_1865,25,einen Hammel zu geben; wobey nur gegenwärtig die,einen Hammel zu geben; wobei nur gegenwärtig die,to give a ram; whereby only currently the,om 'n ram te gee; waardeur tans slegs die
NL-UtHUA_A363597_1866,25,"große Schwierigkeit im Wege steht, daß wegen der","große Schwierigkeit im Wege steht, dass wegen der","A major obstacle is that, because of the","'n Groot struikelblok is dat, as gevolg van die"
NL-UtHUA_A363597_1867,25,noch immer fort dauernden Dürre das Vieh hier bei,noch immer fortdauernden Dürre das Vieh hier bei,The ongoing drought is affecting livestock here.,Die aanhoudende droogte beïnvloed vee hier.
NL-UtHUA_A363597_1868,25,uns keine Weide findet.,uns keine Weide findet.,We can't find a pasture.,Ons kan nie 'n weiveld vind nie.
NL-UtHUA_A363597_1869,25,Es kamen von Zeit zu Zeit Transporte von neu,Es kamen von Zeit zu Zeit Transporte von neu,"From time to time, new shipments arrived.",Van tyd tot tyd het nuwe besendings aangekom.
NL-UtHUA_A363597_1870,25,engagierten Hottentotten hier durch. Am 18t Febr:,engagierten Hottentotten hier durch. Am 18. Febr.,Dedicated Hottentots passed through here. On February 18th.,Toegewyde Hottentotte het hier deurgegaan. Op 18 Februarie.
NL-UtHUA_A363597_1871,25,wurde ein Deserteur nicht weit von unserer Wohnung er⸗,wurde ein Deserteur nicht weit von unserer Wohnung er⸗,A deserter was killed not far from our apartment.,'n Droger is nie ver van ons woonstel dood.
NL-UtHUA_A363597_1872,25,"<pb n=""47a"" source=""NL-UtHUA_A363597_000047.jpg"" />","<pb n=""47a"" source=""NL-UtHUA_A363597_000047.jpg"" />","<pb n=""47a"" source=""NL-UtHUA_A363597_000047.jpg"" />","<pb n=""47a"" source=""NL-UtHUA_A363597_000047.jpg"" />"
NL-UtHUA_A363597_1873,25,"griffen. Ein anderer, der mit ihm entwichen","griffen. Ein anderer, der mit ihm entwichen",grabbed. Another one who escaped with him.,gegryp. Nog een wat saam met hom ontsnap het.
NL-UtHUA_A363597_1874,25,"war, flüchtete sich in das Gebirge, u. so wie die Nachr:","war, flüchtete sich in das Gebirge, und so wie die Nachricht","was, fled to the mountains, and as the news","was, het na die berge gevlug, en soos die nuus"
NL-UtHUA_A363597_1875,25,"Gehör auf den Hottentotten Capitan gab, indem er","Gehör auf den Hottentotten-Kapitän gab, indem er",gave a hearing to the Hottentot captain by,het 'n verhoor aan die Hottentot-kaptein gegee deur
NL-UtHUA_A363597_1876,25,"seiner Pflicht gemäß ging, sogleich mit einer Anzahl","seiner Pflicht gemäß ging, sogleich mit einer Anzahl","In accordance with his duty, he immediately proceeded with a number",In ooreenstemming met sy plig het hy onmiddellik voortgegaan met 'n aantal
NL-UtHUA_A363597_1877,25,"von bewafneten Hottentotten auf den Weg machte,","von bewaffneten Hottentotten auf den Weg machte,","set out from armed Hottentots,","vertrek van gewapende Hottentotte,"
NL-UtHUA_A363597_1878,25,"u. den Flüchtling die ganze Nacht hindurch verfolgte,","und den Flüchtling die ganze Nacht hindurch verfolgte,","and pursued the refugee throughout the night,","en die vlugteling deur die nag agtervolg,"
NL-UtHUA_A363597_1879,25,"so hatte er ihn doch nicht habhaft werden können, bis","so hatte er ihn doch nicht habhaft werden können, bis","He had not been able to get his hands on him, until","Hy kon hom nie in die hande kry nie, totdat"
NL-UtHUA_A363597_1880,25,er gefangen u. andern Tags darauf durch 5 Mann,er gefangen und anderen Tags darauf durch 5 Mann,he was captured and the next day by 5 men,Hy is gevange geneem en die volgende dag deur 5 mans
NL-UtHUA_A363597_1881,25,zum Feldcornet Grebe transportirt.,zum Feldkornett Grebe transportiert.,transported to the field cornet Grebe.,na die veldkornet Grebe vervoer.
NL-UtHUA_A363597_1882,25,Um diese Zeit waren unsere Gärtner schon mit der,Um diese Zeit waren unsere Gärtner schon mit der,At this time our gardeners were already busy with the,Teen hierdie tyd was ons tuiniers reeds besig met die
NL-UtHUA_A363597_1883,25,"Erntung von Pfirschen beschäftigt gewesen, und","Erntung von Pfirsichen beschäftigt gewesen, und","He had been busy harvesting peaches, and","Hy was besig om perskes te oes, en"
NL-UtHUA_A363597_1884,25,wiewol wir dieses Jahr nicht so viele bekömen haben,obwohl wir dieses Jahr nicht so viele bekommen haben,although we didn't get that many this year,alhoewel ons nie so baie vanjaar gekry het nie
NL-UtHUA_A363597_1885,25,"wie sonst, so haben wir demnoch Ursache, Gott für","wie sonst, so haben wir dennoch Ursache, Gott für","As usual, we still have reason to look to God for",Soos gewoonlik het ons steeds rede om na God te kyk vir
NL-UtHUA_A363597_1886,25,seinen Segen zu danken; denn in manchen benachbarten Gär⸗,seinen Segen zu danken; denn in manchen benachbarten Gär⸗,to thank his blessing; for in some neighboring fermentation,om sy seën te bedank; want in 'n naburige fermentasie
NL-UtHUA_A363597_1887,25,"ten die Früchte durch die Würmer verdorben, od: durch",ten sind die Früchte durch die Würmer verdorben oder durch,The fruits are spoiled by worms or by,Die vrugte word bederf deur wurms of deur
NL-UtHUA_A363597_1888,25,Sonne versengt u. weggegangen sind.,Sonne versengt und weggegangen.,The sun scorched and went away.,Die son het geskroei en weggegaan.
NL-UtHUA_A363597_1889,25,In diesen Tagen ließ eine noch ungetaufte kranke,In diesen Tagen ließ eine noch ungetaufte kranke,"These days, an as yet unbaptized sick woman","Deesdae, 'n nog ongedoopte siek vrou"
NL-UtHUA_A363597_1890,25,"Hottentottin, ein paar Geschwister bey der Nacht zu",Hottentottin ein paar Geschwister bei der Nacht zu,Hottentottin a few siblings at night to,Hottentottin 'n paar broers en susters in die nag na
NL-UtHUA_A363597_1891,25,"sich rufen. Auf befragen, was ihr Begehren sey,","sich rufen. Auf Befragen, was ihr Begehren sei,","call out. When asked what their desire was,","uitroep. Toe gevra wat hul begeerte was,"
NL-UtHUA_A363597_1892,25,sagte die Kranke: ich werde diese Nacht zum lieben,sagte die Kranke: Ich werde diese Nacht zum lieben,The sick woman said: I will love this night,Die siek vrou het gesê: Ek sal hierdie nag liefhê
NL-UtHUA_A363597_1893,25,"Heiland gehen. Da ich fürchte, mich nicht vor Ihm zu","Heiland gehen. Da ich fürchte, mich nicht vor Ihm zu",Go to the Savior. Since I fear I cannot face Him.,Gaan na die Verlosser. Aangesien ek vrees dat ek Hom nie kan trotseer nie.
NL-UtHUA_A363597_1894,25,"erscheinen, denn Er hat mir alle meine Sünden doppel","erscheinen, denn Er hat mir alle meine Sünden doppelt","appear, for He has made me doubly rich in all my sins","verskyn, want Hy het my dubbeld ryk gemaak in al my sondes"
NL-UtHUA_A363597_1895,25,vielen,vielen,many,baie
NL-UtHUA_A363597_1896,25,"<pb n=""47b"" source=""NL-UtHUA_A363597_000047.jpg"" />","<pb n=""47b"" source=""NL-UtHUA_A363597_000047.jpg"" />","<pb n=""47b"" source=""NL-UtHUA_A363597_000047.jpg"" />","<pb n=""47b"" bron=""NL-UtHUA_A363597_000047.jpg"" />"
NL-UtHUA_A363597_1897,25,vielen Sünden vergeben; deßhalb wünsche ich mich mit den Ge⸗,vielen Sünden vergeben; deshalb wünsche ich mich mit den Ge⸗,"Many sins forgiven; therefore, I wish to be with the Ge⸗",Baie sondes vergewe; daarom wil ek by die Ge⸗ wees
NL-UtHUA_A363597_1898,25,"schwistern versöhnen. Sie wurde ermahnt, bei diesem","schwistern versöhnen. Sie wurde ermahnt, bei diesem",Reconcile siblings. She was warned to avoid this.,Versoen broers en susters. Sy is gewaarsku om dit te vermy.
NL-UtHUA_A363597_1899,25,"Grunde des Glaubens zu bleiben, u. sich recht an den",Grunde des Glaubens zu bleiben und sich recht an den,to remain the foundations of faith and to adhere properly to the,om die fondamente van geloof te bly en behoorlik vas te hou aan die
NL-UtHUA_A363597_1900,25,Heiland zu halten. Des Morgens in aller Frühe,Heiland zu halten. Des Morgens in aller Frühe,To hold the Savior. Early in the morning.,Om die Verlosser vas te hou. Vroeg in die oggend.
NL-UtHUA_A363597_1901,25,"ließ sie gedachten Geschwistern sagen, sie fühle noch","ließ sie gedachten Geschwistern sagen, sie fühle noch",She let her remembered siblings tell her that she still felt,Sy het haar onthoude broers en susters vir haar laat sê dat sy steeds gevoel het
NL-UtHUA_A363597_1902,25,"dasselbe wohlseyn in ihrem Herzen, u. sehnete sich","dasselbe Wohlsein in ihrem Herzen und sehnte sich,","the same well-being in her heart and longed for,","dieselfde welstand in haar hart en waarna sy verlang het,"
NL-UtHUA_A363597_1903,25,mit dem Heiland vereinigt zu werden. Bald darauf,"mit dem Heiland vereinigt zu werden. Bald darauf,","to be united with the Savior. Soon after,","om met die Verlosser verenig te word. Kort daarna,"
NL-UtHUA_A363597_1904,25,"nachdem sie von den Anwesenden sich rührend verabschiedete,",nachdem sie von den Anwesenden sich rührend verabschiedet,after she bid a touching farewell to those present,nadat sy 'n roerende afskeid geneem het van die aanwesiges
NL-UtHUA_A363597_1905,25,"u. gab ihren Geist auf; es währte nicht lange, so","und ihren Geist aufgab; es währte nicht lange, so","and gave up her spirit; it did not last long, so","en het haar gees gegee; dit het nie lank geduur nie, so"
NL-UtHUA_A363597_1906,25,verschied sie.,verschied sie.,She died.,Sy het gesterf.
NL-UtHUA_A363597_1907,25,In der Mite des Febr: erhielten wir Briefe aus Deütsch⸗,In der Mitte des Febr. erhielten wir Briefe aus Deutsch⸗,In the middle of February we received letters from Germany⸗,In die middel van Februarie het ons briewe uit Duitsland ontvang⸗
NL-UtHUA_A363597_1908,25,"land u. Dänemark, von welchen mehrere über","land und Dänemark, von welchen mehrere über","land and Denmark, several of which are over","land en Denemarke, waarvan verskeie verby is"
NL-UtHUA_A363597_1909,25,"Jahr u. Tag alt waren, u. im Monat Märtz kamen","Jahr und Tag alt waren, und im Monat März kamen","were a year and a day old, and in the month of March they arrived","was 'n jaar en 'n dag oud, en in die maand Maart het hulle aangekom"
NL-UtHUA_A363597_1910,25,"uns die Loosungen auf das Jahr 1805 in die Hände,","uns die Losungen auf das Jahr 1805 in die Hände,","we are given the daily texts for the year 1805,","ons kry die daaglikse tekste vir die jaar 1805,"
NL-UtHUA_A363597_1911,25,"ohne daß wir in Erfahrung bringen konnten, wie","ohne dass wir in Erfahrung bringen konnten, wie",without us being able to find out how,sonder dat ons kan uitvind hoe
NL-UtHUA_A363597_1912,25,"sie an uns gelangten. Das Packet, in welchem sie","sie an uns gelangten. Das Paket, in welchem sie",they reached us. The package in which they,hulle het ons bereik. Die pakkie waarin hulle
NL-UtHUA_A363597_1913,25,"enthalten waren, wurde von einem Buren über⸗","enthalten waren, wurde von einem Buren über⸗","contained, was reported by a Boer about⸗","bevat, is deur 'n Boer aangemeld omtrent⸗"
NL-UtHUA_A363597_1914,25,"geben, u. war an den Herrn Schmidt u. Kaeuser in",geben und war an den Herrn Schmidt und Kaeuser in,give and was to Mr. Schmidt and Kaeuser in,gee en was aan mnr. Schmidt en Kaeuser in
NL-UtHUA_A363597_1915,25,der Capstadt addreßirt. Es war kein Brief dabey,der Kapstadt adressiert. Es war kein Brief dabei,addressed to Cape Town. There was no letter included.,geadresseer aan Kaapstad. Daar was geen brief ingesluit nie.
NL-UtHUA_A363597_1916,25,"befindlich, aber an der Aufschrift erkannten wir","befindlich, aber an der Aufschrift erkannten wir","located, but we recognized it from the inscription.","geleë, maar ons het dit van die inskripsie herken."
NL-UtHUA_A363597_1917,25,die Hand des Br. Latterups in Copenhagen.,die Hand des Br. Latterups in Kopenhagen.,the hand of Brother Latterup in Copenhagen.,die hand van Broer Latterup in Kopenhagen.
NL-UtHUA_A363597_1918,25,Br. Rose hatte sich zu unser aller innigen Freude von,Br. Rose hatte sich zu unser aller inniger Freude von,"To our great joy, Brother Rose had...",Tot ons groot vreugde het Broer Rose...
NL-UtHUA_A363597_1919,25,"<pb n=""48a"" source=""NL-UtHUA_A363597_000048.jpg"" />","<pb n=""48a"" source=""NL-UtHUA_A363597_000048.jpg"" />","<pb n=""48a"" source=""NL-UtHUA_A363597_000048.jpg"" />","<pb n=""48a"" bron=""NL-UtHUA_A363597_000048.jpg"" />"
NL-UtHUA_A363597_1920,25,"seiner Krankheit so weit erholt, daß er am 17t Merz","seiner Krankheit so weit erholt, dass er am 17. März",He recovered from his illness to such an extent that he was able to return to work on March,Hy 17th. het sodanig van sy siekte herstel dat hy op 17 Maart kon terugkeer werk toe.
NL-UtHUA_A363597_1921,25,"zum erstenmal ausgehen, u. am 23t in der Handlungs⸗",zum ersten Mal ausgehen und am 23. in der Handlungs⸗,going out for the first time and on the 23rd in the plot⸗,gaan vir die eerste keer uit en op die 23ste in die plot⸗
NL-UtHUA_A363597_1923,25,versammlung das Heil: Amhl: halten konnte.,versammlung das Heilige Abendmahl halten konnte.,The assembly was able to hold Holy Communion.,Die vergadering kon die Heilige Nagmaal hou.
NL-UtHUA_A363597_1924,26,"Am 19t entschlief eine Schwester, welche wegen","Am 19. entschlief eine Schwester, welche wegen","On the 19th, a sister passed away, who had died because of","Op die 19de is 'n suster oorlede, wat gesterf het as gevolg van"
NL-UtHUA_A363597_1925,26,"ihres kindlichen Umgangs mit dem Heiland, u. wegen",ihres kindlichen Umgangs mit dem Heiland und wegen,their childlike interaction with the Savior and because of,hul kinderlike interaksie met die Verlosser en as gevolg van
NL-UtHUA_A363597_1926,26,ihres liebreichen Betragens gegen jedermann all⸗,ihres liebreichen Betragens gegen jedermann all⸗,their loving behavior towards everyone all⸗,hul liefdevolle gedrag teenoor almal⸗
NL-UtHUA_A363597_1927,26,gemein geliebt wurde. Auf ihrem Krankenlager,gemein geliebt wurde. Auf ihrem Krankenlager,was universally loved. On her sickbed,was universeel geliefd. Op haar siekbed
NL-UtHUA_A363597_1928,26,"war sie völlig in den Willen ihres Erlösers ergeben,","war sie völlig in den Willen ihres Erlösers ergeben,","She was completely surrendered to the will of her savior,","Sy was heeltemal oorgegee aan die wil van haar Verlosser,"
NL-UtHUA_A363597_1929,26,"u. ihre Erklärungen gereichten allen, die sie besuch⸗","und ihre Erklärungen gereichten allen, die sie besuch⸗",and their explanations were helpful to all who visited them⸗,en hul verduidelikings was nuttig vir almal wat hulle besoek het⸗
NL-UtHUA_A363597_1930,26,"ten, zur Erbauung.","ten, zur Erbauung.","ten, for edification.","tien, vir opbouing."
NL-UtHUA_A363597_1931,26,"Wir hatten in dieser Zeit wenig Besuch von Fremden,","Wir hatten in dieser Zeit wenig Besuch von Fremden,",We had few visitors from outside during this time.,Ons het gedurende hierdie tyd min besoekers van buite gehad.
NL-UtHUA_A363597_1932,26,"welches wohl hauptsächlich daher rührte, daß die","welches wohl hauptsächlich daher rührte, dass die",which probably stemmed mainly from the fact that the,wat waarskynlik hoofsaaklik voortgespruit het uit die feit dat die
NL-UtHUA_A363597_1933,26,Felder und Wiesen in unserer Gegend von der anhal⸗,Felder und Wiesen in unserer Gegend von der anhal⸗,Fields and meadows in our area of the Anhalt⸗,Velde en weivelde in ons gebied van die Anhalt⸗
NL-UtHUA_A363597_1934,26,"tenden Dürre so verbrannt sind, daß das Vieh","tenden Dürre so verbrannt sind, dass das Vieh",The drought has caused such severe scorching that the livestock,Die droogte het so erg gebrand dat die vee
NL-UtHUA_A363597_1935,26,"keine Nahrung mehr findet, u. die Reisenden also",keine Nahrung mehr findet und die Reisenden also,"no more food can be found, and so the travelers","geen kos meer kan gevind word nie, en daarom het die reisigers"
NL-UtHUA_A363597_1936,26,in große Verlegenheit kommen würden.,in große Verlegenheit kommen würden.,would be in a very awkward situation.,sou in 'n baie ongemaklike situasie wees.
NL-UtHUA_A363597_1937,26,"Gegen Ostern kam zum Heil: Ambt, welches wir am","Gegen Ostern kam zum Heiligen Amt, welches wir am","Around Easter, the Holy Mass, which we celebrate on","Rondom Paasfees, die Heilige Mis, wat ons vier op"
NL-UtHUA_A363597_1938,26,"Grünen Donnerstag begingen, und da wir viele un⸗","Grünen Donnerstag begingen, und da wir viele un⸗","We celebrated Green Thursday, and since we have many un⸗","Ons het Groen Donderdag gevier, en aangesien ons baie on⸗"
NL-UtHUA_A363597_1939,26,srer Geschwister ihre herzliche Dankbarkeit geg⸗,serer Geschwister ihre herzliche Dankbarkeit gegen,our siblings express their heartfelt gratitude for,ons broers en susters betuig hul opregte dankbaarheid vir
NL-UtHUA_A363597_1940,26,"en den Heiland, daß Er uns unsern Br. Rose wieder","den Heiland, dass Er uns unseren Br. Rose wieder","the Savior, that He may bring us back our Brother Rose","die Verlosser, sodat Hy ons ons Broer Rose kan terugbring"
NL-UtHUA_A363597_1941,26,"geschenkt hat, mit den Aeußerungen über ihren Gnad⸗","geschenkt hat, mit den Äußerungen über ihren Gnad⸗","has gifted, with the statements about her grace⸗","het geskenke gegee, met die stellings oor haar genade⸗"
NL-UtHUA_A363597_1942,26,enstand warm und aufrichtig.,enstand warm und aufrichtig.,It was warm and sincere.,Dit was warm en opreg.
NL-UtHUA_A363597_1943,26,Zu,Zu,To,Aan
NL-UtHUA_A363597_1944,26,"<pb n=""48b"" source=""NL-UtHUA_A363597_000048.jpg"" />","<pb n=""48b"" source=""NL-UtHUA_A363597_000048.jpg"" />","<pb n=""48b"" source=""NL-UtHUA_A363597_000048.jpg"" />","<pb n=""48b"" bron=""NL-UtHUA_A363597_000048.jpg"" />"
NL-UtHUA_A363597_1945,26,Zu den Tagen des Osterfestes fand sich eine,Zu den Tagen des Osterfestes fand sich eine,"During the Easter holidays, a","Gedurende die Paasvakansie, 'n"
NL-UtHUA_A363597_1946,26,"große Menge Menschen bey uns ein, die den Ver⸗","große Menge Menschen bei uns ein, die den Ver⸗",a large number of people are coming to us who are the Ver⸗,'n Groot aantal mense kom na ons toe wat die Ver⸗ is
NL-UtHUA_A363597_1947,26,sammlungen mit Aufmerksamkeit beywohnten.,sammlungen mit Aufmerksamkeit beiwohnten.,attended the collections with attention.,het die versamelings met aandag bygewoon.
NL-UtHUA_A363597_1948,26,Am zweyten Feyertage hatten wir eine Tauf⸗,Am zweiten Feiertage hatten wir eine Tauf⸗,On the second day of the holiday we had a christening⸗,Op die tweede dag van die vakansie het ons 'n doop gehad⸗
NL-UtHUA_A363597_1949,26,handlung von 5 Erwachsenen.,handlung von 5 Erwachsenen.,Action involving 5 adults.,Aksie waarby 5 volwassenes betrokke is.
NL-UtHUA_A363597_1950,26,Um diese Zeit hatten wir einen angenehmen,Um diese Zeit hatten wir einen angenehmen,Around this time we had a pleasant,Rondom hierdie tyd het ons 'n aangename
NL-UtHUA_A363597_1951,26,acht tägigen Besuch von dem Holländischen Mißio⸗,acht-tägigen Besuch von dem holländischen Missio⸗,eight-day visit from the Dutch Missio⸗,agtdaagse besoek van die Nederlandse Missie⸗
NL-UtHUA_A363597_1952,26,"narius Erasmus Schmidt, welcher sich seiner","narius Erasmus Schmidt, welcher sich seiner","Erasmus Schmidt, who dedicated himself to his","Erasmus Schmidt, wat homself toegewy het aan sy"
NL-UtHUA_A363597_1953,26,Bestimmung zufolge zu dem Doctor van der,Bestimmung zufolge zu dem Doktor van der,"According to the plan, to the doctor van der","Volgens die plan, na die dokter van der"
NL-UtHUA_A363597_1954,26,Kemp in Bethelsdorp begab. Er war bereits,Kemp in Bethelsdorp begab. Er war bereits,Kemp went to Bethelsdorp. He was already,Kemp het na Bethelsdorp gegaan. Hy was reeds
NL-UtHUA_A363597_1955,26,im Jahr 1802 mit vier andern nach Africa,im Jahr 1802 mit vier anderen nach Afrika,in 1802 with four others to Africa,in 1802 saam met vier ander na Afrika
NL-UtHUA_A363597_1956,26,bestimmten Mißionarien von Holland abge⸗,bestimmten Missionaren von Holland abge⸗,certain missionaries from Holland⸗,sekere sendelinge van Holland⸗
NL-UtHUA_A363597_1957,26,"reist, sie waren aber mit ihrem Schiff von den","reist, sie waren aber mit ihrem Schiff von den","they traveled, but they were with their ship from the","hulle het gereis, maar hulle was met hul skip van die"
NL-UtHUA_A363597_1958,26,"Engländern aufgebracht, und nach America ge⸗",Engländern aufgebracht und nach Amerika ge⸗,Enraged by the English and taken to America⸗,Woedend deur die Engelse en na Amerika geneem⸗
NL-UtHUA_A363597_1959,26,führt worden.,führt worden.,has been led.,is gelei.
NL-UtHUA_A363597_1960,26,Am 16t April erhielten wir ein Schreiben von,Am 16. April erhielten wir ein Schreiben von,On April 16th we received a letter from,Op 16 April het ons 'n brief ontvang van
NL-UtHUA_A363597_1961,26,"dem Gouverneur Janssens, in welchem derselbe","dem Gouverneur Janssens, in welchem derselbe","Governor Janssens, in which he","Goewerneur Janssens, waarin hy"
NL-UtHUA_A363597_1962,26,"uns das Ansuchen an uns that, daß wir","uns das Ansuchen an uns tat, dass wir",The request was made of us that we,Die versoek is aan ons gerig dat ons
NL-UtHUA_A363597_1963,26,einen aus unserer Mitte als Prediger,einen aus unserer Mitte als Prediger,one of our own as preacher,een van ons eie as prediker
NL-UtHUA_A363597_1964,26,u. Lehrer nach dem Lager der Hottentotten an den,und Lehrer nach dem Lager der Hottentotten an den,and teachers after the Hottentot camp at the,en onderwysers na die Hottentotkamp by die
NL-UtHUA_A363597_1965,26,Weinbergen senden möchten. Wiewol wir nun,Weinbergen senden möchten. Obwohl wir nun,would like to send to vineyards. Although we now,wil graag na wingerde stuur. Alhoewel ons nou
NL-UtHUA_A363597_1966,26,die Schwierigkeiten dieser Sache bey den gegen⸗,die Schwierigkeiten dieser Sache bei den gegen⸗,the difficulties of this matter with the against⸗,die probleme van hierdie saak met die teen⸗
NL-UtHUA_A363597_1967,26,"<pb n=""49a"" source=""NL-UtHUA_A363597_000049.jpg"" />","<pb n=""49a"" source=""NL-UtHUA_A363597_000049.jpg"" />","<pb n=""49a"" source=""NL-UtHUA_A363597_000049.jpg"" />","<pb n=""49a"" source=""NL-UtHUA_A363597_000049.jpg"" />"
NL-UtHUA_A363597_1968,26,wärtigen kriegerischen Zeiten hinlänglich er⸗,wärtigen kriegerischen Zeiten hinlänglich er⸗,sufficient in these warlike times⸗,voldoende in hierdie oorlogagtige tye⸗
NL-UtHUA_A363597_1969,26,"wogen haben, u. bey der fortdauernden Schwäch⸗",wogen haben und bei der fortdauernden Schwäch⸗,have surged and with the ongoing weakness⸗,het gestyg en met die voortdurende swakheid⸗
NL-UtHUA_A363597_1970,26,lichkeit des Br. Rose um so weniger einen aus,lichkeit des Br. Rose umso weniger einen aus,"The less the quality of Brother Rose, the less one from","Hoe minder die kwaliteit van Broer Rose, hoe minder een van"
NL-UtHUA_A363597_1971,26,unserer Mitte entbehren konten; so schien es uns,unserer Mitte entbehren konnten; so schien es uns,We could do without our center; so it seemed to us,Ons kon sonder ons sentrum klaarkom; so het dit vir ons gelyk
NL-UtHUA_A363597_1972,26,"dennoch nicht rathsam, den Antrag gerade zu","dennoch nicht ratsam, den Antrag geradezu","However, it is not advisable to submit the application directly",Dit is egter nie raadsaam om die aansoek direk in te dien nie.
NL-UtHUA_A363597_1973,26,abzuweisen. Br. Rose meldete daher dem Hrn,abzuweisen. Br. Rose meldete daher dem Herrn,to reject. Brother Rose therefore reported to the Lord,om te verwerp. Broer Rose het dus aan die Here gerapporteer
NL-UtHUA_A363597_1974,26,Gouverneur in Antwort auf seinen Brief nur die⸗,Gouverneur in Antwort auf seinen Brief nur die⸗,"The governor, in response to his letter, only said…",Die goewerneur het in reaksie op sy brief slegs gesê ...
NL-UtHUA_A363597_1975,26,"ses, daß wir gegenwärtig außer Stande wären,","ses, dass wir gegenwärtig außer Stande wären,",that we are currently unable to,dat ons tans nie in staat is nie
NL-UtHUA_A363597_1976,26,die Reise mit unserem eigenen Zugvieh zu unter⸗,die Reise mit unserem eigenen Zugvieh zu unter⸗,the journey with our own draft animals to under⸗,die reis met ons eie trekdiere na onder⸗
NL-UtHUA_A363597_1977,26,"nehmen, indem bey der großen Dürre unsere","nehmen, indem bei der großen Dürre unsere","take, by taking advantage of the great drought, our","neem, deur voordeel te trek uit die groot droogte, ons"
NL-UtHUA_A363597_1978,26,"ochsen Ochsen aus Mangel an Futter gefallen,",Ochsen aus Mangel an Futter gefallen,Oxen died from lack of food,Osse het gevrek weens 'n gebrek aan kos
NL-UtHUA_A363597_1979,26,u. die übrigen völlig von Kräften gekommen wä⸗,und die übrigen völlig von Kräften gekommen wä⸗,and the rest were completely exhausted⸗,en die res was heeltemal uitgeput⸗
NL-UtHUA_A363597_1980,26,ren. Wir würden deßhalb seinen ferneren Ent⸗,ren. Wir würden deshalb seinen ferneren Ent⸗,ren. We would therefore consider his further development,ren. Ons sou dus sy verdere ontwikkeling oorweeg
NL-UtHUA_A363597_1981,26,schließungen abwarten.,schließungen abwarten.,Wait for closures.,Wag vir sluitings.
NL-UtHUA_A363597_1982,26,Es befand sich in diesen Tagen eine Anzahl von,Es befand sich in diesen Tagen eine Anzahl von,There were a number of people there at that time.,Daar was destyds 'n aantal mense daar.
NL-UtHUA_A363597_1983,26,den im Lager stehenden Hottentotten zum Besuch,den im Lager stehenden Hottentotten zum Besuch,to visit the Hottentots standing in the camp,"om die Hottentotte wat in die kamp staan, te besoek"
NL-UtHUA_A363597_1984,26,ihrer Weiber u. Kinder hier in Bavianscloof.,ihrer Weiber und Kinder hier in Bavianskloof.,their wives and children here in Bavianskloof.,hul vrouens en kinders hier in Bavianskloof.
NL-UtHUA_A363597_1985,26,"Am 29t May entschlief eine Schwester, welche","Am 29. Mai entschlief eine Schwester, welche","On May 29th, a sister passed away, who","Op 29 Mei is 'n suster oorlede, wat"
NL-UtHUA_A363597_1986,26,"von allen, die sie kanten, das Zeugniß bekam, daß","von allen, die sie kannten, das Zeugnis bekam, dass","from everyone who knew her, she received the testimony that","van almal wat haar geken het, het sy die getuienis ontvang dat"
NL-UtHUA_A363597_1987,26,sie der in der Taufe erhaltenen Gnade treu geblie⸗,sie der in der Taufe erhaltenen Gnade treu geblie⸗,that she remained faithful to the grace received in baptism⸗,dat sy getrou gebly het aan die genade wat sy in die doop ontvang het⸗
NL-UtHUA_A363597_1988,26,ben war. Auf die Frage einer sie besuchenden,ben war. Auf die Frage einer sie besuchenden,"Ben was. In response to a question from a visitor,","Ben was. In reaksie op 'n vraag van 'n besoeker,"
NL-UtHUA_A363597_1989,26,"Europäischen Schwester, ob sie in Absicht auf den","europäischen Schwester, ob sie in Absicht auf den","European sister, whether she intended to target the","Europese suster, of sy van plan was om die teiken"
NL-UtHUA_A363597_1990,26,ihr,ihr,her,haar
NL-UtHUA_A363597_1992,26,"<pb n=""49b"" source=""NL-UtHUA_A363597_000049.jpg"" />","<pb n=""49b"" source=""NL-UtHUA_A363597_000049.jpg"" />","<pb n=""49b"" source=""NL-UtHUA_A363597_000049.jpg"" />","<pb n=""49b"" source=""NL-UtHUA_A363597_000049.jpg"" />"
NL-UtHUA_A363597_1993,26,ihr bevorstehenden Heimgang wohl etwas auf,ihr bevorstehenden Heimgang wohl etwas auf,her impending passing will likely affect her somewhat.,haar naderende heengaan sal haar waarskynlik ietwat beïnvloed.
NL-UtHUA_A363597_1994,26,"dem Herzen habe, gab sie zur Antwort: „Ich","dem Herzen habe, gab sie zur Antwort: „Ich","""I have in my heart,"" she replied: ""I","“Ek het in my hart,” het sy geantwoord: “Ek"
NL-UtHUA_A363597_1995,26,"bin bereit, meinen Heiland zu sehen, aber eine","bin bereit, meinen Heiland zu sehen, aber eine","I am ready to see my Savior, but one","Ek is gereed om my Verlosser te sien, maar een"
NL-UtHUA_A363597_1996,26,"Sorge macht mir das Sterben schwer, nähmlich,","Sorge macht mir das Sterben schwer, nämlich,","I am worried because dying is difficult for me, namely,","Ek is bekommerd omdat doodgaan vir my moeilik is, naamlik,"
NL-UtHUA_A363597_1997,26,daß mein Mann noch so weit vom Heiland ent⸗,dass mein Mann noch so weit vom Heiland ent⸗,that my husband is still so far from the Savior⸗,dat my man nog so ver van die Verlosser is⸗
NL-UtHUA_A363597_1998,26,"fernt ist. Helft mir beten, daß ihm der Hei⸗","fernt ist. Helft mir beten, dass ihm der Hei⸗",is far away. Help me pray that he receives the heat.,is ver weg. Help my om te bid dat hy die hitte ontvang.
NL-UtHUA_A363597_1999,26,land die Augen öfne.“ Als ihr gerathen wur⸗,land die Augen öffne.“ Als ihr geraten wur⸗,"""Open your eyes."" When she was advised⸗","""Maak jou oë oop."" Toe sy aangeraai is⸗"
NL-UtHUA_A363597_2000,27,"de, diesen Kummer fahren zu laßen, und","de, diesen Kummer fahren zu lassen und",to let go of this sorrow and,om hierdie hartseer te laat vaar en
NL-UtHUA_A363597_2001,27,"bloß bey sich selbst stehen zu bleiben, so wurde","bloß bei sich selbst stehen zu bleiben, so wurde","merely to remain focused on oneself, so it became","bloot om op jouself gefokus te bly, so het dit geword"
NL-UtHUA_A363597_2002,27,"sie stille, u. bald darauf verschied sie.","sie stille, und bald darauf verschied sie.","She fell silent, and soon after she died.","Sy het stilgebly, en kort daarna is sy oorlede."
NL-UtHUA_A363597_2003,27,Mit Anfang des May bekamen wir kalte,Mit Anfang des Mai bekamen wir kalte,"At the beginning of May, we got cold weather.",Aan die begin van Mei het ons koue weer gekry.
NL-UtHUA_A363597_2004,27,"Witterung, u. diese hatte die Folge, daß viele","Witterung, und diese hatte die Folge, dass viele","Weather, and this had the consequence that many","Weer, en dit het die gevolg gehad dat baie"
NL-UtHUA_A363597_2005,27,von unsern Hottentotten krank wurden. Auch,von unseren Hottentotten krank wurden. Auch,They got sick from our Hottentots. Also,Hulle het siek geword van ons Hottentotte. Ook.
NL-UtHUA_A363597_2006,27,"Br. Rose befand sich wieder schlechter, u. war",Br. Rose befand sich wieder schlechter und war,Brother Rose's condition worsened again and he was,Broer Rose se toestand het weer versleg en hy was
NL-UtHUA_A363597_2007,27,"so bald so krank, daß wir schleunig in den Doctor","so bald so krank, dass wir schleunig den Doktor",so sick so soon that we urgently need to see a doctor,so siek so gou dat ons dringend 'n dokter moet sien
NL-UtHUA_A363597_2008,27,"Temple, der ihn in seiner vorigen Krankheit treu⸗","Temple, der ihn in seiner vorigen Krankheit treu⸗","Temple, who remained loyal to him during his previous illness⸗","Temple, wat tydens sy vorige siekte lojaal aan hom gebly het⸗"
NL-UtHUA_A363597_2009,27,"lich bedient hat, aufs neue zu Rathe ziehen muß⸗","lich bedient hat, aufs Neue zu Rate ziehen muss⸗","who has been served, must consult again⸗","wie bedien is, moet weer konsulteer⸗"
NL-UtHUA_A363597_2010,27,ten.,ten.,ten.,tien.
NL-UtHUA_A363597_2011,27,"Am 5t May entschlief ein alter, gebrechlicher","Am 5. Mai entschlief ein alter, gebrechlicher","On May 5th, an old, frail man passed away.","Op 5 Mei is 'n ou, brose man oorlede."
NL-UtHUA_A363597_2012,27,"Bruder, namens Simeon, deßen wir bereits in","Bruder, namens Simeon, dessen wir bereits in","brother, named Simeon, whom we already know in","broer, met die naam Simeon, wat ons reeds ken in"
NL-UtHUA_A363597_2013,27,unsern Berichten Erwähnung geschehen ist. Er,unseren Berichten Erwähnung geschehen ist. Er,as mentioned in our reports. He,soos genoem in ons verslae. Hy
NL-UtHUA_A363597_2014,27,mußte auf einem Wagen in die Versammlungen ge⸗,musste auf einem Wagen in die Versammlungen ge⸗,had to travel to the meetings on a wagon⸗,moes op 'n wa na die vergaderings reis⸗
NL-UtHUA_A363597_2015,27,,,,
NL-UtHUA_A363597_2016,27,"<pb n=""50a"" source=""NL-UtHUA_A363597_000050.jpg"" />","<pb n=""50a"" source=""NL-UtHUA_A363597_000050.jpg"" />","<pb n=""50a"" source=""NL-UtHUA_A363597_000050.jpg"" />","<pb n=""50a"" bron=""NL-UtHUA_A363597_000050.jpg"" />"
NL-UtHUA_A363597_2017,27,"des Ergers entladend, die er nicht leicht verſchmerzte,","des Ärgers entladend, den er nicht leicht verschmerzte,","venting his anger, which he did not easily get over,","sy woede uitleef, wat hy nie maklik oorkom het nie,"
NL-UtHUA_A363597_2018,27,bis ſeine lezte Kranckheit ihn dazu noͤthigte.,bis seine letzte Krankheit ihn dazu nötigte.,until his final illness forced him to do so.,totdat sy laaste siekte hom daartoe gedwing het.
NL-UtHUA_A363597_2019,27,"In dieſer wurde er oͤfters von uns beſucht, wo⸗","In dieser wurde er öfters von uns besucht, wogegen","He was visited by us more often during this time, whereas","Hy is gedurende hierdie tyd meer gereeld deur ons besoek, terwyl"
NL-UtHUA_A363597_2020,27,gegen er ſeine Dankbarkeit nicht gnug zu er⸗,er seine Dankbarkeit nicht genug zu erkennen,he did not recognize his gratitude enough,hy het sy dankbaarheid nie genoeg erken nie
NL-UtHUA_A363597_2021,27,kennen geben konte. In den lezten Stunden ſeines,geben konnte. In den letzten Stunden seines,could give. In the last hours of his,kon gee. In die laaste ure van sy
NL-UtHUA_A363597_2022,27,Endes aͤußerte er eine beſondere Lebhaf⸗,Endes äußerte er eine besondere Lebhaftigkeit,"In the end, he expressed a particular liveliness.",Aan die einde het hy 'n besondere lewendigheid uitgespreek.
NL-UtHUA_A363597_2023,27,"tigkeit daruͤber, daß er nun Hofnung habe,","darüber, dass er nun Hoffnung habe,","about the fact that he now has hope,","oor die feit dat hy nou hoop het,"
NL-UtHUA_A363597_2024,27,"den Heiland bald zu ſehen, u. rief wiederholt","den Heiland bald zu sehen, und rief wiederholt","to see the Savior soon, and repeatedly called out","om die Verlosser gou te sien, en herhaaldelik uitgeroep"
NL-UtHUA_A363597_2025,27,"aus: „ ach komm, Herr Jeſu! “ Seiner Frau","aus: „Ach komm, Herr Jesu!“ Seiner Frau","from: “Oh come, Lord Jesus!” His wife","van: “O kom, Here Jesus!” Sy vrou"
NL-UtHUA_A363597_2027,27,"danckte er herzlich fuͤr die treue Verpflegung,","dankte er herzlich für die treue Verpflegung,","He thanked them warmly for the loyal hospitality,","Hy het hulle hartlik bedank vir die lojale gasvryheid,"
NL-UtHUA_A363597_2028,27,"die er von ihr genoſſen habe, u. ſagte der⸗","die er von ihr genossen habe, und sagte dereinst:","which he had enjoyed from her, and once said:","wat hy van haar geniet het, en het eenkeer gesê:"
NL-UtHUA_A363597_2029,27,"einſt: „ nun geht es zum Ende, gebt Euch nur","„Nun geht es zum Ende, gebt euch nur","""Now it's coming to the end, just give yourselves","""Nou kom dit tot sy einde, gee julleself net"
NL-UtHUA_A363597_2030,27,"nicht, denn jezt komt mein Heiland bald, um","nicht, denn jetzt kommt mein Heiland bald, um","No, because my Savior is coming soon, to","Nee, want my Verlosser kom gou,"
NL-UtHUA_A363597_2031,27,meine Seele zu ſich aufzunehmen. “ Bald dar⸗,meine Seele zu sich aufzunehmen.“ Bald darauf,"""To receive my soul into itself."" Soon after","""Om my siel in homself te ontvang."" Kort daarna"
NL-UtHUA_A363597_2032,27,auf verſchied er.,verschied er.,he died.,hy het gesterf.
NL-UtHUA_A363597_2033,27,Um dieſe Zeit hielt ſich der Miſſionarius Chri⸗,Um diese Zeit hielt sich der Missionarius Christian,"Around this time, the missionary Christian","Omstreeks hierdie tyd, die sendeling Christen"
NL-UtHUA_A363597_2034,27,ſtian Ulbricht auf einen alltaͤgigen Beſuch,Ulbricht auf einen alltägigen Besuch,Ulbricht on a daily visit,Ulbricht op 'n daaglikse besoek
NL-UtHUA_A363597_2035,27,bey uns auf. Er uͤberbrachte uns Gruͤße von un⸗,bei uns auf. Er überbrachte uns Grüße von unsern,He visited us. He conveyed greetings from our,Hy het ons besoek. Hy het groete van ons oorgedra
NL-UtHUA_A363597_2036,27,"ſern Geſchwiſtern aus Zeiſt, u. wir fanden an","Geschwistern aus Zeist, und wir fanden an","siblings from Zeist, and we found each other at","broers en susters van Zeist, en ons het mekaar gevind by"
NL-UtHUA_A363597_2037,27,ihm einen wahren Liebhaber Jeſu und einen,ihm einen wahren Liebhaber Jesu und einen,him a true lover of Jesus and a,hy 'n ware liefhebber van Jesus en 'n
NL-UtHUA_A363597_2038,27,ſeiner Sache treulich geſinnten Mann. Wir gaben ihm,seiner Sache treulich gesinnten Mann. Wir gaben ihm,A man loyal to his cause. We gave him,'n Man lojaal aan sy saak. Ons het hom gegee
NL-UtHUA_A363597_2039,27,bey ſeiner Abreiſe einen Hottentotten auch ein,bei seiner Abreise einen Hottentotten auch ein,"upon his departure, a Hottentot also a","met sy vertrek, 'n Hottentot ook 'n"
NL-UtHUA_A363597_2040,27,Stuͤck,Stück,Piece,Stuk
NL-UtHUA_A363597_2041,27,"<pb n=""50b"" source=""NL-UtHUA_A363597_000050.jpg"" />","<pb n=""50b"" source=""NL-UtHUA_A363597_000050.jpg"" />","<pb n=""50b"" source=""NL-UtHUA_A363597_000050.jpg"" />","<pb n=""50b"" bron=""NL-UtHUA_A363597_000050.jpg"" />"
NL-UtHUA_A363597_2042,27,Stuͤck Weges zur Begleitung mit. Mit dieſem,Stück Weges zur Begleitung mit. Mit diesem,Part of the journey to accompany you. With this,Deel van die reis om jou te vergesel. Hiermee
NL-UtHUA_A363597_2043,27,"ſchrieb er uns, er werde den bey uns gemachten","schrieb er uns, er werde den bei uns gemachten",He wrote to us that he would do the work done with us,"Hy het aan ons geskryf dat hy die werk wat saam met ons gedoen is, sou doen"
NL-UtHUA_A363597_2044,27,"Beſuch nie vergeſſen, er habe hier Vieles ge⸗","Besuch nie vergessen, er habe hier Vieles gelernt,","He never forgot to visit, he learned a lot here,","Hy het nooit vergeet om te besoek nie, hy het baie hier geleer,"
NL-UtHUA_A363597_2045,27,"lernet, was er in Zukunft durch des Heilands",was er in Zukunft durch des Heilands,what he will in the future through the Savior,wat hy in die toekoms deur die Verlosser sal
NL-UtHUA_A363597_2046,27,Gnade in Anwendung zu bringen hoffe.,Gnade in Anwendung zu bringen hoffe.,I hope to apply mercy.,Ek hoop om genade toe te pas.
NL-UtHUA_A363597_2047,27,Im 9t May erhielt Bruder Rohrhammer,Am 9. Mai erhielt Bruder Rohrhammer,"On May 9th, Brother Rohrhammer received",Op 9 Mei het Broeder Rohrhammer ontvang
NL-UtHUA_A363597_2048,27,ein an ihn beſonders gerichtetes Schreiben,ein an ihn besonders gerichtetes Schreiben,a letter addressed specifically to him,'n brief spesifiek aan hom gerig
NL-UtHUA_A363597_2049,27,"des Hrn. Kriegs⸗Commiſſarius, worin erſte⸗","des Herrn Kriegskommissarius, worin ersterer","of the Lord War Commissioner, in which the former","van die Lord War Commissioner, waarin die voormalige"
NL-UtHUA_A363597_2050,27,"rer auf das freundſchaftlichſte erſucht wird,","auf das freundschaftlichste ersucht wird,","most cordially requested,","mees hartlik versoek,"
NL-UtHUA_A363597_2051,27,ſich mit ſeiner Frau wiederum in das Lager,sich mit seiner Frau wiederum in das Lager,he and his wife went back to the camp,Hy en sy vrou het teruggegaan na die kamp
NL-UtHUA_A363597_2052,27,"an den Weinberg zu begeben, indem an den","an den Weinberg zu begeben, indem an den",to go to the vineyard by going to the,om na die wingerd te gaan deur na die
NL-UtHUA_A363597_2053,27,Sublieutenant Grebe bereits der Auftrag ergan⸗,Subleutnant Grebe bereits der Auftrag ergangen,Sub-Lieutenant Grebe has already received the order,Sub-Luitenant Grebe het reeds die bevel ontvang
NL-UtHUA_A363597_2054,27,"gen ſey, fuͤr den Transport ihrer Perſonen ſo⸗","sei, für den Transport ihrer Personen sowohl","be, for the transport of their persons both","wees, vir die vervoer van hul persone beide"
NL-UtHUA_A363597_2055,27,wohl als der Sachen auf Koſten der Regierung,als der Sachen auf Kosten der Regierung,as the things at the government's expense,soos die dinge ten koste van die regering
NL-UtHUA_A363597_2056,27,zu ſorgen.,zu sorgen.,to take care of it.,om daarvoor te sorg.
NL-UtHUA_A363597_2057,27,Bald darauf naͤmlich am 16ten kam der Feld⸗,"Bald darauf, nämlich am 16., kam der Feldkornett","Soon after, on the 16th, the field cornet arrived.","Kort daarna, op die 16de, het die veldkornet opgedaag."
NL-UtHUA_A363597_2059,27,cornet Grebe bey uns an. Er hatte ſich bereits,Grebe bei uns an. Er hatte sich bereits,Grebe contacted us. He had already,Grebe het ons gekontak. Hy het reeds
NL-UtHUA_A363597_2060,27,"viele Muͤhe gegeben, den Geſchwiſtern Rohrham⸗","viele Mühe gegeben, den Geschwistern Rohrhammers",Much effort was made to help the Rohrhammer siblings,Baie moeite is gedoen om die Rohrhammer-broers en -susters te help
NL-UtHUA_A363597_2061,27,"mers eine Fuhre zu verſchaffen, hatte aber bey","eine Fuhre zu verschaffen, hatte aber bei","to procure a load, but had at","om 'n vrag aan te skaf, maar het by"
NL-UtHUA_A363597_2062,27,der gegenwaͤrtigen Pflugzeit keine bekommen,der gegenwärtigen Pflugzeit keine bekommen,none available during the current plowing season,geen beskikbaar gedurende die huidige ploegseisoen nie
NL-UtHUA_A363597_2063,27,koͤnnen. Endlich fand ſich einer unſerer Hottentot⸗,"können. Endlich fand sich einer unserer Hottentotten,","can. Finally, one of our Hottentots was found,","kan. Uiteindelik is een van ons Hottentotte gevind,"
NL-UtHUA_A363597_2064,27,"ten, Namens Matthäus, welcher eben im Begriff","namens Matthäus, welcher eben im Begriff","named Matthew, who was just about to","met die naam Matthew, wat net op die punt was om"
NL-UtHUA_A363597_2065,27,war,war,was,was
NL-UtHUA_A363597_2066,27,"<pb n=""51a"" source=""NL-UtHUA_A363597_000051.jpg"" />","<pb n=""51a"" source=""NL-UtHUA_A363597_000051.jpg"" />","<pb n=""51a"" source=""NL-UtHUA_A363597_000051.jpg"" />","<pb n=""51a"" bron=""NL-UtHUA_A363597_000051.jpg"" />"
NL-UtHUA_A363597_2067,27,"war eine Fracht Holz nach dem Cap zu fahren, ge⸗","war, eine Fracht Holz nach dem Kap zu fahren, gewillig,","was willing to transport a load of timber to the Cape,","was bereid om 'n vrag hout na die Kaap te vervoer,"
NL-UtHUA_A363597_2068,27,"willig, das Holz abzuladen, u. die Geſchwiſter Rohr⸗","das Holz abzuladen, und die Geschwister Rohrhammers","to unload the wood, and the Rohrhammer siblings","om die hout af te laai, en die Rohrhammer-broers en -susters"
NL-UtHUA_A363597_2069,27,hammers fuͤr 40 Rds bis an Bavians Kloof zu brin⸗,für 40 Rds bis an Bavians Kloof zu bringen.,to bring 40 rounds to Bavian's Kloof.,om 40 rondtes na Bavian se Kloof te bring.
NL-UtHUA_A363597_2070,27,gen. Sie reiſten demnach um 2 Uhr mit einem,Sie reisten demnach um 2 Uhr mit einem,They reportedly travelled at 2 a.m. in a,Hulle het na bewering om 2 vm. gereis in 'n
NL-UtHUA_A363597_2071,27,"herzlichen Abſchied, der Gnade u. Bewahrung","herzlichen Abschied, der Gnade und Bewahrung","heartfelt farewell, of grace and preservation","hartlike afskeid, van genade en bewaring"
NL-UtHUA_A363597_2072,27,Gottes empfohlen von hier ab. Am 27ten,Gottes empfohlen von hier ab. Am 27.,God's recommended departure from here. On the 27th.,God se aanbevole vertrek hiervandaan. Op die 27ste.
NL-UtHUA_A363597_2073,27,hoͤrten wir von einigen aus dem Lager hier bey⸗,hörten wir von einigen aus dem Lager hier beikommenden,We heard from some people arriving here from the camp,Ons het gehoor van sommige mense wat van die kamp af hier aangekom het
NL-UtHUA_A363597_2074,27,"kommenden Hottentotten, daß gedachte Geſchwiſter","Hottentotten, dass gedachte Geschwister","Hottentots, that is, supposed siblings","Hottentotte, dit wil sê, vermeende broers en susters"
NL-UtHUA_A363597_2075,27,am 25ten gluͤcklich daſelbſt angekommen ſind.,am 25. glücklich dort angekommen sind.,They arrived there happily on the 25th.,Hulle het op die 25ste gelukkig daar aangekom.
NL-UtHUA_A363597_2076,27,"Daß wir nun in dieſen Tagen damit beſchaͤftigt,","Dass wir nun in diesen Tagen damit beschäftigt sind,","That we are now busy with this these days,","Dat ons nou deesdae hiermee besig is,"
NL-UtHUA_A363597_2077,28,nach Anweiſung des Hrn. Landdroſtes zum Vergnuͤg⸗,nach Anweisung des Herrn Landdrosten zum Vergnügen,"as instructed by the Landdrosten, for pleasure","soos deur die Landdrosten opdrag gegee, vir plesier"
NL-UtHUA_A363597_2078,28,niß ſaͤmtlicher hieſiger Einwohner ohne viel Aufheben,sämtlicher hiesiger Einwohner ohne viel Aufhebens,all local residents without much fuss,alle plaaslike inwoners sonder veel ophef
NL-UtHUA_A363597_2079,28,deſſen in Beſitz zu nehmen u. durch beſchworene Zeugen,dessen in Besitz zu nehmen und durch beschworene Zeugen,to take possession of it and through sworn witnesses,om dit in besit te neem en deur middel van beëdigde getuies
NL-UtHUA_A363597_2080,28,Graͤnzen in dieſem Jahre vor neuen Eingriffen der Nachbarn,Grenzen in diesem Jahre vor neuen Eingriffen der Nachbarn,Borders this year face new interventions from neighbors,Grense vanjaar staar nuwe ingrypings van bure in die gesig
NL-UtHUA_A363597_2081,28,verhuͤtet oder auch andere der Ruhe uns verſichernde,zu verhüten oder auch andere uns der Ruhe versichernde,to prevent or other things that assure us of peace,om te voorkom of ander dinge wat ons van vrede verseker
NL-UtHUA_A363597_2082,28,"Ausſichten, zu vernachlaͤßigen. Dieſe Angaben ſollen",Aussichten zu vernachlässigen. Diese Angaben sollen,Prospects are negligible. This information is intended to,Vooruitsigte is weglaatbaar. Hierdie inligting is bedoel om
NL-UtHUA_A363597_2083,28,jaͤhrlich an einem beſtimmten Tage bey Veraͤnderung der,jährlich an einem bestimmten Tag bei Veränderung der,annually on a specific day when the,jaarliks op 'n spesifieke dag wanneer die
NL-UtHUA_A363597_2084,28,neuen Grenzbegehung verrichtet werden.,neuen Grenzbegehung verrichtet werden.,A new border inspection will be carried out.,'n Nuwe grensinspeksie sal uitgevoer word.
NL-UtHUA_A363597_2085,28,Bisher hatten wir bloß eine Liſte der Perſo⸗,Bisher hatten wir nur eine Liste der Personen,Until now we only had a list of people,Tot nou toe het ons slegs 'n lys van mense gehad
NL-UtHUA_A363597_2086,28,nen verfertigt. Da nun aber dieſe nicht mehr,angefertigt. Da nun aber diese nicht mehr,made. But since these are no longer available,gemaak. Maar aangesien hierdie nie meer beskikbaar is nie
NL-UtHUA_A363597_2087,28,"hinlaͤnglich iſt, und es auch, bereit 10 Thaler als","hinlänglich ist, und es auch bereits 10 Taler als","is sufficient, and it already amounts to 10 talers as","is voldoende, en dit beloop reeds 10 talente soos"
NL-UtHUA_A363597_2088,28,Beytrag zur Caſſe der Colonie abgefordert wor⸗,Beitrag zur Kasse der Kolonie abgefordert worden,A contribution to the colony's coffers has been requested.,'n Bydrae tot die kolonie se koffers is versoek.
NL-UtHUA_A363597_2089,28,den,,,
NL-UtHUA_A363597_2090,28,"<pb n=""51b"" source=""NL-UtHUA_A363597_000051.jpg"" />","<pb n=""51b"" source=""NL-UtHUA_A363597_000051.jpg"" />","<pb n=""51b"" source=""NL-UtHUA_A363597_000051.jpg"" />","<pb n=""51b"" bron=""NL-UtHUA_A363597_000051.jpg"" />"
NL-UtHUA_A363597_2091,28,"den ſind; ſo fuͤrchten wir, daß nicht nur wir,","den sind, so fürchten wir, dass nicht nur wir,","We fear that not only we,","Ons vrees dat nie net ons,"
NL-UtHUA_A363597_2092,28,"ſondern auch unſere armen Hottentotten, die","sondern auch unsere armen Hottentotten, die","but also our poor Hottentots, who","maar ook ons arme Hottentotte, wat"
NL-UtHUA_A363597_2093,28,"ohnehin in der bitterſten Duͤrftigkeit leben,","ohnehin in der bittersten Dürftigkeit leben,","already living in the most dire poverty,","leef reeds in die ergste armoede,"
NL-UtHUA_A363597_2094,28,mit Abgaben werden belegt werden.,mit Abgaben belegt werden.,be subject to taxes.,onderhewig wees aan belasting.
NL-UtHUA_A363597_2095,28,Am 24t bekamen wir von einem Regierungs⸗,"Am 24. bekamen wir von einem Regierungsboten,","On the 24th, we received a message from a government messenger,","Op die 24ste het ons 'n boodskap van 'n regeringsboodskapper ontvang,"
NL-UtHUA_A363597_2096,28,"boten, der hier durch nach dem Cap ging, die er⸗","der hier durch nach dem Kap ging, die erfreuliche","who passed through here towards the cape, the pleasant","wat hier deurgegaan het na die kaap, die aangename"
NL-UtHUA_A363597_2097,28,"freuliche Nachricht, daß die zwiſchen","Nachricht, dass die zwischen",News that the between,Nuus dat die tussen
NL-UtHUA_A363597_2098,28,den Bauern u. den Kaffern entſtandenen,den Bauern und den Xhosa entstandenen,the farmers and the Xhosa,die boere en die Xhosa
NL-UtHUA_A363597_2099,28,Streitigkeiten guͤtlich beygelegt worden ſind.,Streitigkeiten gütlich beigelegt worden sind.,Disputes have been settled amicably.,Geskille is vriendskaplik besleg.
NL-UtHUA_A363597_2100,28,"Bald darauf hoͤrten wir, daß ein Commando","Bald darauf hörten wir, dass ein Kommando","Soon after, we heard that a commando",Kort daarna het ons gehoor dat 'n kommando
NL-UtHUA_A363597_2101,28,"Hottentotten, welches neulich ſich durch einige von","Hottentotten, welches neulich sich durch einige von","Hottentots, which recently emerged through some of","Hottentotte, wat onlangs deur sommige van die"
NL-UtHUA_A363597_2102,28,"den hieſigen befunden, in einiger Entfernung von","den hiesigen befunden, in einiger Entfernung von","found here, at some distance from","hier gevind, op 'n afstand van"
NL-UtHUA_A363597_2103,28,hier bey uns vorbey nach dem Unterland abge⸗,hier bei uns vorbei nach dem Unterland abgegangen,We passed by here and turned off towards the lower part of the country.,Ons het hier verbygegaan en na die onderste deel van die land afgedraai.
NL-UtHUA_A363597_2104,28,"gangen iſt, um als Fluͤchtlinge die dortige Graͤnze","ist, um als Flüchtlinge die dortige Grenze",is to cross the border there as refugees,is om die grens daar as vlugtelinge oor te steek
NL-UtHUA_A363597_2105,28,zu bewachen.,zu bewachen.,to guard.,om te bewaak.
NL-UtHUA_A363597_2106,28,Am 27t erhielten wir einen Brief von dem Doctor,Am 27. erhielten wir einen Brief von dem Doktor,On the 27th we received a letter from the doctor.,Op die 27ste het ons 'n brief van die dokter ontvang.
NL-UtHUA_A363597_2107,28,"van der Kemp, welcher von der Regierung nach der","van der Kemp, welcher von der Regierung nach dem","van der Kemp, who was appointed by the government after the","van der Kemp, wat deur die regering aangestel is na die"
NL-UtHUA_A363597_2108,28,"Cap berufen worden iſt. Er verſpricht uns, ſobald er","Kap berufen worden ist. Er verspricht uns, sobald er",Cape has been appointed. He promises us as soon as he,Kaap is aangestel. Hy belowe ons sodra hy
NL-UtHUA_A363597_2109,28,"zuruͤck kommen werde, zu beſuchen, um uͤber dieſe","zurückkommen werde, zu besuchen, um über diese",I will come back to visit and talk about this,Ek sal terugkom om te kuier en hieroor te gesels
NL-UtHUA_A363597_2110,28,Sache dann mit uns zu ſprechen.,Sache dann mit uns zu sprechen.,Then talk to us about it.,Praat dan met ons daaroor.
NL-UtHUA_A363597_2111,28,In dieſem Monat wurden mehrere Kinder un⸗,In diesem Monat wurden mehrere Kinder unserer,Several of our children were born this month,Verskeie van ons kinders is hierdie maand gebore
NL-UtHUA_A363597_2112,28,ſerer Hottentotten⸗Geſchwiſter vom Heiland ſeelig,Hottentotten-Geschwister vom Heiland selig,Hottentot siblings of the blessed Savior,Hottentot-broers en -susters van die geseënde Verlosser
NL-UtHUA_A363597_2113,28,"<pb n=""52a"" source=""NL-UtHUA_A363597_000052.jpg"" />","<pb n=""52a"" source=""NL-UtHUA_A363597_000052.jpg"" />","<pb n=""52a"" source=""NL-UtHUA_A363597_000052.jpg"" />","<pb n=""52a"" bron=""NL-UtHUA_A363597_000052.jpg"" />"
NL-UtHUA_A363597_2114,28,vollendet. Unter denſelben befand ſich ein 10 jaͤh⸗,vollendet. Unter denselben befand sich ein 10 jähriger,completed. Among them was a 10-year-old.,voltooi. Onder hulle was 'n 10-jarige.
NL-UtHUA_A363597_2115,28,"riger Knabe, dem die Mutter, da er ſich unpaßlich","Knabe, dem die Mutter, da er sich unpässlich","Boy, whose mother, because he was unwell","Seun, wie se ma, omdat hy ongesteld was"
NL-UtHUA_A363597_2116,28,"befand, eine gereichte Purgel, als ein hier gewoͤhn⸗","befand, eine gereichte Purgiermittel, als ein hier gewöhnliches","found a purgative offered, as was common here","het 'n purgeermiddel aangebied, soos algemeen hier was"
NL-UtHUA_A363597_2117,28,"liches Brechmittel, eingegeben hatte. Vermuthlich","Brechmittel, eingegeben hatte. Vermutlich",He had administered an emetic. Presumably.,Hy het 'n braakmiddel toegedien. Vermoedelik.
NL-UtHUA_A363597_2118,28,"war die Portion zu ſtark geweſen, denn das Kind","war die Portion zu stark gewesen, denn das Kind","The portion had been too strong, because the child","Die porsie was te sterk, want die kind"
NL-UtHUA_A363597_2119,28,"wurde außerordentlich dadurch angegriffen, und",wurde außerordentlich dadurch angegriffen und,was exceptionally attacked by this and,is buitengewoon hierdeur aangeval en
NL-UtHUA_A363597_2120,28,verſchied einige Stunden darauf.,verschied einige Stunden darauf.,died a few hours later.,'n paar uur later oorlede.
NL-UtHUA_A363597_2121,28,Bericht von dem Heimgang u. dem Begraͤb⸗,Bericht von dem Heimgang und dem Begräbnis,Report of the passing and the funeral,Verslag van die afsterwe en die begrafnis
NL-UtHUA_A363597_2122,28,niß des ſeligen Bruders Roſe.,des seligen Bruders Rose.,of the blessed brother Rose.,van die geseënde broer Rose.
NL-UtHUA_A363597_2123,28,"Es war Sonabends den 12t Octbr zu Mittag, als","Es war Sonnabends, den 12. Oktober, zu Mittag, als","It was Saturday, October 12th, at noon, when","Dit was Saterdag, 12 Oktober, teen twaalfuur, toe"
NL-UtHUA_A363597_2124,28,"es unſerm lieben Herrn gefiel, ſeinen treuen Die⸗","es unserm lieben Herrn gefiel, seinen treuen Diener,","It pleased our dear Lord to appoint his faithful servant,","Dit het ons liewe Heer behaag om sy getroue dienaar aan te stel,"
NL-UtHUA_A363597_2125,28,"ner, unſern lieben Bruder Chriſtian Ludwig Roſe",unserm lieben Bruder Christian Ludwig Rose,our dear brother Christian Ludwig Rose,ons liewe broer Christian Ludwig Rose
NL-UtHUA_A363597_2126,28,nach einer ſchweren u. langwierigen Krankheit aus,nach einer schweren und langwierigen Krankheit aus,after a serious and protracted illness,na 'n ernstige en langdurige siekte
NL-UtHUA_A363597_2128,28,unſerer Mitte zu ſich heimzurufen.,unserer Mitte zu sich heimzurufen.,to call our center back to itself.,om ons sentrum terug na homself te roep.
NL-UtHUA_A363597_2129,28,Wir begleiteten ſeine heimfahrende Seele mit dem,Wir begleiteten seine heimfahrende Seele mit dem,We accompanied his soul on its journey home with the,Ons het sy siel op sy reis huis toe vergesel met die
NL-UtHUA_A363597_2130,28,"Geſang einiger Verſe, u. ertheilten ihm den Segen",Gesang einiger Verse und erteilten ihm den Segen,They sang some verses and gave him their blessing.,Hulle het 'n paar verse gesing en hom hulle seën gegee.
NL-UtHUA_A363597_2131,28,des Herrn unter dem nahen Erlebnis unſers Hei⸗,des Herrn unter dem nahen Erleben unseres Heilandes.,of the Lord under the near experience of our Savior.,van die Here onder die nabye ervaring van ons Verlosser.
NL-UtHUA_A363597_2132,28,landes. Hierauf dankten wir dem Heiland in einem,Hierauf dankten wir dem Heiland in einem,Then we thanked the Savior in a,Toe het ons die Verlosser in 'n
NL-UtHUA_A363597_2133,28,"Gebet mit den Seinen fuͤr alles, was Er durch die⸗","Gebet mit den Seinen für alles, was Er durch diesen",Pray with your loved ones for all that He has done through this,Bid saam met jou geliefdes vir alles wat Hy hierdeur gedoen het
NL-UtHUA_A363597_2134,28,"ſen ſeinen treuen Diener hier ausgerichtet habe, u.","seinen treuen Diener hier ausgerichtet habe, und","I have directed my faithful servant here, and","Ek het my getroue dienaar hierheen gelei, en"
NL-UtHUA_A363597_2135,28,riefen,riefen,called,geroep
NL-UtHUA_A363597_2136,28,"<pb n=""52b"" source=""NL-UtHUA_A363597_000052.jpg"" />","<pb n=""52b"" source=""NL-UtHUA_A363597_000052.jpg"" />","<pb n=""52b"" source=""NL-UtHUA_A363597_000052.jpg"" />","<pb n=""52b"" bron=""NL-UtHUA_A363597_000052.jpg"" />"
NL-UtHUA_A363597_2137,28,"riefen Ihn an, die hinterlaßene Wittwe zu troͤſten","Ihn an, die hinterlassene Witwe zu trösten",To comfort the widow left behind.,Om die agtergeblewe weduwee te troos.
NL-UtHUA_A363597_2138,28,u. die Stelle des ſeligen Bruders bald wieder zu,und die Stelle des seligen Bruders bald wieder zu,and the place of the blessed brother soon to be restored,en die plek van die geseënde broer wat binnekort herstel sal word
NL-UtHUA_A363597_2139,28,erſezen.,ersetzen.,substitute.,plaasvervanger.
NL-UtHUA_A363597_2140,28,Demnaͤchſt wir einen Boten mit dieſer ſchmerzli⸗,Demnächst wir einen Boten mit dieser schmerzlichen,We will soon receive a messenger with this painful news.,Ons sal binnekort 'n boodskapper met hierdie pynlike nuus ontvang.
NL-UtHUA_A363597_2141,28,chen Nachricht an Geſchwiſter Kohrhammers ab⸗,Nachricht an Geschwistern Kohrhammers abgefertigt,Message sent to Kohrhammer's siblings,Boodskap gestuur aan Kohrhammer se broers en susters
NL-UtHUA_A363597_2142,28,"gefertigt hatten, ſo wurde dieſer Vorgang der","hatten, so wurde dieser Vorgang der","had, so this process was the","gehad, so hierdie proses was die"
NL-UtHUA_A363597_2143,28,"Gemeine bekant gemacht, u. die verſammelten Hot⸗","Gemeinde bekannt gemacht, und die versammelten Hottentotten","The community was informed, and the assembled Hottentots","Die gemeenskap is ingelig, en die versamelde Hottentotte"
NL-UtHUA_A363597_2144,28,"tentotten wurden aufgefordert, ſich bey der Ge⸗","wurden aufgefordert, sich bei der Gelegenheit",were asked to take the opportunity to,is gevra om die geleentheid te benut om
NL-UtHUA_A363597_2145,28,"legenheit dem Heiland aufs neue hinzugeben, damit","dem Heiland aufs Neue hinzugeben, damit","to give anew to the Savior, so that","om opnuut aan die Verlosser te gee, sodat"
NL-UtHUA_A363597_2146,28,"ihre Lehrer, die ihnen den Weg zur Seligkeit ge⸗","ihre Lehrer, die ihnen den Weg zur Seligkeit gekündigten,","their teachers, who denied them the path to salvation,","hul onderwysers, wat hulle die pad na verlossing ontsê het,"
NL-UtHUA_A363597_2147,28,"kuͤndigten, ſie dereinſt beym Heiland alle wieder",sie dereinst beim Heiland alle wieder,They will all be with the Savior again one day,Hulle sal almal eendag weer by die Verlosser wees
NL-UtHUA_A363597_2148,28,finden moͤgten. Es waltete in dieſer Verſammlung,finden mögen. Es waltete in dieser Versammlung,They might find it. It prevailed in this assembly.,Hulle mag dit vind. Dit het in hierdie vergadering geseëvier.
NL-UtHUA_A363597_2149,28,"ein maͤchtiges Gnadengefuͤhl, u. es wurden viele","ein mächtiges Gnadengefühl, und es wurden viele","a powerful feeling of grace, and many were","'n kragtige gevoel van genade, en baie was"
NL-UtHUA_A363597_2150,28,Liebes und Dankthraͤnen vergoſſen. Tags darauf,Liebes- und Dankestränen vergossen. Tags darauf,Tears of love and gratitude were shed. The next day,Trane van liefde en dankbaarheid is gestort. Die volgende dag
NL-UtHUA_A363597_2151,28,"wurde die Leiche angezogen, u. Abends hielten wir","wurde die Leiche angezogen, und abends hielten wir","The body was dressed, and in the evening we held","Die liggaam was aangetrek, en in die aand het ons gehou"
NL-UtHUA_A363597_2152,28,Europaͤiſche Geſchwiſter unter einem Herzſchmel⸗,Europäische Geschwister unter einem Herzschmelzzenden,European siblings under one heart-melting umbrella,Europese broers en susters onder een hartsmeltende sambreel
NL-UtHUA_A363597_2153,29,zenden Gefuͤhl der Naͤhe Jeſu eine Liturgie bey der⸗,Gefühl der Nähe Jesu eine Liturgie bei derselben.,"A feeling of closeness to Jesus, a liturgy at the same.","'n Gevoel van nabyheid aan Jesus, terselfdertyd 'n liturgie."
NL-UtHUA_A363597_2154,29,"ſelben. Viele von den Hottentotten, welche drauſ⸗","Viele von den Hottentotten, welche draussen",Many of the Hottentots who were outside,Baie van die Hottentotte wat buite was
NL-UtHUA_A363597_2155,29,"ſen ſtanden, u. zuhoͤrten, ſagten, es waͤre ihnen da⸗","standen und zuhörten, sagten, es wäre ihnen dabei","They stood and listened, saying that they would have liked to help.",Hulle het gestaan en geluister en gesê dat hulle graag wou help.
NL-UtHUA_A363597_2156,29,"bey zu Muthe geweſen, als wenn ſie im Himmel waͤ⸗","zumute gewesen, als wenn sie im Himmel wären.",They felt as if they were in heaven.,Hulle het gevoel asof hulle in die hemel was.
NL-UtHUA_A363597_2157,29,"ren. Dann wurde die Thuͤre aufgemacht, u. eine Ge⸗","Dann wurde die Türe aufgemacht, und eine Gesellschaft","Then the door was opened, and a group of people entered.","Toe is die deur oopgemaak, en 'n groep mense het binnegekom."
NL-UtHUA_A363597_2158,29,ſellſchaft von Hottentotten nach der andern herein ge⸗,"von Hottentotten nach der anderen herein gelassen,","Hottentots were let in one after the other,","Hottentotte is een na die ander ingelaat,"
NL-UtHUA_A363597_2159,29,"laſſen,",,,
NL-UtHUA_A363597_2160,29,"<pb n=""53a"" source=""NL-UtHUA_A363597_000053.jpg"" />","<pb n=""53a"" source=""NL-UtHUA_A363597_000053.jpg"" />","<pb n=""53a"" source=""NL-UtHUA_A363597_000053.jpg"" />","<pb n=""53a"" source=""NL-UtHUA_A363597_000053.jpg"" />"
NL-UtHUA_A363597_2161,29,"laſſen, um die Leiche zu beſehen, wobey herzbre⸗","lassen, um die Leiche zu besehen, wobei herzbrechende","to inspect the body, with heartbreaking","om die liggaam te inspekteer, met hartverskeurende"
NL-UtHUA_A363597_2162,29,chende Scenen vorgingen. Waͤhrend dieſer Zeit,Szenen vorgingen. Während dieser Zeit,Scenes unfolded. During this time,Tonele het ontvou. Gedurende hierdie tyd
NL-UtHUA_A363597_2163,29,ſtimmten die Hottentotten aus eigenem Antriebe,stimmten die Hottentotten aus eigenem Antrieb,The Hottentots voted of their own accord,Die Hottentotte het uit eie beweging gestem
NL-UtHUA_A363597_2164,29,"mehrere Verſe an, wobey dann nicht bloß die in","mehrere Verse an, wobei dann nicht nur die in","several verses, including not only those in","verskeie verse, insluitend nie net dié in"
NL-UtHUA_A363597_2165,29,"der Stube befindlichen, ſondern auch die draußen","der Stube befindlichen, sondern auch die draußen","not only those located in the room, but also those outside","nie net dié in die kamer nie, maar ook dié buite"
NL-UtHUA_A363597_2166,29,"ſtehenden, mitſangen: der Wohlgeruch, welcher","stehenden mitsangen. Der Wohlgeruch, der hierbei",standing and singing along. The pleasant fragrance that accompanied this,staan en saamsing. Die aangename geur wat hiermee gepaard gegaan het
NL-UtHUA_A363597_2167,29,"hier dieſes thaten, u. die Stille, mit welcher ſie da⸗","entstand, und die Stille, mit welcher sie damals","arose, and the silence with which it then","het ontstaan, en die stilte waarmee dit toe"
NL-UtHUA_A363597_2168,29,mals nach Hauſe gingen machte aufs Herz aller einen,"nach Hause gingen, machte auf das Herz aller einen",Going home made everyone's heart ache,Om huis toe te gaan het almal se harte laat pyn
NL-UtHUA_A363597_2169,29,tiefen Eindruck. Die meiſten kamen auch bey,tiefen Eindruck. Die meisten kamen auch bei,deep impression. Most also came at,diep indruk. Meeste het ook gekom by
NL-UtHUA_A363597_2170,29,Tage wieder um die enthuͤllte Huͤlle ihres verewig⸗,"Tag wieder, um die enthüllte Hülle ihres verewigten","Day again, to unveil the shell of their immortalized","Dag weer, om die dop van hul onsterflike te onthul"
NL-UtHUA_A363597_2171,29,"ten Lehrers noch einmal zu ſehen, u. es kamen","Lehrers noch einmal zu sehen, und es kamen","to see the teacher again, and they came","om die onderwyser weer te sien, en hulle het gekom"
NL-UtHUA_A363597_2172,29,dabey manche liebliche Aeußerungen vor. Mich hat,dabei manche liebliche Äußerungen vor. Mich hat,He made some lovely remarks. I was...,Hy het 'n paar pragtige opmerkings gemaak. Ek was...
NL-UtHUA_A363597_2173,29,"es erlangt, ſagten einige, moͤgte ich doch die Gna⸗","es ergriffen, sagten einige, möge ich doch die Gnade","""I seized it,"" some said, ""may I have the grace.""","“Ek het dit aangegryp,” het sommige gesê, “mag ek die genade hê.”"
NL-UtHUA_A363597_2174,29,"de nicht verſcherzen, die er bey der Gelegenheit zu","nicht verscherzen, die er bei der Gelegenheit zu",not to jeopardize the opportunity he might have with him,"om nie die geleentheid wat hy dalk saam met hom het, in gevaar te stel nie"
NL-UtHUA_A363597_2175,29,mir geſagt hat; andere ſagten: mich hat er oͤfters,mir gesagt hat; andere sagten: Mich hat er öfters,told me; others said: He told me often,het my vertel; ander het gesê: Hy het my dikwels vertel
NL-UtHUA_A363597_2176,29,"gefragt, ob ich mich denn nicht auch dem Heiland","gefragt, ob ich mich denn nicht auch dem Heiland",asked if I shouldn't also turn to the Savior,gevra of ek my nie ook tot die Verlosser moet wend nie
NL-UtHUA_A363597_2177,29,ergeben wolle; u. ich habe ihm die Freude nicht,ergeben wolle; und ich habe ihm die Freude nicht,wanted to surrender; and I did not give him the pleasure.,wou oorgee; en ek het hom nie die plesier gegee nie.
NL-UtHUA_A363597_2178,29,gemacht. Noch andere ſagten: jezt iſt er beim Hei⸗,gemacht. Noch andere sagten: Jetzt ist er beim Heiland,done. Others said: Now he is with the Savior.,klaar. Ander het gesê: Nou is hy by die Verlosser.
NL-UtHUA_A363597_2179,29,"land u. ſingt Dank, daß der Liebe zu uns Armen er","und singt Dank, dass er uns Armen die Liebe",and sings thanks that he shows us poor people love,en sing dank dat hy aan ons arm mense liefde toon
NL-UtHUA_A363597_2180,29,uns ſo oft verkuͤndigt hat.,so oft verkündigt hat.,has announced so often.,so dikwels aangekondig het.
NL-UtHUA_A363597_2181,29,Am 16ten als an dem zum Begraͤbniß beſtimmten,"Am 16., als an dem zum Begräbnis bestimmten","On the 16th, the day designated for burial","Op die 16de, die dag wat vir die begrafnis bestem is"
NL-UtHUA_A363597_2182,29,Tage fanden ſich viele unſerer Chriſtlichen Nachbarn bei,"Tag, fanden sich viele unserer christlichen Nachbarn bei","That day, many of our Christian neighbors gathered at",Daardie dag het baie van ons Christenbure bymekaargekom by
NL-UtHUA_A363597_2183,29,uns,uns,us,ons
NL-UtHUA_A363597_2184,29,"<pb n=""53b"" source=""NL-UtHUA_A363597_000053.jpg"" />","<pb n=""53b"" source=""NL-UtHUA_A363597_000053.jpg"" />","<pb n=""53b"" source=""NL-UtHUA_A363597_000053.jpg"" />","<pb n=""53b"" bron=""NL-UtHUA_A363597_000053.jpg"" />"
NL-UtHUA_A363597_2185,29,"uns ein, theils aus Freundſchaft, theils aus Neu⸗","uns ein, teils aus Freundschaft, teils aus Neugierde,","us, partly out of friendship, partly out of curiosity,","ons, deels uit vriendskap, deels uit nuuskierigheid,"
NL-UtHUA_A363597_2186,29,"gierde, um zu ſehen, wie die Bruͤder ihre Leichen","um zu sehen, wie die Brüder ihre Leichen",to see how the brothers disposed of their bodies,om te sien hoe die broers van hul liggame ontslae geraak het
NL-UtHUA_A363597_2187,29,begraben. Wir trugen die Leiche bis eine Stunde,begraben. Wir trugen die Leiche bis eine Stunde,buried. We carried the body for an hour.,begrawe. Ons het die liggaam vir 'n uur gedra.
NL-UtHUA_A363597_2188,29,vor dem Begraͤbniß in einer Stube unſeres Hauſes,vor dem Begräbnis in einer Stube unseres Hauses,before the funeral in a room of our house,voor die begrafnis in 'n kamer van ons huis
NL-UtHUA_A363597_2189,29,"ſtehen, wo ſie dann von allen Fremden beſehen","stehen, wo sie dann von allen Fremden besehen",stand where they are then seen by all strangers,staan waar hulle dan deur alle vreemdelinge gesien word
NL-UtHUA_A363597_2190,29,"wurde, welche uͤber den netten Anzug derſelben","wurde, welche über den netten Anzug derselben","was, which was about the nice suit of the same","was, wat omtrent die mooi pak van dieselfde was"
NL-UtHUA_A363597_2191,29,ihre Freude bezeugten. Hierauf wurde ſie,ihre Freude bezeugten. Hierauf wurde sie,who expressed their joy. Thereupon she was,wat hul vreugde uitgespreek het. Daarop was sy
NL-UtHUA_A363597_2192,29,"in die Kirche getragen, u. in dem mittleren Gang",in die Kirche getragen und in dem mittleren Gang,carried into the church and in the middle aisle,in die kerk en in die middelste sypaadjie gedra
NL-UtHUA_A363597_2193,29,derſelben niedergeſezt. Nach einem kurzen An⸗,derselben niedergesetzt. Nach einer kurzen Anrede,the same. After a brief address,dieselfde. Na 'n kort toespraak
NL-UtHUA_A363597_2194,29,"rede wurde den Anweſenden erzaͤhlt, wie der","wurde den Anwesenden erzählt, wie der",Those present were told how the,Aan die aanwesiges is vertel hoe die
NL-UtHUA_A363597_2196,29,Heiland das Herz des ſeligen Bruders zu ſich ge⸗,"Heiland das Herz des seligen Bruders zu sich gezogen,","Savior drew the heart of the blessed brother to himself,","Verlosser het die hart van die geseënde broer na Homself getrek,"
NL-UtHUA_A363597_2197,29,"zogen, wie derſelbe ſich Ihm ergeben, u. wozu",wie derselbe sich Ihm ergeben und wozu,how he surrendered to Him and for what purpose,hoe hy hom aan Hom oorgegee het en vir watter doel
NL-UtHUA_A363597_2198,29,ihn denn unſer lieber Herr in Seinem Weinberg,ihn denn unser lieber Herr in Seinem Weinberg,"Him then, our dear Lord, in His vineyard","Hom dan, ons liewe Heer, in Sy wingerd"
NL-UtHUA_A363597_2199,29,gebraucht habe. Dieß wurde mit großer Stil⸗,gebraucht habe. Dies wurde mit großer Stille,I needed. This was met with great silence.,Ek het dit nodig gehad. Dit is met groot stilte begroet.
NL-UtHUA_A363597_2200,29,le u. Aufmerkſamkeit angehoͤrt. Sodann wurde,und Aufmerksamkeit angehört. Sodann wurde,and listened attentively. Then it was,en het aandagtig geluister. Toe was dit
NL-UtHUA_A363597_2201,29,die Leiche von 10 getauften Hottentotten vor dem,die Leiche von 10 getauften Hottentotten vor dem,the body of 10 baptized Hottentots in front of the,die liggaam van 10 gedoopte Hottentotte voor die
NL-UtHUA_A363597_2202,29,"Saale niedergeſezt, u. als jedermann ſich in Ordnung","Saal niedergesetzt, und als jedermann sich in Ordnung","The hall was seated, and when everyone was in order","Die saal was vol sitplekke, en toe almal in orde was"
NL-UtHUA_A363597_2203,29,"geſtellt hatte, ging der Zug in aller Stille u. unter","gestellt hatte, ging der Zug in aller Stille und unter","After the train had been positioned, it departed in complete silence and under cover of darkness.","Nadat die trein geposisioneer was, het dit in algehele stilte en onder die dekmantel van donkerte vertrek."
NL-UtHUA_A363597_2204,29,dem Geſang von einigen Verſen nach dem Gottes⸗,"dem Gesang von einigen Versen nach dem Gottesacker,","the singing of some verses to the cemetery,","die sing van 'n paar verse na die begraafplaas,"
NL-UtHUA_A363597_2205,29,"acker, wo die Leiche unter der bey uns gewoͤhnli⸗",wo die Leiche unter der bei uns gewöhnlichen,where the body is under the usual,waar die liggaam onder die gewone is
NL-UtHUA_A363597_2206,29,chen Liturgie eingeſenkt wurde.,Liturgie eingesengt wurde.,The liturgy was restricted.,Die liturgie was beperk.
NL-UtHUA_A363597_2207,29,Die anweſenden Chriſten konten ihre Verwunde⸗,Die anwesenden Christen konnten ihre Verwunderung,The Christians present could express their astonishment,"Die Christene wat teenwoordig was, kon hul verbasing uitspreek"
NL-UtHUA_A363597_2208,29,rung,,,
NL-UtHUA_A363597_2209,29,"<pb n=""54a"" source=""NL-UtHUA_A363597_000054.jpg"" />","<pb n=""54a"" source=""NL-UtHUA_A363597_000054.jpg"" />","<pb n=""54a"" source=""NL-UtHUA_A363597_000054.jpg"" />","<pb n=""54a"" bron=""NL-UtHUA_A363597_000054.jpg"" />"
NL-UtHUA_A363597_2210,29,"rung daruͤber nicht verbergen, daß die Leiche","rung darüber nicht verbergen, dass die Leiche",They cannot hide the fact that the body,Hulle kan nie die feit wegsteek dat die liggaam
NL-UtHUA_A363597_2211,29,von den Hottentotten mit ſo vieler Ehrerbietung,von den Hottentotten mit so vieler Ehrerbietung,by the Hottentots with so much reverence,deur die Hottentotte met soveel eerbied
NL-UtHUA_A363597_2212,29,"u. ſolchem Anſtand zur Erde beſtattet wuͤrde,","und solchem Anstand zur Erde bestattet würde,","and would be buried in such dignity,","en sou met soveel waardigheid begrawe word,"
NL-UtHUA_A363597_2213,29,wie ſie es ſelbſt unter Chriſten noch nicht geſe⸗,wie sie es selbst unter Christen noch nicht gesehen,"something they had never seen before, even among Christians.","iets wat hulle nog nooit tevore gesien het nie, selfs nie onder Christene nie."
NL-UtHUA_A363597_2214,29,"hen haͤtten, u. ſie ſchloßen daraus, daß die","hätten, und sie schlossen daraus, dass die","would have, and they concluded that the","sou hê, en hulle het tot die gevolgtrekking gekom dat die"
NL-UtHUA_A363597_2215,29,Hottentotten ihren Lehrer ſehr lieben muͤßten.,Hottentotten ihren Lehrer sehr lieben müssten.,Hottentots must have loved their teacher very much.,Hottentotte moes baie liefgehad het vir hul onderwyser.
NL-UtHUA_A363597_2216,29,"Auch wir freuten uns, daß nicht die geringſte","Auch wir freuten uns, dass nicht die geringste",We too were pleased that not the slightest,Ons was ook bly dat nie die geringste
NL-UtHUA_A363597_2217,29,"Unordnung vorkam, da doch unſere Leute noch","Unordnung vorkam, da doch unsere Leute noch","disorder occurred, since our people still","wanorde het plaasgevind, aangesien ons mense steeds"
NL-UtHUA_A363597_2218,29,kein ſolches Begraͤbniß mit angeſehen haben.,kein solches Begräbnis mit angesehen haben.,none of us witnessed such a funeral.,Niemand van ons het so 'n begrafnis aanskou nie.
NL-UtHUA_A363597_2219,29,"Sie ſagten uns aber auch, daß ſie den Heiland ge⸗","Sie sagten uns aber auch, dass sie den Heiland gebeten",But they also told us that they had asked the Savior.,Maar hulle het ons ook vertel dat hulle die Verlosser gevra het.
NL-UtHUA_A363597_2220,29,"beten haͤtten, Er moͤchte ihnen doch Helfen, damit ſie","hätten, er möchte ihnen doch helfen, damit sie","he would have, he wants to help them so that they","hy sou hê, hy wil hulle help sodat hulle"
NL-UtHUA_A363597_2221,29,ſich vor den anweſenden Chriſten nicht zu ſchaͤmen,sich vor den anwesenden Christen nicht zu schämen,not to be ashamed in front of the Christians present,om nie skaam te wees voor die teenwoordige Christene nie
NL-UtHUA_A363597_2222,29,"haͤtten. Auch aͤußerten ſie, die haͤtten nicht","hätten. Auch äußerten sie, sie hätten nicht",would have. They also stated that they had not,sou hê. Hulle het ook gesê dat hulle nie
NL-UtHUA_A363597_2223,29,"geglaubt, daß wir ſie wuͤrdigen wuͤrden, die","geglaubt, dass wir sie würdigen würden, die","believed that we would appreciate them, the","geglo dat ons hulle sou waardeer, die"
NL-UtHUA_A363597_2224,29,Leiche unſeres ſeligen Bruders zu Grabe zu tragen,Leiche unseres seligen Bruders zu Grabe zu tragen.,To carry the body of our blessed brother to his grave.,Om die liggaam van ons geseënde broer na sy graf te dra.
NL-UtHUA_A363597_2225,29,"<pb n=""55"" source=""NL-UtHUA_A363597_000055.jpg"" />","<pb n=""55"" source=""NL-UtHUA_A363597_000055.jpg"" />","<pb n=""55"" source=""NL-UtHUA_A363597_000055.jpg"" />","<pb n=""55"" source=""NL-UtHUA_A363597_000055.jpg"" />"
